"Year","Fleet","SLJFL5","Nr","FLName"
1985,1,90,1,"SPNLL"
1985,1,95,7,"SPNLL"
1985,1,100,10,"SPNLL"
1985,1,105,27,"SPNLL"
1985,1,110,30,"SPNLL"
1985,1,115,21,"SPNLL"
1985,1,120,37,"SPNLL"
1985,1,125,43,"SPNLL"
1985,1,130,53,"SPNLL"
1985,1,135,52,"SPNLL"
1985,1,140,90,"SPNLL"
1985,1,145,32,"SPNLL"
1985,1,150,63,"SPNLL"
1985,1,155,50,"SPNLL"
1985,1,160,53,"SPNLL"
1985,1,165,67,"SPNLL"
1985,1,170,48,"SPNLL"
1985,1,175,61,"SPNLL"
1985,1,180,43,"SPNLL"
1985,1,185,25,"SPNLL"
1985,1,190,16,"SPNLL"
1985,1,195,13,"SPNLL"
1985,1,200,10,"SPNLL"
1985,1,205,28,"SPNLL"
1985,1,210,2,"SPNLL"
1985,1,215,3,"SPNLL"
1985,1,220,1,"SPNLL"
1985,1,235,5,"SPNLL"
1986,1,85,1,"SPNLL"
1986,1,90,10,"SPNLL"
1986,1,95,2,"SPNLL"
1986,1,100,13,"SPNLL"
1986,1,105,2,"SPNLL"
1986,1,110,8,"SPNLL"
1986,1,115,15,"SPNLL"
1986,1,120,15,"SPNLL"
1986,1,125,16,"SPNLL"
1986,1,130,7,"SPNLL"
1986,1,135,7,"SPNLL"
1986,1,140,9,"SPNLL"
1986,1,145,11,"SPNLL"
1986,1,150,8,"SPNLL"
1986,1,155,7,"SPNLL"
1986,1,160,7,"SPNLL"
1986,1,165,8,"SPNLL"
1986,1,170,7,"SPNLL"
1986,1,175,4,"SPNLL"
1986,1,180,7,"SPNLL"
1986,1,185,8,"SPNLL"
1986,1,190,6,"SPNLL"
1986,1,195,2,"SPNLL"
1986,1,200,5,"SPNLL"
1986,1,205,1,"SPNLL"
1986,1,210,4,"SPNLL"
1988,1,60,1,"SPNLL"
1988,1,70,1,"SPNLL"
1988,1,80,22,"SPNLL"
1988,1,85,17,"SPNLL"
1988,1,90,9,"SPNLL"
1988,1,95,27,"SPNLL"
1988,1,100,13,"SPNLL"
1988,1,105,94,"SPNLL"
1988,1,110,27,"SPNLL"
1988,1,115,201,"SPNLL"
1988,1,120,5,"SPNLL"
1988,1,125,32,"SPNLL"
1988,1,130,216,"SPNLL"
1988,1,135,23,"SPNLL"
1988,1,140,117,"SPNLL"
1988,1,145,223,"SPNLL"
1988,1,150,13,"SPNLL"
1988,1,155,151,"SPNLL"
1988,1,160,243,"SPNLL"
1988,1,165,97,"SPNLL"
1988,1,170,2,"SPNLL"
1988,1,175,223,"SPNLL"
1988,1,180,62,"SPNLL"
1988,1,185,136,"SPNLL"
1988,1,190,74,"SPNLL"
1988,1,195,143,"SPNLL"
1988,1,200,76,"SPNLL"
1988,1,205,10,"SPNLL"
1988,1,210,30,"SPNLL"
1988,1,215,38,"SPNLL"
1988,1,220,1,"SPNLL"
1988,1,225,8,"SPNLL"
1988,1,230,9,"SPNLL"
1988,1,235,1,"SPNLL"
1988,1,240,3,"SPNLL"
1988,1,245,1,"SPNLL"
1988,1,255,1,"SPNLL"
1989,1,75,1,"SPNLL"
1989,1,85,141,"SPNLL"
1989,1,90,82,"SPNLL"
1989,1,95,88,"SPNLL"
1989,1,100,670,"SPNLL"
1989,1,105,400,"SPNLL"
1989,1,110,557,"SPNLL"
1989,1,115,905,"SPNLL"
1989,1,120,238,"SPNLL"
1989,1,125,319,"SPNLL"
1989,1,130,730,"SPNLL"
1989,1,135,688,"SPNLL"
1989,1,140,643,"SPNLL"
1989,1,145,624,"SPNLL"
1989,1,150,894,"SPNLL"
1989,1,155,456,"SPNLL"
1989,1,160,391,"SPNLL"
1989,1,165,427,"SPNLL"
1989,1,170,195,"SPNLL"
1989,1,175,1472,"SPNLL"
1989,1,180,302,"SPNLL"
1989,1,185,195,"SPNLL"
1989,1,190,130,"SPNLL"
1989,1,195,204,"SPNLL"
1989,1,200,89,"SPNLL"
1989,1,205,132,"SPNLL"
1989,1,210,45,"SPNLL"
1989,1,215,30,"SPNLL"
1989,1,220,11,"SPNLL"
1989,1,225,2,"SPNLL"
1989,1,230,6,"SPNLL"
1989,1,235,3,"SPNLL"
1989,1,240,1,"SPNLL"
1989,1,245,3,"SPNLL"
1989,1,255,1,"SPNLL"
1989,1,270,2,"SPNLL"
1990,1,60,1,"SPNLL"
1990,1,70,9,"SPNLL"
1990,1,75,23,"SPNLL"
1990,1,80,65,"SPNLL"
1990,1,85,51,"SPNLL"
1990,1,90,84,"SPNLL"
1990,1,95,59,"SPNLL"
1990,1,100,76,"SPNLL"
1990,1,105,305,"SPNLL"
1990,1,110,239,"SPNLL"
1990,1,115,468,"SPNLL"
1990,1,120,272,"SPNLL"
1990,1,125,243,"SPNLL"
1990,1,130,532,"SPNLL"
1990,1,135,428,"SPNLL"
1990,1,140,828,"SPNLL"
1990,1,145,1148,"SPNLL"
1990,1,150,822,"SPNLL"
1990,1,155,1184,"SPNLL"
1990,1,160,1166,"SPNLL"
1990,1,165,888,"SPNLL"
1990,1,170,738,"SPNLL"
1990,1,175,925,"SPNLL"
1990,1,180,616,"SPNLL"
1990,1,185,671,"SPNLL"
1990,1,190,429,"SPNLL"
1990,1,195,381,"SPNLL"
1990,1,200,304,"SPNLL"
1990,1,205,167,"SPNLL"
1990,1,210,160,"SPNLL"
1990,1,215,79,"SPNLL"
1990,1,220,41,"SPNLL"
1990,1,225,20,"SPNLL"
1990,1,230,10,"SPNLL"
1990,1,235,6,"SPNLL"
1990,1,240,7,"SPNLL"
1990,1,245,5,"SPNLL"
1990,1,250,1,"SPNLL"
1990,1,265,1,"SPNLL"
1990,1,270,3,"SPNLL"
1991,1,60,21,"SPNLL"
1991,1,65,23,"SPNLL"
1991,1,70,104,"SPNLL"
1991,1,75,110,"SPNLL"
1991,1,80,163,"SPNLL"
1991,1,85,489,"SPNLL"
1991,1,90,232,"SPNLL"
1991,1,95,182,"SPNLL"
1991,1,100,149,"SPNLL"
1991,1,105,1058,"SPNLL"
1991,1,110,871,"SPNLL"
1991,1,115,1857,"SPNLL"
1991,1,120,982,"SPNLL"
1991,1,125,896,"SPNLL"
1991,1,130,2826,"SPNLL"
1991,1,135,1840,"SPNLL"
1991,1,140,2965,"SPNLL"
1991,1,145,5125,"SPNLL"
1991,1,150,3167,"SPNLL"
1991,1,155,4908,"SPNLL"
1991,1,160,3952,"SPNLL"
1991,1,165,3358,"SPNLL"
1991,1,170,1735,"SPNLL"
1991,1,175,2857,"SPNLL"
1991,1,180,1885,"SPNLL"
1991,1,185,1854,"SPNLL"
1991,1,190,1312,"SPNLL"
1991,1,195,1540,"SPNLL"
1991,1,200,919,"SPNLL"
1991,1,205,406,"SPNLL"
1991,1,210,564,"SPNLL"
1991,1,215,360,"SPNLL"
1991,1,220,155,"SPNLL"
1991,1,225,172,"SPNLL"
1991,1,230,94,"SPNLL"
1991,1,235,60,"SPNLL"
1991,1,240,55,"SPNLL"
1991,1,245,35,"SPNLL"
1991,1,250,19,"SPNLL"
1991,1,255,3,"SPNLL"
1991,1,260,10,"SPNLL"
1991,1,265,5,"SPNLL"
1991,1,270,8,"SPNLL"
1991,1,275,4,"SPNLL"
1991,1,280,5,"SPNLL"
1991,1,285,3,"SPNLL"
1991,1,290,1,"SPNLL"
1991,1,295,1,"SPNLL"
1991,1,300,2,"SPNLL"
1991,1,310,1,"SPNLL"
1991,1,315,1,"SPNLL"
1992,1,60,24,"SPNLL"
1992,1,65,36,"SPNLL"
1992,1,70,110,"SPNLL"
1992,1,75,155,"SPNLL"
1992,1,80,580,"SPNLL"
1992,1,85,373,"SPNLL"
1992,1,90,249,"SPNLL"
1992,1,95,573,"SPNLL"
1992,1,100,261,"SPNLL"
1992,1,105,566,"SPNLL"
1992,1,110,609,"SPNLL"
1992,1,115,1511,"SPNLL"
1992,1,120,1622,"SPNLL"
1992,1,125,1454,"SPNLL"
1992,1,130,2818,"SPNLL"
1992,1,135,2451,"SPNLL"
1992,1,140,3817,"SPNLL"
1992,1,145,4291,"SPNLL"
1992,1,150,4033,"SPNLL"
1992,1,155,5109,"SPNLL"
1992,1,160,4688,"SPNLL"
1992,1,165,3962,"SPNLL"
1992,1,170,2528,"SPNLL"
1992,1,175,3087,"SPNLL"
1992,1,180,2225,"SPNLL"
1992,1,185,1989,"SPNLL"
1992,1,190,1642,"SPNLL"
1992,1,195,1653,"SPNLL"
1992,1,200,1076,"SPNLL"
1992,1,205,944,"SPNLL"
1992,1,210,757,"SPNLL"
1992,1,215,477,"SPNLL"
1992,1,220,356,"SPNLL"
1992,1,225,289,"SPNLL"
1992,1,230,149,"SPNLL"
1992,1,235,118,"SPNLL"
1992,1,240,69,"SPNLL"
1992,1,245,49,"SPNLL"
1992,1,250,31,"SPNLL"
1992,1,255,9,"SPNLL"
1992,1,260,18,"SPNLL"
1992,1,265,5,"SPNLL"
1992,1,270,6,"SPNLL"
1992,1,275,1,"SPNLL"
1992,1,280,1,"SPNLL"
1992,1,285,1,"SPNLL"
1992,1,300,1,"SPNLL"
1992,1,305,1,"SPNLL"
1992,1,310,1,"SPNLL"
1993,1,70,19,"SPNLL"
1993,1,75,73,"SPNLL"
1993,1,80,866,"SPNLL"
1993,1,85,1455,"SPNLL"
1993,1,90,622,"SPNLL"
1993,1,95,1622,"SPNLL"
1993,1,100,655,"SPNLL"
1993,1,105,1663,"SPNLL"
1993,1,110,1311,"SPNLL"
1993,1,115,2042,"SPNLL"
1993,1,120,2226,"SPNLL"
1993,1,125,1664,"SPNLL"
1993,1,130,2410,"SPNLL"
1993,1,135,2553,"SPNLL"
1993,1,140,3563,"SPNLL"
1993,1,145,4263,"SPNLL"
1993,1,150,4364,"SPNLL"
1993,1,155,5607,"SPNLL"
1993,1,160,5157,"SPNLL"
1993,1,165,4655,"SPNLL"
1993,1,170,3395,"SPNLL"
1993,1,175,4086,"SPNLL"
1993,1,180,3311,"SPNLL"
1993,1,185,2625,"SPNLL"
1993,1,190,1931,"SPNLL"
1993,1,195,1938,"SPNLL"
1993,1,200,1498,"SPNLL"
1993,1,205,905,"SPNLL"
1993,1,210,964,"SPNLL"
1993,1,215,582,"SPNLL"
1993,1,220,392,"SPNLL"
1993,1,225,249,"SPNLL"
1993,1,230,202,"SPNLL"
1993,1,235,83,"SPNLL"
1993,1,240,67,"SPNLL"
1993,1,245,47,"SPNLL"
1993,1,250,33,"SPNLL"
1993,1,255,24,"SPNLL"
1993,1,260,13,"SPNLL"
1993,1,265,15,"SPNLL"
1993,1,270,4,"SPNLL"
1993,1,275,7,"SPNLL"
1993,1,280,2,"SPNLL"
1993,1,285,4,"SPNLL"
1993,1,290,4,"SPNLL"
1993,1,295,2,"SPNLL"
1993,1,340,2,"SPNLL"
1993,1,345,2,"SPNLL"
1994,1,50,1,"SPNLL"
1994,1,60,5,"SPNLL"
1994,1,70,25,"SPNLL"
1994,1,75,63,"SPNLL"
1994,1,80,713,"SPNLL"
1994,1,85,1517,"SPNLL"
1994,1,90,1072,"SPNLL"
1994,1,95,1307,"SPNLL"
1994,1,100,680,"SPNLL"
1994,1,105,1908,"SPNLL"
1994,1,110,933,"SPNLL"
1994,1,115,3035,"SPNLL"
1994,1,120,2557,"SPNLL"
1994,1,125,2296,"SPNLL"
1994,1,130,5258,"SPNLL"
1994,1,135,3333,"SPNLL"
1994,1,140,5700,"SPNLL"
1994,1,145,6252,"SPNLL"
1994,1,150,4177,"SPNLL"
1994,1,155,5884,"SPNLL"
1994,1,160,6570,"SPNLL"
1994,1,165,5625,"SPNLL"
1994,1,170,2993,"SPNLL"
1994,1,175,5420,"SPNLL"
1994,1,180,4031,"SPNLL"
1994,1,185,3534,"SPNLL"
1994,1,190,2656,"SPNLL"
1994,1,195,2692,"SPNLL"
1994,1,200,1782,"SPNLL"
1994,1,205,923,"SPNLL"
1994,1,210,1160,"SPNLL"
1994,1,215,804,"SPNLL"
1994,1,220,507,"SPNLL"
1994,1,225,346,"SPNLL"
1994,1,230,270,"SPNLL"
1994,1,235,120,"SPNLL"
1994,1,240,116,"SPNLL"
1994,1,245,52,"SPNLL"
1994,1,250,37,"SPNLL"
1994,1,255,25,"SPNLL"
1994,1,260,20,"SPNLL"
1994,1,265,9,"SPNLL"
1994,1,270,14,"SPNLL"
1994,1,275,6,"SPNLL"
1994,1,280,4,"SPNLL"
1994,1,290,4,"SPNLL"
1994,1,295,3,"SPNLL"
1994,1,320,1,"SPNLL"
1994,1,340,1,"SPNLL"
1994,1,345,1,"SPNLL"
1995,1,60,8,"SPNLL"
1995,1,70,31,"SPNLL"
1995,1,75,93,"SPNLL"
1995,1,80,673,"SPNLL"
1995,1,85,906,"SPNLL"
1995,1,90,845,"SPNLL"
1995,1,95,2033,"SPNLL"
1995,1,100,1105,"SPNLL"
1995,1,105,2253,"SPNLL"
1995,1,110,1123,"SPNLL"
1995,1,115,2771,"SPNLL"
1995,1,120,3430,"SPNLL"
1995,1,125,2921,"SPNLL"
1995,1,130,5115,"SPNLL"
1995,1,135,4396,"SPNLL"
1995,1,140,8086,"SPNLL"
1995,1,145,8094,"SPNLL"
1995,1,150,6652,"SPNLL"
1995,1,155,7948,"SPNLL"
1995,1,160,7954,"SPNLL"
1995,1,165,7235,"SPNLL"
1995,1,170,5093,"SPNLL"
1995,1,175,5717,"SPNLL"
1995,1,180,5217,"SPNLL"
1995,1,185,3500,"SPNLL"
1995,1,190,3279,"SPNLL"
1995,1,195,2792,"SPNLL"
1995,1,200,1981,"SPNLL"
1995,1,205,1187,"SPNLL"
1995,1,210,1317,"SPNLL"
1995,1,215,909,"SPNLL"
1995,1,220,677,"SPNLL"
1995,1,225,413,"SPNLL"
1995,1,230,348,"SPNLL"
1995,1,235,166,"SPNLL"
1995,1,240,126,"SPNLL"
1995,1,245,79,"SPNLL"
1995,1,250,66,"SPNLL"
1995,1,255,28,"SPNLL"
1995,1,260,31,"SPNLL"
1995,1,265,9,"SPNLL"
1995,1,270,12,"SPNLL"
1995,1,275,5,"SPNLL"
1995,1,280,6,"SPNLL"
1995,1,285,8,"SPNLL"
1995,1,295,1,"SPNLL"
1995,1,300,1,"SPNLL"
1995,1,305,1,"SPNLL"
1995,1,325,1,"SPNLL"
1995,1,345,2,"SPNLL"
1995,1,350,1,"SPNLL"
1996,1,60,4,"SPNLL"
1996,1,65,5,"SPNLL"
1996,1,70,34,"SPNLL"
1996,1,75,87,"SPNLL"
1996,1,80,429,"SPNLL"
1996,1,85,1276,"SPNLL"
1996,1,90,1049,"SPNLL"
1996,1,95,3702,"SPNLL"
1996,1,100,1106,"SPNLL"
1996,1,105,600,"SPNLL"
1996,1,110,1056,"SPNLL"
1996,1,115,1959,"SPNLL"
1996,1,120,3769,"SPNLL"
1996,1,125,3308,"SPNLL"
1996,1,130,6360,"SPNLL"
1996,1,135,4045,"SPNLL"
1996,1,140,8498,"SPNLL"
1996,1,145,6752,"SPNLL"
1996,1,150,6447,"SPNLL"
1996,1,155,6867,"SPNLL"
1996,1,160,7829,"SPNLL"
1996,1,165,6517,"SPNLL"
1996,1,170,5671,"SPNLL"
1996,1,175,4881,"SPNLL"
1996,1,180,5607,"SPNLL"
1996,1,185,3250,"SPNLL"
1996,1,190,3567,"SPNLL"
1996,1,195,2504,"SPNLL"
1996,1,200,2181,"SPNLL"
1996,1,205,1108,"SPNLL"
1996,1,210,1252,"SPNLL"
1996,1,215,811,"SPNLL"
1996,1,220,797,"SPNLL"
1996,1,225,424,"SPNLL"
1996,1,230,390,"SPNLL"
1996,1,235,161,"SPNLL"
1996,1,240,160,"SPNLL"
1996,1,245,85,"SPNLL"
1996,1,250,88,"SPNLL"
1996,1,255,28,"SPNLL"
1996,1,260,40,"SPNLL"
1996,1,265,17,"SPNLL"
1996,1,270,24,"SPNLL"
1996,1,275,9,"SPNLL"
1996,1,280,9,"SPNLL"
1996,1,285,4,"SPNLL"
1996,1,290,6,"SPNLL"
1996,1,295,4,"SPNLL"
1996,1,300,2,"SPNLL"
1996,1,305,1,"SPNLL"
1996,1,320,4,"SPNLL"
1996,1,325,1,"SPNLL"
1996,1,335,2,"SPNLL"
1996,1,340,2,"SPNLL"
1996,1,345,1,"SPNLL"
1997,1,70,45,"SPNLL"
1997,1,75,89,"SPNLL"
1997,1,80,310,"SPNLL"
1997,1,85,315,"SPNLL"
1997,1,90,311,"SPNLL"
1997,1,95,4489,"SPNLL"
1997,1,100,1274,"SPNLL"
1997,1,105,1626,"SPNLL"
1997,1,110,1255,"SPNLL"
1997,1,115,3355,"SPNLL"
1997,1,120,4359,"SPNLL"
1997,1,125,3691,"SPNLL"
1997,1,130,6030,"SPNLL"
1997,1,135,3991,"SPNLL"
1997,1,140,7094,"SPNLL"
1997,1,145,6276,"SPNLL"
1997,1,150,5807,"SPNLL"
1997,1,155,6367,"SPNLL"
1997,1,160,6397,"SPNLL"
1997,1,165,5687,"SPNLL"
1997,1,170,4414,"SPNLL"
1997,1,175,4644,"SPNLL"
1997,1,180,4590,"SPNLL"
1997,1,185,3264,"SPNLL"
1997,1,190,3084,"SPNLL"
1997,1,195,2586,"SPNLL"
1997,1,200,1966,"SPNLL"
1997,1,205,1081,"SPNLL"
1997,1,210,1311,"SPNLL"
1997,1,215,814,"SPNLL"
1997,1,220,692,"SPNLL"
1997,1,225,432,"SPNLL"
1997,1,230,396,"SPNLL"
1997,1,235,183,"SPNLL"
1997,1,240,186,"SPNLL"
1997,1,245,97,"SPNLL"
1997,1,250,85,"SPNLL"
1997,1,255,48,"SPNLL"
1997,1,260,38,"SPNLL"
1997,1,265,23,"SPNLL"
1997,1,270,21,"SPNLL"
1997,1,275,10,"SPNLL"
1997,1,280,10,"SPNLL"
1997,1,285,8,"SPNLL"
1997,1,290,2,"SPNLL"
1997,1,295,2,"SPNLL"
1997,1,305,2,"SPNLL"
1997,1,330,1,"SPNLL"
1997,1,335,1,"SPNLL"
1997,1,345,1,"SPNLL"
1998,1,55,8,"SPNLL"
1998,1,60,17,"SPNLL"
1998,1,65,36,"SPNLL"
1998,1,70,69,"SPNLL"
1998,1,75,75,"SPNLL"
1998,1,80,167,"SPNLL"
1998,1,85,232,"SPNLL"
1998,1,90,152,"SPNLL"
1998,1,95,2196,"SPNLL"
1998,1,100,513,"SPNLL"
1998,1,105,588,"SPNLL"
1998,1,110,610,"SPNLL"
1998,1,115,1751,"SPNLL"
1998,1,120,3108,"SPNLL"
1998,1,125,2686,"SPNLL"
1998,1,130,3890,"SPNLL"
1998,1,135,3242,"SPNLL"
1998,1,140,4599,"SPNLL"
1998,1,145,4097,"SPNLL"
1998,1,150,4329,"SPNLL"
1998,1,155,4251,"SPNLL"
1998,1,160,4060,"SPNLL"
1998,1,165,3401,"SPNLL"
1998,1,170,2522,"SPNLL"
1998,1,175,2464,"SPNLL"
1998,1,180,2242,"SPNLL"
1998,1,185,1497,"SPNLL"
1998,1,190,1456,"SPNLL"
1998,1,195,1056,"SPNLL"
1998,1,200,868,"SPNLL"
1998,1,205,598,"SPNLL"
1998,1,210,556,"SPNLL"
1998,1,215,369,"SPNLL"
1998,1,220,315,"SPNLL"
1998,1,225,190,"SPNLL"
1998,1,230,191,"SPNLL"
1998,1,235,97,"SPNLL"
1998,1,240,86,"SPNLL"
1998,1,245,56,"SPNLL"
1998,1,250,45,"SPNLL"
1998,1,255,26,"SPNLL"
1998,1,260,17,"SPNLL"
1998,1,265,8,"SPNLL"
1998,1,270,8,"SPNLL"
1998,1,275,7,"SPNLL"
1998,1,280,4,"SPNLL"
1998,1,285,2,"SPNLL"
1998,1,290,2,"SPNLL"
1998,1,295,3,"SPNLL"
1999,1,60,2,"SPNLL"
1999,1,70,29,"SPNLL"
1999,1,75,39,"SPNLL"
1999,1,80,151,"SPNLL"
1999,1,85,162,"SPNLL"
1999,1,90,240,"SPNLL"
1999,1,95,1914,"SPNLL"
1999,1,100,355,"SPNLL"
1999,1,105,294,"SPNLL"
1999,1,110,502,"SPNLL"
1999,1,115,937,"SPNLL"
1999,1,120,1991,"SPNLL"
1999,1,125,1757,"SPNLL"
1999,1,130,3262,"SPNLL"
1999,1,135,2685,"SPNLL"
1999,1,140,3880,"SPNLL"
1999,1,145,3654,"SPNLL"
1999,1,150,4108,"SPNLL"
1999,1,155,3433,"SPNLL"
1999,1,160,3845,"SPNLL"
1999,1,165,2787,"SPNLL"
1999,1,170,2320,"SPNLL"
1999,1,175,1925,"SPNLL"
1999,1,180,1947,"SPNLL"
1999,1,185,1223,"SPNLL"
1999,1,190,1244,"SPNLL"
1999,1,195,968,"SPNLL"
1999,1,200,737,"SPNLL"
1999,1,205,494,"SPNLL"
1999,1,210,488,"SPNLL"
1999,1,215,326,"SPNLL"
1999,1,220,314,"SPNLL"
1999,1,225,191,"SPNLL"
1999,1,230,187,"SPNLL"
1999,1,235,79,"SPNLL"
1999,1,240,101,"SPNLL"
1999,1,245,61,"SPNLL"
1999,1,250,50,"SPNLL"
1999,1,255,18,"SPNLL"
1999,1,260,17,"SPNLL"
1999,1,265,7,"SPNLL"
1999,1,270,11,"SPNLL"
1999,1,275,4,"SPNLL"
1999,1,280,8,"SPNLL"
1999,1,285,4,"SPNLL"
1999,1,290,7,"SPNLL"
1999,1,295,3,"SPNLL"
1999,1,300,3,"SPNLL"
1999,1,320,2,"SPNLL"
2000,1,60,77,"SPNLL"
2000,1,65,2,"SPNLL"
2000,1,70,333,"SPNLL"
2000,1,75,346,"SPNLL"
2000,1,80,322,"SPNLL"
2000,1,85,710,"SPNLL"
2000,1,90,234,"SPNLL"
2000,1,95,2224,"SPNLL"
2000,1,100,531,"SPNLL"
2000,1,105,381,"SPNLL"
2000,1,110,1063,"SPNLL"
2000,1,115,1550,"SPNLL"
2000,1,120,2127,"SPNLL"
2000,1,125,1896,"SPNLL"
2000,1,130,3139,"SPNLL"
2000,1,135,2520,"SPNLL"
2000,1,140,3843,"SPNLL"
2000,1,145,3287,"SPNLL"
2000,1,150,4366,"SPNLL"
2000,1,155,3081,"SPNLL"
2000,1,160,3758,"SPNLL"
2000,1,165,2343,"SPNLL"
2000,1,170,2004,"SPNLL"
2000,1,175,1565,"SPNLL"
2000,1,180,1584,"SPNLL"
2000,1,185,1018,"SPNLL"
2000,1,190,1063,"SPNLL"
2000,1,195,726,"SPNLL"
2000,1,200,677,"SPNLL"
2000,1,205,421,"SPNLL"
2000,1,210,433,"SPNLL"
2000,1,215,278,"SPNLL"
2000,1,220,294,"SPNLL"
2000,1,225,190,"SPNLL"
2000,1,230,179,"SPNLL"
2000,1,235,78,"SPNLL"
2000,1,240,86,"SPNLL"
2000,1,245,38,"SPNLL"
2000,1,250,37,"SPNLL"
2000,1,255,24,"SPNLL"
2000,1,260,18,"SPNLL"
2000,1,265,5,"SPNLL"
2000,1,270,7,"SPNLL"
2000,1,275,7,"SPNLL"
2000,1,280,3,"SPNLL"
2000,1,285,5,"SPNLL"
2000,1,290,3,"SPNLL"
2000,1,315,1,"SPNLL"
2000,1,320,1,"SPNLL"
2001,1,60,12,"SPNLL"
2001,1,65,1,"SPNLL"
2001,1,70,2,"SPNLL"
2001,1,75,76,"SPNLL"
2001,1,80,69,"SPNLL"
2001,1,85,588,"SPNLL"
2001,1,90,427,"SPNLL"
2001,1,95,3582,"SPNLL"
2001,1,100,695,"SPNLL"
2001,1,105,820,"SPNLL"
2001,1,110,1597,"SPNLL"
2001,1,115,2599,"SPNLL"
2001,1,120,5005,"SPNLL"
2001,1,125,4352,"SPNLL"
2001,1,130,8257,"SPNLL"
2001,1,135,4758,"SPNLL"
2001,1,140,8661,"SPNLL"
2001,1,145,6019,"SPNLL"
2001,1,150,8436,"SPNLL"
2001,1,155,5563,"SPNLL"
2001,1,160,7840,"SPNLL"
2001,1,165,4475,"SPNLL"
2001,1,170,4399,"SPNLL"
2001,1,175,2981,"SPNLL"
2001,1,180,3926,"SPNLL"
2001,1,185,2127,"SPNLL"
2001,1,190,2614,"SPNLL"
2001,1,195,1922,"SPNLL"
2001,1,200,1716,"SPNLL"
2001,1,205,830,"SPNLL"
2001,1,210,1213,"SPNLL"
2001,1,215,739,"SPNLL"
2001,1,220,816,"SPNLL"
2001,1,225,386,"SPNLL"
2001,1,230,617,"SPNLL"
2001,1,235,182,"SPNLL"
2001,1,240,220,"SPNLL"
2001,1,245,87,"SPNLL"
2001,1,250,107,"SPNLL"
2001,1,255,46,"SPNLL"
2001,1,260,70,"SPNLL"
2001,1,265,12,"SPNLL"
2001,1,270,28,"SPNLL"
2001,1,275,4,"SPNLL"
2001,1,280,3,"SPNLL"
2001,1,285,7,"SPNLL"
2001,1,290,17,"SPNLL"
2001,1,295,1,"SPNLL"
2001,1,300,2,"SPNLL"
2001,1,310,2,"SPNLL"
2002,1,60,1,"SPNLL"
2002,1,70,1,"SPNLL"
2002,1,75,9,"SPNLL"
2002,1,80,17,"SPNLL"
2002,1,85,252,"SPNLL"
2002,1,90,68,"SPNLL"
2002,1,95,1071,"SPNLL"
2002,1,100,111,"SPNLL"
2002,1,105,343,"SPNLL"
2002,1,110,264,"SPNLL"
2002,1,115,666,"SPNLL"
2002,1,120,817,"SPNLL"
2002,1,125,976,"SPNLL"
2002,1,130,2565,"SPNLL"
2002,1,135,1536,"SPNLL"
2002,1,140,2502,"SPNLL"
2002,1,145,1599,"SPNLL"
2002,1,150,1818,"SPNLL"
2002,1,155,1756,"SPNLL"
2002,1,160,1701,"SPNLL"
2002,1,165,1371,"SPNLL"
2002,1,170,1271,"SPNLL"
2002,1,175,988,"SPNLL"
2002,1,180,1067,"SPNLL"
2002,1,185,631,"SPNLL"
2002,1,190,741,"SPNLL"
2002,1,195,511,"SPNLL"
2002,1,200,511,"SPNLL"
2002,1,205,234,"SPNLL"
2002,1,210,371,"SPNLL"
2002,1,215,214,"SPNLL"
2002,1,220,265,"SPNLL"
2002,1,225,155,"SPNLL"
2002,1,230,167,"SPNLL"
2002,1,235,79,"SPNLL"
2002,1,240,85,"SPNLL"
2002,1,245,77,"SPNLL"
2002,1,250,46,"SPNLL"
2002,1,255,23,"SPNLL"
2002,1,260,16,"SPNLL"
2002,1,265,10,"SPNLL"
2002,1,270,11,"SPNLL"
2002,1,275,3,"SPNLL"
2002,1,280,1,"SPNLL"
2002,1,285,5,"SPNLL"
2002,1,290,3,"SPNLL"
2002,1,295,3,"SPNLL"
2002,1,305,1,"SPNLL"
2002,1,310,3,"SPNLL"
2003,1,70,1,"SPNLL"
2003,1,75,5,"SPNLL"
2003,1,80,18,"SPNLL"
2003,1,85,213,"SPNLL"
2003,1,90,81,"SPNLL"
2003,1,95,1525,"SPNLL"
2003,1,100,450,"SPNLL"
2003,1,105,587,"SPNLL"
2003,1,110,543,"SPNLL"
2003,1,115,843,"SPNLL"
2003,1,120,1771,"SPNLL"
2003,1,125,1581,"SPNLL"
2003,1,130,3527,"SPNLL"
2003,1,135,2047,"SPNLL"
2003,1,140,3265,"SPNLL"
2003,1,145,2155,"SPNLL"
2003,1,150,2972,"SPNLL"
2003,1,155,2375,"SPNLL"
2003,1,160,2417,"SPNLL"
2003,1,165,1698,"SPNLL"
2003,1,170,1364,"SPNLL"
2003,1,175,1228,"SPNLL"
2003,1,180,1188,"SPNLL"
2003,1,185,799,"SPNLL"
2003,1,190,789,"SPNLL"
2003,1,195,549,"SPNLL"
2003,1,200,492,"SPNLL"
2003,1,205,320,"SPNLL"
2003,1,210,316,"SPNLL"
2003,1,215,212,"SPNLL"
2003,1,220,217,"SPNLL"
2003,1,225,129,"SPNLL"
2003,1,230,156,"SPNLL"
2003,1,235,94,"SPNLL"
2003,1,240,76,"SPNLL"
2003,1,245,44,"SPNLL"
2003,1,250,40,"SPNLL"
2003,1,255,18,"SPNLL"
2003,1,260,18,"SPNLL"
2003,1,265,14,"SPNLL"
2003,1,270,17,"SPNLL"
2003,1,275,6,"SPNLL"
2003,1,280,6,"SPNLL"
2003,1,285,2,"SPNLL"
2003,1,290,4,"SPNLL"
2003,1,295,3,"SPNLL"
2003,1,300,1,"SPNLL"
2003,1,310,1,"SPNLL"
2004,1,70,4,"SPNLL"
2004,1,75,4,"SPNLL"
2004,1,80,99,"SPNLL"
2004,1,85,121,"SPNLL"
2004,1,90,171,"SPNLL"
2004,1,95,643,"SPNLL"
2004,1,100,271,"SPNLL"
2004,1,105,993,"SPNLL"
2004,1,110,681,"SPNLL"
2004,1,115,908,"SPNLL"
2004,1,120,1399,"SPNLL"
2004,1,125,1492,"SPNLL"
2004,1,130,3638,"SPNLL"
2004,1,135,2099,"SPNLL"
2004,1,140,3929,"SPNLL"
2004,1,145,2650,"SPNLL"
2004,1,150,3028,"SPNLL"
2004,1,155,2565,"SPNLL"
2004,1,160,2883,"SPNLL"
2004,1,165,1887,"SPNLL"
2004,1,170,1432,"SPNLL"
2004,1,175,1274,"SPNLL"
2004,1,180,1245,"SPNLL"
2004,1,185,837,"SPNLL"
2004,1,190,767,"SPNLL"
2004,1,195,558,"SPNLL"
2004,1,200,487,"SPNLL"
2004,1,205,251,"SPNLL"
2004,1,210,307,"SPNLL"
2004,1,215,164,"SPNLL"
2004,1,220,159,"SPNLL"
2004,1,225,165,"SPNLL"
2004,1,230,125,"SPNLL"
2004,1,235,64,"SPNLL"
2004,1,240,62,"SPNLL"
2004,1,245,50,"SPNLL"
2004,1,250,37,"SPNLL"
2004,1,255,9,"SPNLL"
2004,1,260,21,"SPNLL"
2004,1,265,6,"SPNLL"
2004,1,270,13,"SPNLL"
2004,1,275,7,"SPNLL"
2004,1,280,3,"SPNLL"
2004,1,285,3,"SPNLL"
2004,1,290,4,"SPNLL"
2004,1,295,1,"SPNLL"
2004,1,300,2,"SPNLL"
2005,1,50,2,"SPNLL"
2005,1,55,1,"SPNLL"
2005,1,70,1,"SPNLL"
2005,1,75,14,"SPNLL"
2005,1,80,61,"SPNLL"
2005,1,85,123,"SPNLL"
2005,1,90,40,"SPNLL"
2005,1,95,1015,"SPNLL"
2005,1,100,139,"SPNLL"
2005,1,105,246,"SPNLL"
2005,1,110,453,"SPNLL"
2005,1,115,680,"SPNLL"
2005,1,120,1306,"SPNLL"
2005,1,125,1353,"SPNLL"
2005,1,130,2014,"SPNLL"
2005,1,135,1437,"SPNLL"
2005,1,140,1827,"SPNLL"
2005,1,145,1739,"SPNLL"
2005,1,150,2178,"SPNLL"
2005,1,155,1711,"SPNLL"
2005,1,160,1931,"SPNLL"
2005,1,165,1277,"SPNLL"
2005,1,170,1399,"SPNLL"
2005,1,175,1097,"SPNLL"
2005,1,180,1072,"SPNLL"
2005,1,185,705,"SPNLL"
2005,1,190,590,"SPNLL"
2005,1,195,455,"SPNLL"
2005,1,200,434,"SPNLL"
2005,1,205,231,"SPNLL"
2005,1,210,218,"SPNLL"
2005,1,215,143,"SPNLL"
2005,1,220,148,"SPNLL"
2005,1,225,116,"SPNLL"
2005,1,230,105,"SPNLL"
2005,1,235,45,"SPNLL"
2005,1,240,48,"SPNLL"
2005,1,245,26,"SPNLL"
2005,1,250,35,"SPNLL"
2005,1,255,18,"SPNLL"
2005,1,260,11,"SPNLL"
2005,1,265,7,"SPNLL"
2005,1,270,5,"SPNLL"
2005,1,275,4,"SPNLL"
2005,1,280,6,"SPNLL"
2005,1,285,1,"SPNLL"
2005,1,290,2,"SPNLL"
2005,1,295,1,"SPNLL"
2005,1,300,1,"SPNLL"
2005,1,310,1,"SPNLL"
2005,1,330,1,"SPNLL"
2006,1,70,3,"SPNLL"
2006,1,75,5,"SPNLL"
2006,1,80,58,"SPNLL"
2006,1,85,52,"SPNLL"
2006,1,90,67,"SPNLL"
2006,1,95,1205,"SPNLL"
2006,1,100,105,"SPNLL"
2006,1,105,261,"SPNLL"
2006,1,110,372,"SPNLL"
2006,1,115,569,"SPNLL"
2006,1,120,973,"SPNLL"
2006,1,125,683,"SPNLL"
2006,1,130,1404,"SPNLL"
2006,1,135,770,"SPNLL"
2006,1,140,1649,"SPNLL"
2006,1,145,1129,"SPNLL"
2006,1,150,2016,"SPNLL"
2006,1,155,1489,"SPNLL"
2006,1,160,1521,"SPNLL"
2006,1,165,998,"SPNLL"
2006,1,170,947,"SPNLL"
2006,1,175,801,"SPNLL"
2006,1,180,627,"SPNLL"
2006,1,185,467,"SPNLL"
2006,1,190,406,"SPNLL"
2006,1,195,334,"SPNLL"
2006,1,200,323,"SPNLL"
2006,1,205,158,"SPNLL"
2006,1,210,200,"SPNLL"
2006,1,215,84,"SPNLL"
2006,1,220,124,"SPNLL"
2006,1,225,66,"SPNLL"
2006,1,230,82,"SPNLL"
2006,1,235,32,"SPNLL"
2006,1,240,39,"SPNLL"
2006,1,245,23,"SPNLL"
2006,1,250,20,"SPNLL"
2006,1,255,21,"SPNLL"
2006,1,260,17,"SPNLL"
2006,1,265,4,"SPNLL"
2006,1,270,4,"SPNLL"
2006,1,275,5,"SPNLL"
2006,1,285,2,"SPNLL"
2006,1,290,1,"SPNLL"
2006,1,300,2,"SPNLL"
2007,1,70,1,"SPNLL"
2007,1,75,2,"SPNLL"
2007,1,80,78,"SPNLL"
2007,1,85,28,"SPNLL"
2007,1,90,12,"SPNLL"
2007,1,95,488,"SPNLL"
2007,1,100,23,"SPNLL"
2007,1,105,43,"SPNLL"
2007,1,110,156,"SPNLL"
2007,1,115,525,"SPNLL"
2007,1,120,632,"SPNLL"
2007,1,125,548,"SPNLL"
2007,1,130,927,"SPNLL"
2007,1,135,621,"SPNLL"
2007,1,140,836,"SPNLL"
2007,1,145,627,"SPNLL"
2007,1,150,815,"SPNLL"
2007,1,155,607,"SPNLL"
2007,1,160,711,"SPNLL"
2007,1,165,565,"SPNLL"
2007,1,170,656,"SPNLL"
2007,1,175,484,"SPNLL"
2007,1,180,522,"SPNLL"
2007,1,185,314,"SPNLL"
2007,1,190,363,"SPNLL"
2007,1,195,224,"SPNLL"
2007,1,200,202,"SPNLL"
2007,1,205,135,"SPNLL"
2007,1,210,132,"SPNLL"
2007,1,215,84,"SPNLL"
2007,1,220,76,"SPNLL"
2007,1,225,42,"SPNLL"
2007,1,230,53,"SPNLL"
2007,1,235,41,"SPNLL"
2007,1,240,36,"SPNLL"
2007,1,245,18,"SPNLL"
2007,1,250,19,"SPNLL"
2007,1,255,14,"SPNLL"
2007,1,260,7,"SPNLL"
2007,1,265,5,"SPNLL"
2007,1,270,9,"SPNLL"
2007,1,275,3,"SPNLL"
2007,1,295,1,"SPNLL"
2007,1,305,1,"SPNLL"
2007,1,310,1,"SPNLL"
2008,1,60,6,"SPNLL"
2008,1,70,15,"SPNLL"
2008,1,75,16,"SPNLL"
2008,1,80,24,"SPNLL"
2008,1,85,25,"SPNLL"
2008,1,90,33,"SPNLL"
2008,1,95,568,"SPNLL"
2008,1,100,99,"SPNLL"
2008,1,105,241,"SPNLL"
2008,1,110,346,"SPNLL"
2008,1,115,410,"SPNLL"
2008,1,120,535,"SPNLL"
2008,1,125,604,"SPNLL"
2008,1,130,1229,"SPNLL"
2008,1,135,968,"SPNLL"
2008,1,140,1268,"SPNLL"
2008,1,145,1009,"SPNLL"
2008,1,150,1203,"SPNLL"
2008,1,155,909,"SPNLL"
2008,1,160,991,"SPNLL"
2008,1,165,739,"SPNLL"
2008,1,170,765,"SPNLL"
2008,1,175,603,"SPNLL"
2008,1,180,578,"SPNLL"
2008,1,185,415,"SPNLL"
2008,1,190,379,"SPNLL"
2008,1,195,308,"SPNLL"
2008,1,200,286,"SPNLL"
2008,1,205,145,"SPNLL"
2008,1,210,169,"SPNLL"
2008,1,215,104,"SPNLL"
2008,1,220,107,"SPNLL"
2008,1,225,77,"SPNLL"
2008,1,230,66,"SPNLL"
2008,1,235,51,"SPNLL"
2008,1,240,46,"SPNLL"
2008,1,245,22,"SPNLL"
2008,1,250,29,"SPNLL"
2008,1,255,15,"SPNLL"
2008,1,260,11,"SPNLL"
2008,1,265,13,"SPNLL"
2008,1,270,8,"SPNLL"
2008,1,275,12,"SPNLL"
2008,1,280,6,"SPNLL"
2008,1,285,5,"SPNLL"
2008,1,290,4,"SPNLL"
2008,1,300,1,"SPNLL"
2008,1,310,1,"SPNLL"
2009,1,75,1,"SPNLL"
2009,1,80,11,"SPNLL"
2009,1,85,20,"SPNLL"
2009,1,90,13,"SPNLL"
2009,1,95,534,"SPNLL"
2009,1,100,45,"SPNLL"
2009,1,105,160,"SPNLL"
2009,1,110,115,"SPNLL"
2009,1,115,361,"SPNLL"
2009,1,120,688,"SPNLL"
2009,1,125,607,"SPNLL"
2009,1,130,1408,"SPNLL"
2009,1,135,973,"SPNLL"
2009,1,140,1399,"SPNLL"
2009,1,145,1196,"SPNLL"
2009,1,150,1124,"SPNLL"
2009,1,155,1179,"SPNLL"
2009,1,160,1058,"SPNLL"
2009,1,165,952,"SPNLL"
2009,1,170,847,"SPNLL"
2009,1,175,719,"SPNLL"
2009,1,180,710,"SPNLL"
2009,1,185,483,"SPNLL"
2009,1,190,475,"SPNLL"
2009,1,195,361,"SPNLL"
2009,1,200,321,"SPNLL"
2009,1,205,199,"SPNLL"
2009,1,210,227,"SPNLL"
2009,1,215,154,"SPNLL"
2009,1,220,152,"SPNLL"
2009,1,225,99,"SPNLL"
2009,1,230,83,"SPNLL"
2009,1,235,60,"SPNLL"
2009,1,240,44,"SPNLL"
2009,1,245,28,"SPNLL"
2009,1,250,25,"SPNLL"
2009,1,255,20,"SPNLL"
2009,1,260,16,"SPNLL"
2009,1,265,11,"SPNLL"
2009,1,270,15,"SPNLL"
2009,1,275,5,"SPNLL"
2009,1,280,6,"SPNLL"
2009,1,285,4,"SPNLL"
2009,1,290,1,"SPNLL"
2009,1,300,1,"SPNLL"
2010,1,75,1,"SPNLL"
2010,1,80,32,"SPNLL"
2010,1,85,2,"SPNLL"
2010,1,90,3,"SPNLL"
2010,1,95,382,"SPNLL"
2010,1,100,20,"SPNLL"
2010,1,105,49,"SPNLL"
2010,1,110,103,"SPNLL"
2010,1,115,333,"SPNLL"
2010,1,120,513,"SPNLL"
2010,1,125,514,"SPNLL"
2010,1,130,1106,"SPNLL"
2010,1,135,675,"SPNLL"
2010,1,140,1024,"SPNLL"
2010,1,145,866,"SPNLL"
2010,1,150,756,"SPNLL"
2010,1,155,776,"SPNLL"
2010,1,160,858,"SPNLL"
2010,1,165,673,"SPNLL"
2010,1,170,503,"SPNLL"
2010,1,175,587,"SPNLL"
2010,1,180,482,"SPNLL"
2010,1,185,372,"SPNLL"
2010,1,190,323,"SPNLL"
2010,1,195,285,"SPNLL"
2010,1,200,213,"SPNLL"
2010,1,205,136,"SPNLL"
2010,1,210,151,"SPNLL"
2010,1,215,104,"SPNLL"
2010,1,220,90,"SPNLL"
2010,1,225,52,"SPNLL"
2010,1,230,48,"SPNLL"
2010,1,235,34,"SPNLL"
2010,1,240,33,"SPNLL"
2010,1,245,20,"SPNLL"
2010,1,250,15,"SPNLL"
2010,1,255,14,"SPNLL"
2010,1,260,7,"SPNLL"
2010,1,265,5,"SPNLL"
2010,1,270,4,"SPNLL"
2010,1,275,1,"SPNLL"
2010,1,280,3,"SPNLL"
2010,1,285,1,"SPNLL"
2010,1,290,2,"SPNLL"
2010,1,300,1,"SPNLL"
2011,1,60,1,"SPNLL"
2011,1,70,2,"SPNLL"
2011,1,75,5,"SPNLL"
2011,1,80,8,"SPNLL"
2011,1,85,14,"SPNLL"
2011,1,90,17,"SPNLL"
2011,1,95,899,"SPNLL"
2011,1,100,103,"SPNLL"
2011,1,105,252,"SPNLL"
2011,1,110,280,"SPNLL"
2011,1,115,316,"SPNLL"
2011,1,120,923,"SPNLL"
2011,1,125,598,"SPNLL"
2011,1,130,1420,"SPNLL"
2011,1,135,1061,"SPNLL"
2011,1,140,1365,"SPNLL"
2011,1,145,1090,"SPNLL"
2011,1,150,1290,"SPNLL"
2011,1,155,886,"SPNLL"
2011,1,160,987,"SPNLL"
2011,1,165,689,"SPNLL"
2011,1,170,731,"SPNLL"
2011,1,175,581,"SPNLL"
2011,1,180,507,"SPNLL"
2011,1,185,385,"SPNLL"
2011,1,190,370,"SPNLL"
2011,1,195,272,"SPNLL"
2011,1,200,274,"SPNLL"
2011,1,205,163,"SPNLL"
2011,1,210,144,"SPNLL"
2011,1,215,112,"SPNLL"
2011,1,220,111,"SPNLL"
2011,1,225,90,"SPNLL"
2011,1,230,57,"SPNLL"
2011,1,235,43,"SPNLL"
2011,1,240,46,"SPNLL"
2011,1,245,23,"SPNLL"
2011,1,250,23,"SPNLL"
2011,1,255,19,"SPNLL"
2011,1,260,16,"SPNLL"
2011,1,265,14,"SPNLL"
2011,1,270,8,"SPNLL"
2011,1,275,1,"SPNLL"
2011,1,280,3,"SPNLL"
2011,1,285,3,"SPNLL"
2011,1,290,3,"SPNLL"
2011,1,295,1,"SPNLL"
2011,1,305,1,"SPNLL"
2012,1,60,2,"SPNLL"
2012,1,70,2,"SPNLL"
2012,1,75,12,"SPNLL"
2012,1,80,29,"SPNLL"
2012,1,85,12,"SPNLL"
2012,1,90,15,"SPNLL"
2012,1,95,278,"SPNLL"
2012,1,100,9,"SPNLL"
2012,1,105,35,"SPNLL"
2012,1,110,103,"SPNLL"
2012,1,115,131,"SPNLL"
2012,1,120,584,"SPNLL"
2012,1,125,276,"SPNLL"
2012,1,130,918,"SPNLL"
2012,1,135,513,"SPNLL"
2012,1,140,644,"SPNLL"
2012,1,145,451,"SPNLL"
2012,1,150,707,"SPNLL"
2012,1,155,447,"SPNLL"
2012,1,160,544,"SPNLL"
2012,1,165,422,"SPNLL"
2012,1,170,506,"SPNLL"
2012,1,175,358,"SPNLL"
2012,1,180,388,"SPNLL"
2012,1,185,255,"SPNLL"
2012,1,190,264,"SPNLL"
2012,1,195,191,"SPNLL"
2012,1,200,174,"SPNLL"
2012,1,205,99,"SPNLL"
2012,1,210,96,"SPNLL"
2012,1,215,61,"SPNLL"
2012,1,220,58,"SPNLL"
2012,1,225,34,"SPNLL"
2012,1,230,34,"SPNLL"
2012,1,235,24,"SPNLL"
2012,1,240,25,"SPNLL"
2012,1,245,15,"SPNLL"
2012,1,250,14,"SPNLL"
2012,1,255,9,"SPNLL"
2012,1,260,9,"SPNLL"
2012,1,265,2,"SPNLL"
2012,1,270,6,"SPNLL"
2012,1,275,4,"SPNLL"
2012,1,280,2,"SPNLL"
2012,1,285,1,"SPNLL"
2012,1,300,2,"SPNLL"
2012,1,305,1,"SPNLL"
2012,1,310,1,"SPNLL"
2013,1,70,1,"SPNLL"
2013,1,75,1,"SPNLL"
2013,1,80,4,"SPNLL"
2013,1,85,8,"SPNLL"
2013,1,90,15,"SPNLL"
2013,1,95,10,"SPNLL"
2013,1,100,21,"SPNLL"
2013,1,105,22,"SPNLL"
2013,1,110,49,"SPNLL"
2013,1,115,67,"SPNLL"
2013,1,120,330,"SPNLL"
2013,1,125,209,"SPNLL"
2013,1,130,710,"SPNLL"
2013,1,135,444,"SPNLL"
2013,1,140,518,"SPNLL"
2013,1,145,424,"SPNLL"
2013,1,150,547,"SPNLL"
2013,1,155,364,"SPNLL"
2013,1,160,380,"SPNLL"
2013,1,165,313,"SPNLL"
2013,1,170,261,"SPNLL"
2013,1,175,260,"SPNLL"
2013,1,180,202,"SPNLL"
2013,1,185,189,"SPNLL"
2013,1,190,167,"SPNLL"
2013,1,195,142,"SPNLL"
2013,1,200,118,"SPNLL"
2013,1,205,65,"SPNLL"
2013,1,210,75,"SPNLL"
2013,1,215,53,"SPNLL"
2013,1,220,49,"SPNLL"
2013,1,225,34,"SPNLL"
2013,1,230,33,"SPNLL"
2013,1,235,21,"SPNLL"
2013,1,240,12,"SPNLL"
2013,1,245,8,"SPNLL"
2013,1,250,12,"SPNLL"
2013,1,255,4,"SPNLL"
2013,1,260,10,"SPNLL"
2013,1,265,4,"SPNLL"
2013,1,270,6,"SPNLL"
2013,1,275,2,"SPNLL"
2013,1,280,6,"SPNLL"
2013,1,285,2,"SPNLL"
2013,1,295,1,"SPNLL"
2013,1,305,1,"SPNLL"
2013,1,310,1,"SPNLL"
2014,1,70,1,"SPNLL"
2014,1,80,3,"SPNLL"
2014,1,85,10,"SPNLL"
2014,1,90,16,"SPNLL"
2014,1,95,108,"SPNLL"
2014,1,100,22,"SPNLL"
2014,1,105,95,"SPNLL"
2014,1,110,51,"SPNLL"
2014,1,115,243,"SPNLL"
2014,1,120,301,"SPNLL"
2014,1,125,246,"SPNLL"
2014,1,130,802,"SPNLL"
2014,1,135,431,"SPNLL"
2014,1,140,825,"SPNLL"
2014,1,145,750,"SPNLL"
2014,1,150,659,"SPNLL"
2014,1,155,637,"SPNLL"
2014,1,160,856,"SPNLL"
2014,1,165,580,"SPNLL"
2014,1,170,419,"SPNLL"
2014,1,175,456,"SPNLL"
2014,1,180,393,"SPNLL"
2014,1,185,285,"SPNLL"
2014,1,190,291,"SPNLL"
2014,1,195,191,"SPNLL"
2014,1,200,195,"SPNLL"
2014,1,205,106,"SPNLL"
2014,1,210,133,"SPNLL"
2014,1,215,70,"SPNLL"
2014,1,220,89,"SPNLL"
2014,1,225,60,"SPNLL"
2014,1,230,56,"SPNLL"
2014,1,235,31,"SPNLL"
2014,1,240,31,"SPNLL"
2014,1,245,20,"SPNLL"
2014,1,250,19,"SPNLL"
2014,1,255,5,"SPNLL"
2014,1,260,9,"SPNLL"
2014,1,265,9,"SPNLL"
2014,1,270,9,"SPNLL"
2014,1,275,4,"SPNLL"
2014,1,280,7,"SPNLL"
2014,1,285,1,"SPNLL"
2014,1,290,1,"SPNLL"
2014,1,295,2,"SPNLL"
2015,1,60,2,"SPNLL"
2015,1,70,13,"SPNLL"
2015,1,75,17,"SPNLL"
2015,1,80,11,"SPNLL"
2015,1,85,14,"SPNLL"
2015,1,90,6,"SPNLL"
2015,1,95,5,"SPNLL"
2015,1,100,27,"SPNLL"
2015,1,105,45,"SPNLL"
2015,1,110,78,"SPNLL"
2015,1,115,71,"SPNLL"
2015,1,120,206,"SPNLL"
2015,1,125,69,"SPNLL"
2015,1,130,469,"SPNLL"
2015,1,135,234,"SPNLL"
2015,1,140,331,"SPNLL"
2015,1,145,258,"SPNLL"
2015,1,150,369,"SPNLL"
2015,1,155,292,"SPNLL"
2015,1,160,345,"SPNLL"
2015,1,165,283,"SPNLL"
2015,1,170,304,"SPNLL"
2015,1,175,255,"SPNLL"
2015,1,180,262,"SPNLL"
2015,1,185,203,"SPNLL"
2015,1,190,203,"SPNLL"
2015,1,195,131,"SPNLL"
2015,1,200,135,"SPNLL"
2015,1,205,64,"SPNLL"
2015,1,210,89,"SPNLL"
2015,1,215,45,"SPNLL"
2015,1,220,28,"SPNLL"
2015,1,225,20,"SPNLL"
2015,1,230,24,"SPNLL"
2015,1,235,7,"SPNLL"
2015,1,240,6,"SPNLL"
2015,1,245,8,"SPNLL"
2015,1,250,4,"SPNLL"
2015,1,255,2,"SPNLL"
2015,1,260,2,"SPNLL"
2015,1,265,2,"SPNLL"
2015,1,270,2,"SPNLL"
2016,1,95,10,"SPNLL"
2016,1,100,1,"SPNLL"
2016,1,105,8,"SPNLL"
2016,1,110,7,"SPNLL"
2016,1,115,7,"SPNLL"
2016,1,120,55,"SPNLL"
2016,1,125,49,"SPNLL"
2016,1,130,146,"SPNLL"
2016,1,135,117,"SPNLL"
2016,1,140,185,"SPNLL"
2016,1,145,171,"SPNLL"
2016,1,150,278,"SPNLL"
2016,1,155,213,"SPNLL"
2016,1,160,273,"SPNLL"
2016,1,165,224,"SPNLL"
2016,1,170,213,"SPNLL"
2016,1,175,192,"SPNLL"
2016,1,180,166,"SPNLL"
2016,1,185,137,"SPNLL"
2016,1,190,142,"SPNLL"
2016,1,195,83,"SPNLL"
2016,1,200,107,"SPNLL"
2016,1,205,71,"SPNLL"
2016,1,210,70,"SPNLL"
2016,1,215,40,"SPNLL"
2016,1,220,47,"SPNLL"
2016,1,225,27,"SPNLL"
2016,1,230,31,"SPNLL"
2016,1,235,9,"SPNLL"
2016,1,240,20,"SPNLL"
2016,1,245,10,"SPNLL"
2016,1,250,10,"SPNLL"
2016,1,255,1,"SPNLL"
2016,1,260,10,"SPNLL"
2016,1,265,5,"SPNLL"
2016,1,270,2,"SPNLL"
2016,1,275,4,"SPNLL"
2016,1,280,1,"SPNLL"
2016,1,305,1,"SPNLL"
2016,1,315,1,"SPNLL"
2017,1,60,1,"SPNLL"
2017,1,70,1,"SPNLL"
2017,1,80,1,"SPNLL"
2017,1,90,4,"SPNLL"
2017,1,95,4,"SPNLL"
2017,1,100,5,"SPNLL"
2017,1,105,11,"SPNLL"
2017,1,110,20,"SPNLL"
2017,1,115,25,"SPNLL"
2017,1,120,99,"SPNLL"
2017,1,125,101,"SPNLL"
2017,1,130,200,"SPNLL"
2017,1,135,260,"SPNLL"
2017,1,140,337,"SPNLL"
2017,1,145,396,"SPNLL"
2017,1,150,444,"SPNLL"
2017,1,155,433,"SPNLL"
2017,1,160,453,"SPNLL"
2017,1,165,394,"SPNLL"
2017,1,170,411,"SPNLL"
2017,1,175,331,"SPNLL"
2017,1,180,345,"SPNLL"
2017,1,185,272,"SPNLL"
2017,1,190,254,"SPNLL"
2017,1,195,186,"SPNLL"
2017,1,200,153,"SPNLL"
2017,1,205,113,"SPNLL"
2017,1,210,82,"SPNLL"
2017,1,215,68,"SPNLL"
2017,1,220,57,"SPNLL"
2017,1,225,34,"SPNLL"
2017,1,230,25,"SPNLL"
2017,1,235,24,"SPNLL"
2017,1,240,19,"SPNLL"
2017,1,245,10,"SPNLL"
2017,1,250,17,"SPNLL"
2017,1,255,10,"SPNLL"
2017,1,260,4,"SPNLL"
2017,1,265,6,"SPNLL"
2017,1,270,8,"SPNLL"
2017,1,275,2,"SPNLL"
2017,1,280,2,"SPNLL"
2017,1,285,2,"SPNLL"
2017,1,295,1,"SPNLL"
2018,1,80,1,"SPNLL"
2018,1,90,1,"SPNLL"
2018,1,95,20,"SPNLL"
2018,1,100,16,"SPNLL"
2018,1,105,64,"SPNLL"
2018,1,110,76,"SPNLL"
2018,1,115,74,"SPNLL"
2018,1,120,140,"SPNLL"
2018,1,125,129,"SPNLL"
2018,1,130,200,"SPNLL"
2018,1,135,195,"SPNLL"
2018,1,140,272,"SPNLL"
2018,1,145,234,"SPNLL"
2018,1,150,295,"SPNLL"
2018,1,155,248,"SPNLL"
2018,1,160,299,"SPNLL"
2018,1,165,265,"SPNLL"
2018,1,170,337,"SPNLL"
2018,1,175,198,"SPNLL"
2018,1,180,272,"SPNLL"
2018,1,185,183,"SPNLL"
2018,1,190,228,"SPNLL"
2018,1,195,113,"SPNLL"
2018,1,200,171,"SPNLL"
2018,1,205,65,"SPNLL"
2018,1,210,88,"SPNLL"
2018,1,215,80,"SPNLL"
2018,1,220,73,"SPNLL"
2018,1,225,32,"SPNLL"
2018,1,230,31,"SPNLL"
2018,1,235,19,"SPNLL"
2018,1,240,21,"SPNLL"
2018,1,245,14,"SPNLL"
2018,1,250,19,"SPNLL"
2018,1,255,10,"SPNLL"
2018,1,260,6,"SPNLL"
2018,1,265,10,"SPNLL"
2018,1,270,6,"SPNLL"
2018,1,275,3,"SPNLL"
2018,1,280,5,"SPNLL"
2018,1,285,3,"SPNLL"
2018,1,295,2,"SPNLL"
2018,1,305,1,"SPNLL"
2019,1,95,46,"SPNLL"
2019,1,100,1,"SPNLL"
2019,1,105,26,"SPNLL"
2019,1,110,49,"SPNLL"
2019,1,115,36,"SPNLL"
2019,1,120,82,"SPNLL"
2019,1,125,76,"SPNLL"
2019,1,130,111,"SPNLL"
2019,1,135,94,"SPNLL"
2019,1,140,111,"SPNLL"
2019,1,145,112,"SPNLL"
2019,1,150,148,"SPNLL"
2019,1,155,129,"SPNLL"
2019,1,160,163,"SPNLL"
2019,1,165,126,"SPNLL"
2019,1,170,145,"SPNLL"
2019,1,175,118,"SPNLL"
2019,1,180,130,"SPNLL"
2019,1,185,91,"SPNLL"
2019,1,190,89,"SPNLL"
2019,1,195,63,"SPNLL"
2019,1,200,63,"SPNLL"
2019,1,205,40,"SPNLL"
2019,1,210,33,"SPNLL"
2019,1,215,24,"SPNLL"
2019,1,220,31,"SPNLL"
2019,1,225,20,"SPNLL"
2019,1,230,21,"SPNLL"
2019,1,235,4,"SPNLL"
2019,1,240,9,"SPNLL"
2019,1,245,4,"SPNLL"
2019,1,250,6,"SPNLL"
2019,1,255,4,"SPNLL"
2019,1,260,2,"SPNLL"
2019,1,280,1,"SPNLL"
2019,1,290,1,"SPNLL"
2020,1,50,1,"SPNLL"
2020,1,60,2,"SPNLL"
2020,1,70,13,"SPNLL"
2020,1,75,38,"SPNLL"
2020,1,80,31,"SPNLL"
2020,1,85,18,"SPNLL"
2020,1,90,12,"SPNLL"
2020,1,95,36,"SPNLL"
2020,1,100,26,"SPNLL"
2020,1,105,70,"SPNLL"
2020,1,110,113,"SPNLL"
2020,1,115,84,"SPNLL"
2020,1,120,145,"SPNLL"
2020,1,125,113,"SPNLL"
2020,1,130,164,"SPNLL"
2020,1,135,154,"SPNLL"
2020,1,140,177,"SPNLL"
2020,1,145,146,"SPNLL"
2020,1,150,141,"SPNLL"
2020,1,155,181,"SPNLL"
2020,1,160,136,"SPNLL"
2020,1,165,181,"SPNLL"
2020,1,170,216,"SPNLL"
2020,1,175,138,"SPNLL"
2020,1,180,158,"SPNLL"
2020,1,185,95,"SPNLL"
2020,1,190,137,"SPNLL"
2020,1,195,83,"SPNLL"
2020,1,200,100,"SPNLL"
2020,1,205,59,"SPNLL"
2020,1,210,65,"SPNLL"
2020,1,215,61,"SPNLL"
2020,1,220,53,"SPNLL"
2020,1,225,21,"SPNLL"
2020,1,230,34,"SPNLL"
2020,1,235,15,"SPNLL"
2020,1,240,10,"SPNLL"
2020,1,245,2,"SPNLL"
2020,1,250,9,"SPNLL"
2020,1,255,4,"SPNLL"
2020,1,260,4,"SPNLL"
2020,1,265,2,"SPNLL"
2020,1,270,3,"SPNLL"
2020,1,275,2,"SPNLL"
2020,1,280,2,"SPNLL"
2020,1,285,1,"SPNLL"
2020,1,295,2,"SPNLL"
2020,1,300,2,"SPNLL"
2021,1,50,2,"SPNLL"
2021,1,65,3,"SPNLL"
2021,1,70,5,"SPNLL"
2021,1,75,10,"SPNLL"
2021,1,80,4,"SPNLL"
2021,1,85,16,"SPNLL"
2021,1,90,23,"SPNLL"
2021,1,95,16,"SPNLL"
2021,1,100,43,"SPNLL"
2021,1,105,44,"SPNLL"
2021,1,110,88,"SPNLL"
2021,1,115,97,"SPNLL"
2021,1,120,143,"SPNLL"
2021,1,125,196,"SPNLL"
2021,1,130,155,"SPNLL"
2021,1,135,180,"SPNLL"
2021,1,140,150,"SPNLL"
2021,1,145,164,"SPNLL"
2021,1,150,148,"SPNLL"
2021,1,155,183,"SPNLL"
2021,1,160,152,"SPNLL"
2021,1,165,174,"SPNLL"
2021,1,170,159,"SPNLL"
2021,1,175,184,"SPNLL"
2021,1,180,161,"SPNLL"
2021,1,185,135,"SPNLL"
2021,1,190,113,"SPNLL"
2021,1,195,98,"SPNLL"
2021,1,200,79,"SPNLL"
2021,1,205,96,"SPNLL"
2021,1,210,64,"SPNLL"
2021,1,215,36,"SPNLL"
2021,1,220,40,"SPNLL"
2021,1,225,21,"SPNLL"
2021,1,230,23,"SPNLL"
2021,1,235,14,"SPNLL"
2021,1,240,12,"SPNLL"
2021,1,245,6,"SPNLL"
2021,1,250,13,"SPNLL"
2021,1,255,2,"SPNLL"
2021,1,260,10,"SPNLL"
2021,1,265,3,"SPNLL"
2021,1,270,2,"SPNLL"
2021,1,275,3,"SPNLL"
2021,1,280,4,"SPNLL"
2021,1,285,2,"SPNLL"
2021,1,295,1,"SPNLL"
2021,1,300,3,"SPNLL"
2021,1,310,1,"SPNLL"
2021,1,325,1,"SPNLL"
2022,1,60,223,"SPNLL"
2022,1,70,89,"SPNLL"
2022,1,75,138,"SPNLL"
2022,1,80,372,"SPNLL"
2022,1,85,639,"SPNLL"
2022,1,90,575,"SPNLL"
2022,1,95,250,"SPNLL"
2022,1,100,1439,"SPNLL"
2022,1,105,2054,"SPNLL"
2022,1,110,2344,"SPNLL"
2022,1,115,3063,"SPNLL"
2022,1,120,2662,"SPNLL"
2022,1,125,2420,"SPNLL"
2022,1,130,3250,"SPNLL"
2022,1,135,3297,"SPNLL"
2022,1,140,3571,"SPNLL"
2022,1,145,2929,"SPNLL"
2022,1,150,3259,"SPNLL"
2022,1,155,3078,"SPNLL"
2022,1,160,2902,"SPNLL"
2022,1,165,2702,"SPNLL"
2022,1,170,2291,"SPNLL"
2022,1,175,1875,"SPNLL"
2022,1,180,2011,"SPNLL"
2022,1,185,1601,"SPNLL"
2022,1,190,2100,"SPNLL"
2022,1,195,1426,"SPNLL"
2022,1,200,1108,"SPNLL"
2022,1,205,549,"SPNLL"
2022,1,210,712,"SPNLL"
2022,1,215,526,"SPNLL"
2022,1,220,386,"SPNLL"
2022,1,225,288,"SPNLL"
2022,1,230,254,"SPNLL"
2022,1,235,136,"SPNLL"
2022,1,240,203,"SPNLL"
2022,1,245,79,"SPNLL"
2022,1,250,114,"SPNLL"
2022,1,255,56,"SPNLL"
2022,1,260,52,"SPNLL"
2022,1,265,36,"SPNLL"
2022,1,270,16,"SPNLL"
2022,1,275,2,"SPNLL"
2022,1,285,1,"SPNLL"
2022,1,290,3,"SPNLL"
2022,1,295,31,"SPNLL"
2022,1,300,8,"SPNLL"
2022,1,310,3,"SPNLL"
2022,1,315,1,"SPNLL"
2023,1,60,9,"SPNLL"
2023,1,70,29,"SPNLL"
2023,1,75,70,"SPNLL"
2023,1,80,74,"SPNLL"
2023,1,85,73,"SPNLL"
2023,1,90,37,"SPNLL"
2023,1,95,42,"SPNLL"
2023,1,100,47,"SPNLL"
2023,1,105,139,"SPNLL"
2023,1,110,175,"SPNLL"
2023,1,115,158,"SPNLL"
2023,1,120,159,"SPNLL"
2023,1,125,169,"SPNLL"
2023,1,130,339,"SPNLL"
2023,1,135,151,"SPNLL"
2023,1,140,237,"SPNLL"
2023,1,145,288,"SPNLL"
2023,1,150,215,"SPNLL"
2023,1,155,165,"SPNLL"
2023,1,160,259,"SPNLL"
2023,1,165,220,"SPNLL"
2023,1,170,168,"SPNLL"
2023,1,175,281,"SPNLL"
2023,1,180,194,"SPNLL"
2023,1,185,191,"SPNLL"
2023,1,190,136,"SPNLL"
2023,1,195,175,"SPNLL"
2023,1,200,91,"SPNLL"
2023,1,205,54,"SPNLL"
2023,1,210,47,"SPNLL"
2023,1,215,70,"SPNLL"
2023,1,220,40,"SPNLL"
2023,1,225,21,"SPNLL"
2023,1,230,23,"SPNLL"
2023,1,235,18,"SPNLL"
2023,1,240,8,"SPNLL"
2023,1,245,10,"SPNLL"
2023,1,250,14,"SPNLL"
2023,1,255,4,"SPNLL"
2023,1,260,5,"SPNLL"
2023,1,265,1,"SPNLL"
2023,1,275,2,"SPNLL"
2023,1,280,2,"SPNLL"
2023,1,285,2,"SPNLL"
2023,1,295,1,"SPNLL"
2023,1,300,1,"SPNLL"
2024,1,55,1,"SPNLL"
2024,1,60,6,"SPNLL"
2024,1,70,14,"SPNLL"
2024,1,75,22,"SPNLL"
2024,1,80,19,"SPNLL"
2024,1,85,66,"SPNLL"
2024,1,90,81,"SPNLL"
2024,1,95,20,"SPNLL"
2024,1,100,226,"SPNLL"
2024,1,105,142,"SPNLL"
2024,1,110,270,"SPNLL"
2024,1,115,238,"SPNLL"
2024,1,120,221,"SPNLL"
2024,1,125,209,"SPNLL"
2024,1,130,351,"SPNLL"
2024,1,135,248,"SPNLL"
2024,1,140,294,"SPNLL"
2024,1,145,183,"SPNLL"
2024,1,150,247,"SPNLL"
2024,1,155,164,"SPNLL"
2024,1,160,258,"SPNLL"
2024,1,165,187,"SPNLL"
2024,1,170,232,"SPNLL"
2024,1,175,154,"SPNLL"
2024,1,180,167,"SPNLL"
2024,1,185,86,"SPNLL"
2024,1,190,119,"SPNLL"
2024,1,195,74,"SPNLL"
2024,1,200,71,"SPNLL"
2024,1,205,39,"SPNLL"
2024,1,210,63,"SPNLL"
2024,1,215,38,"SPNLL"
2024,1,220,36,"SPNLL"
2024,1,225,15,"SPNLL"
2024,1,230,15,"SPNLL"
2024,1,235,11,"SPNLL"
2024,1,240,11,"SPNLL"
2024,1,245,6,"SPNLL"
2024,1,250,3,"SPNLL"
2024,1,255,1,"SPNLL"
2024,1,260,1,"SPNLL"
2024,1,265,1,"SPNLL"
2024,1,270,1,"SPNLL"
2024,1,280,1,"SPNLL"
2024,1,285,1,"SPNLL"
2024,1,300,1,"SPNLL"
2024,1,310,1,"SPNLL"
1971,2,60,1,"BRA-URYLL"
1971,2,70,1,"BRA-URYLL"
1971,2,75,3,"BRA-URYLL"
1971,2,80,27,"BRA-URYLL"
1971,2,85,39,"BRA-URYLL"
1971,2,90,81,"BRA-URYLL"
1971,2,95,47,"BRA-URYLL"
1971,2,100,116,"BRA-URYLL"
1971,2,105,94,"BRA-URYLL"
1971,2,110,105,"BRA-URYLL"
1971,2,115,117,"BRA-URYLL"
1971,2,120,190,"BRA-URYLL"
1971,2,130,151,"BRA-URYLL"
1971,2,135,105,"BRA-URYLL"
1971,2,140,113,"BRA-URYLL"
1971,2,145,133,"BRA-URYLL"
1971,2,150,145,"BRA-URYLL"
1971,2,155,129,"BRA-URYLL"
1971,2,160,171,"BRA-URYLL"
1971,2,165,152,"BRA-URYLL"
1971,2,170,137,"BRA-URYLL"
1971,2,175,143,"BRA-URYLL"
1971,2,180,104,"BRA-URYLL"
1971,2,190,72,"BRA-URYLL"
1971,2,195,59,"BRA-URYLL"
1971,2,200,40,"BRA-URYLL"
1971,2,205,31,"BRA-URYLL"
1971,2,210,30,"BRA-URYLL"
1971,2,215,24,"BRA-URYLL"
1971,2,220,16,"BRA-URYLL"
1971,2,225,10,"BRA-URYLL"
1971,2,230,11,"BRA-URYLL"
1971,2,235,11,"BRA-URYLL"
1971,2,240,13,"BRA-URYLL"
1971,2,250,5,"BRA-URYLL"
1971,2,255,11,"BRA-URYLL"
1971,2,260,3,"BRA-URYLL"
1971,2,265,2,"BRA-URYLL"
1971,2,270,4,"BRA-URYLL"
1971,2,275,2,"BRA-URYLL"
1971,2,280,3,"BRA-URYLL"
1971,2,285,3,"BRA-URYLL"
1971,2,290,2,"BRA-URYLL"
1971,2,295,2,"BRA-URYLL"
1972,2,75,2,"BRA-URYLL"
1972,2,80,7,"BRA-URYLL"
1972,2,85,15,"BRA-URYLL"
1972,2,90,36,"BRA-URYLL"
1972,2,95,23,"BRA-URYLL"
1972,2,100,61,"BRA-URYLL"
1972,2,105,81,"BRA-URYLL"
1972,2,110,64,"BRA-URYLL"
1972,2,115,87,"BRA-URYLL"
1972,2,120,145,"BRA-URYLL"
1972,2,130,154,"BRA-URYLL"
1972,2,135,116,"BRA-URYLL"
1972,2,140,115,"BRA-URYLL"
1972,2,145,126,"BRA-URYLL"
1972,2,150,99,"BRA-URYLL"
1972,2,155,77,"BRA-URYLL"
1972,2,160,110,"BRA-URYLL"
1972,2,165,99,"BRA-URYLL"
1972,2,170,84,"BRA-URYLL"
1972,2,175,95,"BRA-URYLL"
1972,2,180,90,"BRA-URYLL"
1972,2,190,100,"BRA-URYLL"
1972,2,195,68,"BRA-URYLL"
1972,2,200,40,"BRA-URYLL"
1972,2,205,36,"BRA-URYLL"
1972,2,210,23,"BRA-URYLL"
1972,2,215,13,"BRA-URYLL"
1972,2,220,16,"BRA-URYLL"
1972,2,225,7,"BRA-URYLL"
1972,2,230,7,"BRA-URYLL"
1972,2,235,4,"BRA-URYLL"
1972,2,240,5,"BRA-URYLL"
1972,2,250,4,"BRA-URYLL"
1972,2,255,6,"BRA-URYLL"
1972,2,260,3,"BRA-URYLL"
1972,2,265,1,"BRA-URYLL"
1972,2,270,1,"BRA-URYLL"
1972,2,275,2,"BRA-URYLL"
1972,2,280,2,"BRA-URYLL"
1972,2,290,1,"BRA-URYLL"
1972,2,295,1,"BRA-URYLL"
1972,2,305,1,"BRA-URYLL"
1973,2,75,1,"BRA-URYLL"
1973,2,80,4,"BRA-URYLL"
1973,2,85,9,"BRA-URYLL"
1973,2,90,19,"BRA-URYLL"
1973,2,95,17,"BRA-URYLL"
1973,2,100,40,"BRA-URYLL"
1973,2,105,52,"BRA-URYLL"
1973,2,110,49,"BRA-URYLL"
1973,2,115,73,"BRA-URYLL"
1973,2,120,120,"BRA-URYLL"
1973,2,130,126,"BRA-URYLL"
1973,2,135,126,"BRA-URYLL"
1973,2,140,114,"BRA-URYLL"
1973,2,145,183,"BRA-URYLL"
1973,2,150,165,"BRA-URYLL"
1973,2,155,159,"BRA-URYLL"
1973,2,160,171,"BRA-URYLL"
1973,2,165,121,"BRA-URYLL"
1973,2,170,145,"BRA-URYLL"
1973,2,175,134,"BRA-URYLL"
1973,2,180,139,"BRA-URYLL"
1973,2,190,121,"BRA-URYLL"
1973,2,195,92,"BRA-URYLL"
1973,2,200,77,"BRA-URYLL"
1973,2,205,59,"BRA-URYLL"
1973,2,210,44,"BRA-URYLL"
1973,2,215,23,"BRA-URYLL"
1973,2,220,18,"BRA-URYLL"
1973,2,225,8,"BRA-URYLL"
1973,2,230,17,"BRA-URYLL"
1973,2,235,8,"BRA-URYLL"
1973,2,240,6,"BRA-URYLL"
1973,2,250,6,"BRA-URYLL"
1973,2,255,3,"BRA-URYLL"
1973,2,260,4,"BRA-URYLL"
1973,2,265,1,"BRA-URYLL"
1973,2,270,3,"BRA-URYLL"
1973,2,275,2,"BRA-URYLL"
1973,2,280,2,"BRA-URYLL"
1973,2,285,1,"BRA-URYLL"
1973,2,290,1,"BRA-URYLL"
1973,2,295,1,"BRA-URYLL"
1973,2,315,1,"BRA-URYLL"
1974,2,80,6,"BRA-URYLL"
1974,2,85,2,"BRA-URYLL"
1974,2,90,14,"BRA-URYLL"
1974,2,95,16,"BRA-URYLL"
1974,2,100,44,"BRA-URYLL"
1974,2,105,55,"BRA-URYLL"
1974,2,110,41,"BRA-URYLL"
1974,2,115,66,"BRA-URYLL"
1974,2,120,133,"BRA-URYLL"
1974,2,130,147,"BRA-URYLL"
1974,2,135,151,"BRA-URYLL"
1974,2,140,158,"BRA-URYLL"
1974,2,145,257,"BRA-URYLL"
1974,2,150,261,"BRA-URYLL"
1974,2,155,311,"BRA-URYLL"
1974,2,160,381,"BRA-URYLL"
1974,2,165,365,"BRA-URYLL"
1974,2,170,365,"BRA-URYLL"
1974,2,175,356,"BRA-URYLL"
1974,2,180,323,"BRA-URYLL"
1974,2,190,329,"BRA-URYLL"
1974,2,195,279,"BRA-URYLL"
1974,2,200,175,"BRA-URYLL"
1974,2,205,150,"BRA-URYLL"
1974,2,210,114,"BRA-URYLL"
1974,2,215,79,"BRA-URYLL"
1974,2,220,44,"BRA-URYLL"
1974,2,225,28,"BRA-URYLL"
1974,2,230,33,"BRA-URYLL"
1974,2,235,22,"BRA-URYLL"
1974,2,240,10,"BRA-URYLL"
1974,2,250,1,"BRA-URYLL"
1974,2,255,14,"BRA-URYLL"
1974,2,260,2,"BRA-URYLL"
1974,2,265,7,"BRA-URYLL"
1974,2,270,2,"BRA-URYLL"
1974,2,275,6,"BRA-URYLL"
1974,2,280,2,"BRA-URYLL"
1974,2,285,5,"BRA-URYLL"
1974,2,290,1,"BRA-URYLL"
1974,2,295,1,"BRA-URYLL"
1974,2,300,2,"BRA-URYLL"
1974,2,315,2,"BRA-URYLL"
1975,2,85,3,"BRA-URYLL"
1975,2,90,5,"BRA-URYLL"
1975,2,95,8,"BRA-URYLL"
1975,2,100,38,"BRA-URYLL"
1975,2,105,46,"BRA-URYLL"
1975,2,110,72,"BRA-URYLL"
1975,2,115,80,"BRA-URYLL"
1975,2,120,190,"BRA-URYLL"
1975,2,130,205,"BRA-URYLL"
1975,2,135,217,"BRA-URYLL"
1975,2,140,224,"BRA-URYLL"
1975,2,145,339,"BRA-URYLL"
1975,2,150,342,"BRA-URYLL"
1975,2,155,367,"BRA-URYLL"
1975,2,160,436,"BRA-URYLL"
1975,2,165,463,"BRA-URYLL"
1975,2,170,470,"BRA-URYLL"
1975,2,175,540,"BRA-URYLL"
1975,2,180,435,"BRA-URYLL"
1975,2,190,392,"BRA-URYLL"
1975,2,195,383,"BRA-URYLL"
1975,2,200,264,"BRA-URYLL"
1975,2,205,242,"BRA-URYLL"
1975,2,210,169,"BRA-URYLL"
1975,2,215,106,"BRA-URYLL"
1975,2,220,69,"BRA-URYLL"
1975,2,225,55,"BRA-URYLL"
1975,2,230,31,"BRA-URYLL"
1975,2,235,18,"BRA-URYLL"
1975,2,240,11,"BRA-URYLL"
1975,2,250,8,"BRA-URYLL"
1975,2,255,4,"BRA-URYLL"
1975,2,260,5,"BRA-URYLL"
1975,2,265,2,"BRA-URYLL"
1975,2,270,5,"BRA-URYLL"
1975,2,275,1,"BRA-URYLL"
1975,2,280,1,"BRA-URYLL"
1975,2,285,3,"BRA-URYLL"
1975,2,295,1,"BRA-URYLL"
1975,2,300,1,"BRA-URYLL"
1975,2,305,1,"BRA-URYLL"
1975,2,315,1,"BRA-URYLL"
1975,2,320,1,"BRA-URYLL"
1976,2,75,1,"BRA-URYLL"
1976,2,80,2,"BRA-URYLL"
1976,2,85,3,"BRA-URYLL"
1976,2,90,12,"BRA-URYLL"
1976,2,95,5,"BRA-URYLL"
1976,2,100,27,"BRA-URYLL"
1976,2,105,15,"BRA-URYLL"
1976,2,110,31,"BRA-URYLL"
1976,2,115,51,"BRA-URYLL"
1976,2,120,105,"BRA-URYLL"
1976,2,130,136,"BRA-URYLL"
1976,2,135,181,"BRA-URYLL"
1976,2,140,178,"BRA-URYLL"
1976,2,145,212,"BRA-URYLL"
1976,2,150,208,"BRA-URYLL"
1976,2,155,204,"BRA-URYLL"
1976,2,160,269,"BRA-URYLL"
1976,2,165,284,"BRA-URYLL"
1976,2,170,290,"BRA-URYLL"
1976,2,175,331,"BRA-URYLL"
1976,2,180,299,"BRA-URYLL"
1976,2,190,303,"BRA-URYLL"
1976,2,195,242,"BRA-URYLL"
1976,2,200,165,"BRA-URYLL"
1976,2,205,142,"BRA-URYLL"
1976,2,210,104,"BRA-URYLL"
1976,2,215,83,"BRA-URYLL"
1976,2,220,54,"BRA-URYLL"
1976,2,225,38,"BRA-URYLL"
1976,2,230,37,"BRA-URYLL"
1976,2,235,25,"BRA-URYLL"
1976,2,240,13,"BRA-URYLL"
1976,2,250,3,"BRA-URYLL"
1976,2,255,8,"BRA-URYLL"
1976,2,260,11,"BRA-URYLL"
1976,2,265,5,"BRA-URYLL"
1976,2,270,5,"BRA-URYLL"
1976,2,275,7,"BRA-URYLL"
1976,2,280,4,"BRA-URYLL"
1976,2,285,2,"BRA-URYLL"
1976,2,290,2,"BRA-URYLL"
1976,2,295,3,"BRA-URYLL"
1976,2,300,3,"BRA-URYLL"
1976,2,305,1,"BRA-URYLL"
1976,2,320,1,"BRA-URYLL"
1977,2,80,3,"BRA-URYLL"
1977,2,85,4,"BRA-URYLL"
1977,2,90,7,"BRA-URYLL"
1977,2,95,14,"BRA-URYLL"
1977,2,100,28,"BRA-URYLL"
1977,2,105,42,"BRA-URYLL"
1977,2,110,39,"BRA-URYLL"
1977,2,115,43,"BRA-URYLL"
1977,2,120,104,"BRA-URYLL"
1977,2,130,108,"BRA-URYLL"
1977,2,135,121,"BRA-URYLL"
1977,2,140,137,"BRA-URYLL"
1977,2,145,228,"BRA-URYLL"
1977,2,150,241,"BRA-URYLL"
1977,2,155,247,"BRA-URYLL"
1977,2,160,320,"BRA-URYLL"
1977,2,165,331,"BRA-URYLL"
1977,2,170,300,"BRA-URYLL"
1977,2,175,374,"BRA-URYLL"
1977,2,180,342,"BRA-URYLL"
1977,2,190,279,"BRA-URYLL"
1977,2,195,253,"BRA-URYLL"
1977,2,200,187,"BRA-URYLL"
1977,2,205,182,"BRA-URYLL"
1977,2,210,155,"BRA-URYLL"
1977,2,215,109,"BRA-URYLL"
1977,2,220,53,"BRA-URYLL"
1977,2,225,49,"BRA-URYLL"
1977,2,230,37,"BRA-URYLL"
1977,2,235,23,"BRA-URYLL"
1977,2,240,15,"BRA-URYLL"
1977,2,250,9,"BRA-URYLL"
1977,2,255,13,"BRA-URYLL"
1977,2,260,9,"BRA-URYLL"
1977,2,265,8,"BRA-URYLL"
1977,2,270,3,"BRA-URYLL"
1977,2,275,3,"BRA-URYLL"
1977,2,280,1,"BRA-URYLL"
1977,2,285,3,"BRA-URYLL"
1977,2,290,1,"BRA-URYLL"
1977,2,295,3,"BRA-URYLL"
1978,2,75,6,"BRA-URYLL"
1978,2,80,10,"BRA-URYLL"
1978,2,85,11,"BRA-URYLL"
1978,2,90,25,"BRA-URYLL"
1978,2,95,20,"BRA-URYLL"
1978,2,100,42,"BRA-URYLL"
1978,2,105,53,"BRA-URYLL"
1978,2,110,64,"BRA-URYLL"
1978,2,115,94,"BRA-URYLL"
1978,2,120,193,"BRA-URYLL"
1978,2,130,175,"BRA-URYLL"
1978,2,135,165,"BRA-URYLL"
1978,2,140,134,"BRA-URYLL"
1978,2,145,189,"BRA-URYLL"
1978,2,150,138,"BRA-URYLL"
1978,2,155,172,"BRA-URYLL"
1978,2,160,206,"BRA-URYLL"
1978,2,165,192,"BRA-URYLL"
1978,2,170,172,"BRA-URYLL"
1978,2,175,198,"BRA-URYLL"
1978,2,180,206,"BRA-URYLL"
1978,2,190,187,"BRA-URYLL"
1978,2,195,163,"BRA-URYLL"
1978,2,200,98,"BRA-URYLL"
1978,2,205,109,"BRA-URYLL"
1978,2,210,80,"BRA-URYLL"
1978,2,215,45,"BRA-URYLL"
1978,2,220,43,"BRA-URYLL"
1978,2,225,30,"BRA-URYLL"
1978,2,230,26,"BRA-URYLL"
1978,2,235,20,"BRA-URYLL"
1978,2,240,18,"BRA-URYLL"
1978,2,250,6,"BRA-URYLL"
1978,2,255,10,"BRA-URYLL"
1978,2,260,7,"BRA-URYLL"
1978,2,265,4,"BRA-URYLL"
1978,2,270,3,"BRA-URYLL"
1978,2,275,3,"BRA-URYLL"
1978,2,280,3,"BRA-URYLL"
1978,2,285,5,"BRA-URYLL"
1978,2,295,1,"BRA-URYLL"
1978,2,305,1,"BRA-URYLL"
1978,2,315,1,"BRA-URYLL"
1979,2,80,8,"BRA-URYLL"
1979,2,85,5,"BRA-URYLL"
1979,2,90,36,"BRA-URYLL"
1979,2,95,23,"BRA-URYLL"
1979,2,100,51,"BRA-URYLL"
1979,2,105,70,"BRA-URYLL"
1979,2,110,107,"BRA-URYLL"
1979,2,115,105,"BRA-URYLL"
1979,2,120,231,"BRA-URYLL"
1979,2,130,198,"BRA-URYLL"
1979,2,135,231,"BRA-URYLL"
1979,2,140,215,"BRA-URYLL"
1979,2,145,336,"BRA-URYLL"
1979,2,150,310,"BRA-URYLL"
1979,2,155,277,"BRA-URYLL"
1979,2,160,356,"BRA-URYLL"
1979,2,165,294,"BRA-URYLL"
1979,2,170,248,"BRA-URYLL"
1979,2,175,278,"BRA-URYLL"
1979,2,180,237,"BRA-URYLL"
1979,2,190,222,"BRA-URYLL"
1979,2,195,228,"BRA-URYLL"
1979,2,200,179,"BRA-URYLL"
1979,2,205,156,"BRA-URYLL"
1979,2,210,124,"BRA-URYLL"
1979,2,215,104,"BRA-URYLL"
1979,2,220,81,"BRA-URYLL"
1979,2,225,66,"BRA-URYLL"
1979,2,230,37,"BRA-URYLL"
1979,2,235,36,"BRA-URYLL"
1979,2,240,23,"BRA-URYLL"
1979,2,250,19,"BRA-URYLL"
1979,2,255,27,"BRA-URYLL"
1979,2,260,14,"BRA-URYLL"
1979,2,265,4,"BRA-URYLL"
1979,2,270,5,"BRA-URYLL"
1979,2,275,4,"BRA-URYLL"
1979,2,280,1,"BRA-URYLL"
1979,2,285,1,"BRA-URYLL"
1979,2,290,4,"BRA-URYLL"
1979,2,300,2,"BRA-URYLL"
1979,2,305,1,"BRA-URYLL"
1979,2,320,1,"BRA-URYLL"
1980,2,60,3,"BRA-URYLL"
1980,2,70,9,"BRA-URYLL"
1980,2,75,15,"BRA-URYLL"
1980,2,80,24,"BRA-URYLL"
1980,2,85,20,"BRA-URYLL"
1980,2,90,79,"BRA-URYLL"
1980,2,95,25,"BRA-URYLL"
1980,2,100,121,"BRA-URYLL"
1980,2,105,124,"BRA-URYLL"
1980,2,110,151,"BRA-URYLL"
1980,2,115,158,"BRA-URYLL"
1980,2,120,474,"BRA-URYLL"
1980,2,130,388,"BRA-URYLL"
1980,2,135,526,"BRA-URYLL"
1980,2,140,450,"BRA-URYLL"
1980,2,145,951,"BRA-URYLL"
1980,2,150,744,"BRA-URYLL"
1980,2,155,841,"BRA-URYLL"
1980,2,160,1012,"BRA-URYLL"
1980,2,165,976,"BRA-URYLL"
1980,2,170,925,"BRA-URYLL"
1980,2,175,1165,"BRA-URYLL"
1980,2,180,1156,"BRA-URYLL"
1980,2,190,1191,"BRA-URYLL"
1980,2,195,976,"BRA-URYLL"
1980,2,200,886,"BRA-URYLL"
1980,2,205,802,"BRA-URYLL"
1980,2,210,679,"BRA-URYLL"
1980,2,215,538,"BRA-URYLL"
1980,2,220,386,"BRA-URYLL"
1980,2,225,252,"BRA-URYLL"
1980,2,230,151,"BRA-URYLL"
1980,2,235,99,"BRA-URYLL"
1980,2,240,55,"BRA-URYLL"
1980,2,250,37,"BRA-URYLL"
1980,2,255,29,"BRA-URYLL"
1980,2,260,18,"BRA-URYLL"
1980,2,265,14,"BRA-URYLL"
1980,2,270,12,"BRA-URYLL"
1980,2,275,8,"BRA-URYLL"
1980,2,280,4,"BRA-URYLL"
1980,2,285,4,"BRA-URYLL"
1980,2,290,5,"BRA-URYLL"
1980,2,300,2,"BRA-URYLL"
1981,2,60,1,"BRA-URYLL"
1981,2,70,8,"BRA-URYLL"
1981,2,75,13,"BRA-URYLL"
1981,2,80,25,"BRA-URYLL"
1981,2,85,27,"BRA-URYLL"
1981,2,90,93,"BRA-URYLL"
1981,2,95,58,"BRA-URYLL"
1981,2,100,141,"BRA-URYLL"
1981,2,105,172,"BRA-URYLL"
1981,2,110,191,"BRA-URYLL"
1981,2,115,183,"BRA-URYLL"
1981,2,120,459,"BRA-URYLL"
1981,2,130,358,"BRA-URYLL"
1981,2,135,490,"BRA-URYLL"
1981,2,140,357,"BRA-URYLL"
1981,2,145,448,"BRA-URYLL"
1981,2,150,354,"BRA-URYLL"
1981,2,155,322,"BRA-URYLL"
1981,2,160,402,"BRA-URYLL"
1981,2,165,352,"BRA-URYLL"
1981,2,170,277,"BRA-URYLL"
1981,2,175,336,"BRA-URYLL"
1981,2,180,345,"BRA-URYLL"
1981,2,190,302,"BRA-URYLL"
1981,2,195,268,"BRA-URYLL"
1981,2,200,266,"BRA-URYLL"
1981,2,205,246,"BRA-URYLL"
1981,2,210,185,"BRA-URYLL"
1981,2,215,142,"BRA-URYLL"
1981,2,220,123,"BRA-URYLL"
1981,2,225,85,"BRA-URYLL"
1981,2,230,59,"BRA-URYLL"
1981,2,235,51,"BRA-URYLL"
1981,2,240,37,"BRA-URYLL"
1981,2,250,23,"BRA-URYLL"
1981,2,255,13,"BRA-URYLL"
1981,2,260,16,"BRA-URYLL"
1981,2,265,7,"BRA-URYLL"
1981,2,270,6,"BRA-URYLL"
1981,2,275,4,"BRA-URYLL"
1981,2,280,4,"BRA-URYLL"
1981,2,285,2,"BRA-URYLL"
1981,2,290,2,"BRA-URYLL"
1981,2,300,2,"BRA-URYLL"
1981,2,305,1,"BRA-URYLL"
1981,2,315,1,"BRA-URYLL"
1982,2,75,2,"BRA-URYLL"
1982,2,80,8,"BRA-URYLL"
1982,2,85,16,"BRA-URYLL"
1982,2,90,52,"BRA-URYLL"
1982,2,95,43,"BRA-URYLL"
1982,2,100,159,"BRA-URYLL"
1982,2,105,179,"BRA-URYLL"
1982,2,110,235,"BRA-URYLL"
1982,2,115,260,"BRA-URYLL"
1982,2,120,601,"BRA-URYLL"
1982,2,130,592,"BRA-URYLL"
1982,2,135,581,"BRA-URYLL"
1982,2,140,501,"BRA-URYLL"
1982,2,145,760,"BRA-URYLL"
1982,2,150,594,"BRA-URYLL"
1982,2,155,547,"BRA-URYLL"
1982,2,160,626,"BRA-URYLL"
1982,2,165,528,"BRA-URYLL"
1982,2,170,515,"BRA-URYLL"
1982,2,175,519,"BRA-URYLL"
1982,2,180,454,"BRA-URYLL"
1982,2,190,422,"BRA-URYLL"
1982,2,195,392,"BRA-URYLL"
1982,2,200,316,"BRA-URYLL"
1982,2,205,330,"BRA-URYLL"
1982,2,210,274,"BRA-URYLL"
1982,2,215,260,"BRA-URYLL"
1982,2,220,164,"BRA-URYLL"
1982,2,225,128,"BRA-URYLL"
1982,2,230,115,"BRA-URYLL"
1982,2,235,81,"BRA-URYLL"
1982,2,240,42,"BRA-URYLL"
1982,2,250,34,"BRA-URYLL"
1982,2,255,22,"BRA-URYLL"
1982,2,260,15,"BRA-URYLL"
1982,2,265,12,"BRA-URYLL"
1982,2,270,6,"BRA-URYLL"
1982,2,275,7,"BRA-URYLL"
1982,2,280,2,"BRA-URYLL"
1982,2,290,3,"BRA-URYLL"
1982,2,300,1,"BRA-URYLL"
1982,2,305,3,"BRA-URYLL"
1982,2,320,1,"BRA-URYLL"
1983,2,60,1,"BRA-URYLL"
1983,2,80,1,"BRA-URYLL"
1983,2,85,10,"BRA-URYLL"
1983,2,90,27,"BRA-URYLL"
1983,2,95,14,"BRA-URYLL"
1983,2,100,66,"BRA-URYLL"
1983,2,105,74,"BRA-URYLL"
1983,2,110,108,"BRA-URYLL"
1983,2,115,172,"BRA-URYLL"
1983,2,120,415,"BRA-URYLL"
1983,2,130,453,"BRA-URYLL"
1983,2,135,443,"BRA-URYLL"
1983,2,140,382,"BRA-URYLL"
1983,2,145,504,"BRA-URYLL"
1983,2,150,428,"BRA-URYLL"
1983,2,155,376,"BRA-URYLL"
1983,2,160,368,"BRA-URYLL"
1983,2,165,327,"BRA-URYLL"
1983,2,170,280,"BRA-URYLL"
1983,2,175,298,"BRA-URYLL"
1983,2,180,273,"BRA-URYLL"
1983,2,190,264,"BRA-URYLL"
1983,2,195,241,"BRA-URYLL"
1983,2,200,200,"BRA-URYLL"
1983,2,205,167,"BRA-URYLL"
1983,2,210,162,"BRA-URYLL"
1983,2,215,134,"BRA-URYLL"
1983,2,220,102,"BRA-URYLL"
1983,2,225,56,"BRA-URYLL"
1983,2,230,56,"BRA-URYLL"
1983,2,235,34,"BRA-URYLL"
1983,2,240,20,"BRA-URYLL"
1983,2,250,9,"BRA-URYLL"
1983,2,255,6,"BRA-URYLL"
1983,2,260,7,"BRA-URYLL"
1983,2,265,4,"BRA-URYLL"
1983,2,270,3,"BRA-URYLL"
1983,2,280,4,"BRA-URYLL"
1983,2,290,1,"BRA-URYLL"
1984,2,75,2,"BRA-URYLL"
1984,2,80,13,"BRA-URYLL"
1984,2,85,20,"BRA-URYLL"
1984,2,90,85,"BRA-URYLL"
1984,2,95,60,"BRA-URYLL"
1984,2,100,138,"BRA-URYLL"
1984,2,105,158,"BRA-URYLL"
1984,2,110,192,"BRA-URYLL"
1984,2,115,210,"BRA-URYLL"
1984,2,120,464,"BRA-URYLL"
1984,2,130,399,"BRA-URYLL"
1984,2,135,460,"BRA-URYLL"
1984,2,140,485,"BRA-URYLL"
1984,2,145,562,"BRA-URYLL"
1984,2,150,475,"BRA-URYLL"
1984,2,155,477,"BRA-URYLL"
1984,2,160,368,"BRA-URYLL"
1984,2,165,302,"BRA-URYLL"
1984,2,170,252,"BRA-URYLL"
1984,2,175,244,"BRA-URYLL"
1984,2,180,158,"BRA-URYLL"
1984,2,190,159,"BRA-URYLL"
1984,2,195,126,"BRA-URYLL"
1984,2,200,100,"BRA-URYLL"
1984,2,205,105,"BRA-URYLL"
1984,2,210,75,"BRA-URYLL"
1984,2,215,53,"BRA-URYLL"
1984,2,220,46,"BRA-URYLL"
1984,2,225,18,"BRA-URYLL"
1984,2,230,20,"BRA-URYLL"
1984,2,235,16,"BRA-URYLL"
1984,2,240,11,"BRA-URYLL"
1984,2,250,5,"BRA-URYLL"
1984,2,255,7,"BRA-URYLL"
1984,2,260,4,"BRA-URYLL"
1984,2,265,1,"BRA-URYLL"
1984,2,270,1,"BRA-URYLL"
1984,2,280,1,"BRA-URYLL"
1984,2,285,1,"BRA-URYLL"
1984,2,300,1,"BRA-URYLL"
1985,2,80,14,"BRA-URYLL"
1985,2,85,18,"BRA-URYLL"
1985,2,90,59,"BRA-URYLL"
1985,2,95,52,"BRA-URYLL"
1985,2,100,202,"BRA-URYLL"
1985,2,105,214,"BRA-URYLL"
1985,2,110,222,"BRA-URYLL"
1985,2,115,327,"BRA-URYLL"
1985,2,120,615,"BRA-URYLL"
1985,2,130,610,"BRA-URYLL"
1985,2,135,581,"BRA-URYLL"
1985,2,140,463,"BRA-URYLL"
1985,2,145,539,"BRA-URYLL"
1985,2,150,418,"BRA-URYLL"
1985,2,155,383,"BRA-URYLL"
1985,2,160,397,"BRA-URYLL"
1985,2,165,343,"BRA-URYLL"
1985,2,170,291,"BRA-URYLL"
1985,2,175,285,"BRA-URYLL"
1985,2,180,176,"BRA-URYLL"
1985,2,190,172,"BRA-URYLL"
1985,2,195,158,"BRA-URYLL"
1985,2,200,94,"BRA-URYLL"
1985,2,205,85,"BRA-URYLL"
1985,2,210,61,"BRA-URYLL"
1985,2,215,56,"BRA-URYLL"
1985,2,220,34,"BRA-URYLL"
1985,2,225,31,"BRA-URYLL"
1985,2,230,20,"BRA-URYLL"
1985,2,235,9,"BRA-URYLL"
1985,2,240,10,"BRA-URYLL"
1985,2,250,8,"BRA-URYLL"
1985,2,255,7,"BRA-URYLL"
1985,2,260,3,"BRA-URYLL"
1985,2,265,1,"BRA-URYLL"
1985,2,275,2,"BRA-URYLL"
1985,2,280,1,"BRA-URYLL"
1985,2,300,1,"BRA-URYLL"
1985,2,325,1,"BRA-URYLL"
1986,2,80,2,"BRA-URYLL"
1986,2,85,9,"BRA-URYLL"
1986,2,90,22,"BRA-URYLL"
1986,2,95,92,"BRA-URYLL"
1986,2,100,187,"BRA-URYLL"
1986,2,105,231,"BRA-URYLL"
1986,2,110,226,"BRA-URYLL"
1986,2,115,246,"BRA-URYLL"
1986,2,120,413,"BRA-URYLL"
1986,2,130,443,"BRA-URYLL"
1986,2,135,469,"BRA-URYLL"
1986,2,140,458,"BRA-URYLL"
1986,2,145,622,"BRA-URYLL"
1986,2,150,506,"BRA-URYLL"
1986,2,155,443,"BRA-URYLL"
1986,2,160,447,"BRA-URYLL"
1986,2,165,320,"BRA-URYLL"
1986,2,170,255,"BRA-URYLL"
1986,2,175,258,"BRA-URYLL"
1986,2,180,183,"BRA-URYLL"
1986,2,190,178,"BRA-URYLL"
1986,2,195,157,"BRA-URYLL"
1986,2,200,96,"BRA-URYLL"
1986,2,205,84,"BRA-URYLL"
1986,2,210,64,"BRA-URYLL"
1986,2,215,40,"BRA-URYLL"
1986,2,220,23,"BRA-URYLL"
1986,2,225,29,"BRA-URYLL"
1986,2,230,17,"BRA-URYLL"
1986,2,235,7,"BRA-URYLL"
1986,2,240,4,"BRA-URYLL"
1986,2,250,4,"BRA-URYLL"
1986,2,255,5,"BRA-URYLL"
1986,2,260,1,"BRA-URYLL"
1986,2,265,1,"BRA-URYLL"
1986,2,270,1,"BRA-URYLL"
1986,2,275,1,"BRA-URYLL"
1986,2,285,1,"BRA-URYLL"
1986,2,290,1,"BRA-URYLL"
1986,2,295,2,"BRA-URYLL"
1986,2,330,1,"BRA-URYLL"
1987,2,80,1,"BRA-URYLL"
1987,2,85,4,"BRA-URYLL"
1987,2,90,10,"BRA-URYLL"
1987,2,95,25,"BRA-URYLL"
1987,2,100,59,"BRA-URYLL"
1987,2,105,88,"BRA-URYLL"
1987,2,110,123,"BRA-URYLL"
1987,2,115,161,"BRA-URYLL"
1987,2,120,322,"BRA-URYLL"
1987,2,130,304,"BRA-URYLL"
1987,2,135,308,"BRA-URYLL"
1987,2,140,254,"BRA-URYLL"
1987,2,145,317,"BRA-URYLL"
1987,2,150,250,"BRA-URYLL"
1987,2,155,258,"BRA-URYLL"
1987,2,160,273,"BRA-URYLL"
1987,2,165,224,"BRA-URYLL"
1987,2,170,201,"BRA-URYLL"
1987,2,175,240,"BRA-URYLL"
1987,2,180,158,"BRA-URYLL"
1987,2,190,175,"BRA-URYLL"
1987,2,195,136,"BRA-URYLL"
1987,2,200,103,"BRA-URYLL"
1987,2,205,102,"BRA-URYLL"
1987,2,210,70,"BRA-URYLL"
1987,2,215,69,"BRA-URYLL"
1987,2,220,34,"BRA-URYLL"
1987,2,225,21,"BRA-URYLL"
1987,2,230,14,"BRA-URYLL"
1987,2,235,12,"BRA-URYLL"
1987,2,240,2,"BRA-URYLL"
1987,2,250,6,"BRA-URYLL"
1987,2,255,5,"BRA-URYLL"
1987,2,260,2,"BRA-URYLL"
1987,2,265,2,"BRA-URYLL"
1987,2,275,1,"BRA-URYLL"
1987,2,280,1,"BRA-URYLL"
1987,2,290,2,"BRA-URYLL"
1988,2,60,1,"BRA-URYLL"
1988,2,70,1,"BRA-URYLL"
1988,2,75,5,"BRA-URYLL"
1988,2,80,10,"BRA-URYLL"
1988,2,85,36,"BRA-URYLL"
1988,2,90,129,"BRA-URYLL"
1988,2,95,76,"BRA-URYLL"
1988,2,100,176,"BRA-URYLL"
1988,2,105,156,"BRA-URYLL"
1988,2,110,154,"BRA-URYLL"
1988,2,115,198,"BRA-URYLL"
1988,2,120,419,"BRA-URYLL"
1988,2,130,446,"BRA-URYLL"
1988,2,135,521,"BRA-URYLL"
1988,2,140,510,"BRA-URYLL"
1988,2,145,649,"BRA-URYLL"
1988,2,150,527,"BRA-URYLL"
1988,2,155,501,"BRA-URYLL"
1988,2,160,489,"BRA-URYLL"
1988,2,165,352,"BRA-URYLL"
1988,2,170,273,"BRA-URYLL"
1988,2,175,260,"BRA-URYLL"
1988,2,180,210,"BRA-URYLL"
1988,2,190,205,"BRA-URYLL"
1988,2,195,165,"BRA-URYLL"
1988,2,200,108,"BRA-URYLL"
1988,2,205,110,"BRA-URYLL"
1988,2,210,66,"BRA-URYLL"
1988,2,215,54,"BRA-URYLL"
1988,2,220,48,"BRA-URYLL"
1988,2,225,34,"BRA-URYLL"
1988,2,230,21,"BRA-URYLL"
1988,2,235,11,"BRA-URYLL"
1988,2,240,12,"BRA-URYLL"
1988,2,250,4,"BRA-URYLL"
1988,2,255,7,"BRA-URYLL"
1988,2,260,2,"BRA-URYLL"
1988,2,265,1,"BRA-URYLL"
1988,2,270,2,"BRA-URYLL"
1988,2,275,2,"BRA-URYLL"
1989,2,75,3,"BRA-URYLL"
1989,2,80,8,"BRA-URYLL"
1989,2,85,28,"BRA-URYLL"
1989,2,90,110,"BRA-URYLL"
1989,2,95,60,"BRA-URYLL"
1989,2,100,204,"BRA-URYLL"
1989,2,105,234,"BRA-URYLL"
1989,2,110,299,"BRA-URYLL"
1989,2,115,285,"BRA-URYLL"
1989,2,120,497,"BRA-URYLL"
1989,2,130,509,"BRA-URYLL"
1989,2,135,485,"BRA-URYLL"
1989,2,140,417,"BRA-URYLL"
1989,2,145,490,"BRA-URYLL"
1989,2,150,376,"BRA-URYLL"
1989,2,155,330,"BRA-URYLL"
1989,2,160,376,"BRA-URYLL"
1989,2,165,296,"BRA-URYLL"
1989,2,170,274,"BRA-URYLL"
1989,2,175,237,"BRA-URYLL"
1989,2,180,225,"BRA-URYLL"
1989,2,190,160,"BRA-URYLL"
1989,2,195,160,"BRA-URYLL"
1989,2,200,95,"BRA-URYLL"
1989,2,205,115,"BRA-URYLL"
1989,2,210,72,"BRA-URYLL"
1989,2,215,55,"BRA-URYLL"
1989,2,220,31,"BRA-URYLL"
1989,2,225,23,"BRA-URYLL"
1989,2,230,13,"BRA-URYLL"
1989,2,235,15,"BRA-URYLL"
1989,2,240,6,"BRA-URYLL"
1989,2,255,13,"BRA-URYLL"
1989,2,260,5,"BRA-URYLL"
1989,2,265,2,"BRA-URYLL"
1989,2,280,3,"BRA-URYLL"
1989,2,295,2,"BRA-URYLL"
1989,2,300,2,"BRA-URYLL"
1990,2,70,1,"BRA-URYLL"
1990,2,75,2,"BRA-URYLL"
1990,2,80,18,"BRA-URYLL"
1990,2,85,37,"BRA-URYLL"
1990,2,90,141,"BRA-URYLL"
1990,2,95,98,"BRA-URYLL"
1990,2,100,217,"BRA-URYLL"
1990,2,105,286,"BRA-URYLL"
1990,2,110,297,"BRA-URYLL"
1990,2,115,350,"BRA-URYLL"
1990,2,120,687,"BRA-URYLL"
1990,2,130,775,"BRA-URYLL"
1990,2,135,899,"BRA-URYLL"
1990,2,140,906,"BRA-URYLL"
1990,2,145,1130,"BRA-URYLL"
1990,2,150,927,"BRA-URYLL"
1990,2,155,762,"BRA-URYLL"
1990,2,160,922,"BRA-URYLL"
1990,2,165,746,"BRA-URYLL"
1990,2,170,571,"BRA-URYLL"
1990,2,175,636,"BRA-URYLL"
1990,2,180,460,"BRA-URYLL"
1990,2,190,437,"BRA-URYLL"
1990,2,195,328,"BRA-URYLL"
1990,2,200,247,"BRA-URYLL"
1990,2,205,222,"BRA-URYLL"
1990,2,210,174,"BRA-URYLL"
1990,2,215,117,"BRA-URYLL"
1990,2,220,82,"BRA-URYLL"
1990,2,225,59,"BRA-URYLL"
1990,2,230,27,"BRA-URYLL"
1990,2,235,28,"BRA-URYLL"
1990,2,240,17,"BRA-URYLL"
1990,2,250,6,"BRA-URYLL"
1990,2,255,10,"BRA-URYLL"
1990,2,260,6,"BRA-URYLL"
1990,2,265,1,"BRA-URYLL"
1990,2,270,5,"BRA-URYLL"
1990,2,275,4,"BRA-URYLL"
1990,2,285,1,"BRA-URYLL"
1990,2,290,1,"BRA-URYLL"
1990,2,295,2,"BRA-URYLL"
1990,2,305,1,"BRA-URYLL"
1991,2,70,1,"BRA-URYLL"
1991,2,75,1,"BRA-URYLL"
1991,2,80,6,"BRA-URYLL"
1991,2,85,23,"BRA-URYLL"
1991,2,90,49,"BRA-URYLL"
1991,2,95,31,"BRA-URYLL"
1991,2,100,116,"BRA-URYLL"
1991,2,105,146,"BRA-URYLL"
1991,2,110,180,"BRA-URYLL"
1991,2,115,253,"BRA-URYLL"
1991,2,120,531,"BRA-URYLL"
1991,2,125,1,"BRA-URYLL"
1991,2,130,527,"BRA-URYLL"
1991,2,135,584,"BRA-URYLL"
1991,2,140,487,"BRA-URYLL"
1991,2,145,667,"BRA-URYLL"
1991,2,150,567,"BRA-URYLL"
1991,2,155,538,"BRA-URYLL"
1991,2,160,559,"BRA-URYLL"
1991,2,165,507,"BRA-URYLL"
1991,2,170,373,"BRA-URYLL"
1991,2,175,378,"BRA-URYLL"
1991,2,180,304,"BRA-URYLL"
1991,2,185,1,"BRA-URYLL"
1991,2,190,263,"BRA-URYLL"
1991,2,195,238,"BRA-URYLL"
1991,2,200,155,"BRA-URYLL"
1991,2,205,159,"BRA-URYLL"
1991,2,210,132,"BRA-URYLL"
1991,2,215,88,"BRA-URYLL"
1991,2,220,61,"BRA-URYLL"
1991,2,225,48,"BRA-URYLL"
1991,2,230,27,"BRA-URYLL"
1991,2,235,19,"BRA-URYLL"
1991,2,240,17,"BRA-URYLL"
1991,2,250,7,"BRA-URYLL"
1991,2,255,15,"BRA-URYLL"
1991,2,260,4,"BRA-URYLL"
1991,2,265,5,"BRA-URYLL"
1991,2,270,5,"BRA-URYLL"
1991,2,275,3,"BRA-URYLL"
1991,2,280,7,"BRA-URYLL"
1991,2,285,1,"BRA-URYLL"
1991,2,290,3,"BRA-URYLL"
1991,2,295,5,"BRA-URYLL"
1991,2,315,1,"BRA-URYLL"
1992,2,35,1,"BRA-URYLL"
1992,2,40,13,"BRA-URYLL"
1992,2,45,22,"BRA-URYLL"
1992,2,50,23,"BRA-URYLL"
1992,2,55,36,"BRA-URYLL"
1992,2,60,44,"BRA-URYLL"
1992,2,65,26,"BRA-URYLL"
1992,2,70,20,"BRA-URYLL"
1992,2,75,26,"BRA-URYLL"
1992,2,80,50,"BRA-URYLL"
1992,2,85,56,"BRA-URYLL"
1992,2,90,126,"BRA-URYLL"
1992,2,95,62,"BRA-URYLL"
1992,2,100,109,"BRA-URYLL"
1992,2,105,182,"BRA-URYLL"
1992,2,110,177,"BRA-URYLL"
1992,2,115,192,"BRA-URYLL"
1992,2,120,306,"BRA-URYLL"
1992,2,125,388,"BRA-URYLL"
1992,2,130,414,"BRA-URYLL"
1992,2,135,399,"BRA-URYLL"
1992,2,140,385,"BRA-URYLL"
1992,2,145,490,"BRA-URYLL"
1992,2,150,460,"BRA-URYLL"
1992,2,155,527,"BRA-URYLL"
1992,2,160,399,"BRA-URYLL"
1992,2,165,476,"BRA-URYLL"
1992,2,170,329,"BRA-URYLL"
1992,2,175,369,"BRA-URYLL"
1992,2,180,280,"BRA-URYLL"
1992,2,185,232,"BRA-URYLL"
1992,2,190,220,"BRA-URYLL"
1992,2,195,149,"BRA-URYLL"
1992,2,200,150,"BRA-URYLL"
1992,2,205,121,"BRA-URYLL"
1992,2,210,82,"BRA-URYLL"
1992,2,215,62,"BRA-URYLL"
1992,2,220,42,"BRA-URYLL"
1992,2,225,24,"BRA-URYLL"
1992,2,230,19,"BRA-URYLL"
1992,2,235,12,"BRA-URYLL"
1992,2,240,8,"BRA-URYLL"
1992,2,245,7,"BRA-URYLL"
1992,2,250,2,"BRA-URYLL"
1992,2,255,4,"BRA-URYLL"
1992,2,260,3,"BRA-URYLL"
1992,2,265,3,"BRA-URYLL"
1992,2,270,4,"BRA-URYLL"
1992,2,275,2,"BRA-URYLL"
1992,2,280,2,"BRA-URYLL"
1992,2,285,2,"BRA-URYLL"
1992,2,290,1,"BRA-URYLL"
1992,2,295,1,"BRA-URYLL"
1993,2,20,3,"BRA-URYLL"
1993,2,25,1,"BRA-URYLL"
1993,2,30,2,"BRA-URYLL"
1993,2,55,1,"BRA-URYLL"
1993,2,60,2,"BRA-URYLL"
1993,2,65,9,"BRA-URYLL"
1993,2,70,8,"BRA-URYLL"
1993,2,75,18,"BRA-URYLL"
1993,2,80,29,"BRA-URYLL"
1993,2,85,45,"BRA-URYLL"
1993,2,90,64,"BRA-URYLL"
1993,2,95,52,"BRA-URYLL"
1993,2,100,95,"BRA-URYLL"
1993,2,105,109,"BRA-URYLL"
1993,2,110,149,"BRA-URYLL"
1993,2,115,226,"BRA-URYLL"
1993,2,120,443,"BRA-URYLL"
1993,2,125,403,"BRA-URYLL"
1993,2,130,392,"BRA-URYLL"
1993,2,135,316,"BRA-URYLL"
1993,2,140,296,"BRA-URYLL"
1993,2,145,346,"BRA-URYLL"
1993,2,150,335,"BRA-URYLL"
1993,2,155,365,"BRA-URYLL"
1993,2,160,309,"BRA-URYLL"
1993,2,165,337,"BRA-URYLL"
1993,2,170,248,"BRA-URYLL"
1993,2,175,229,"BRA-URYLL"
1993,2,180,203,"BRA-URYLL"
1993,2,185,170,"BRA-URYLL"
1993,2,190,155,"BRA-URYLL"
1993,2,195,121,"BRA-URYLL"
1993,2,200,134,"BRA-URYLL"
1993,2,205,82,"BRA-URYLL"
1993,2,210,64,"BRA-URYLL"
1993,2,215,42,"BRA-URYLL"
1993,2,220,37,"BRA-URYLL"
1993,2,225,23,"BRA-URYLL"
1993,2,230,10,"BRA-URYLL"
1993,2,235,13,"BRA-URYLL"
1993,2,240,8,"BRA-URYLL"
1993,2,245,7,"BRA-URYLL"
1993,2,250,6,"BRA-URYLL"
1993,2,255,5,"BRA-URYLL"
1993,2,260,1,"BRA-URYLL"
1993,2,265,1,"BRA-URYLL"
1993,2,270,1,"BRA-URYLL"
1993,2,295,1,"BRA-URYLL"
1994,2,55,1,"BRA-URYLL"
1994,2,60,1,"BRA-URYLL"
1994,2,65,4,"BRA-URYLL"
1994,2,70,19,"BRA-URYLL"
1994,2,75,38,"BRA-URYLL"
1994,2,80,98,"BRA-URYLL"
1994,2,85,145,"BRA-URYLL"
1994,2,90,376,"BRA-URYLL"
1994,2,95,390,"BRA-URYLL"
1994,2,100,631,"BRA-URYLL"
1994,2,105,650,"BRA-URYLL"
1994,2,110,877,"BRA-URYLL"
1994,2,115,969,"BRA-URYLL"
1994,2,120,1441,"BRA-URYLL"
1994,2,125,1371,"BRA-URYLL"
1994,2,130,1340,"BRA-URYLL"
1994,2,135,1368,"BRA-URYLL"
1994,2,140,1390,"BRA-URYLL"
1994,2,145,1386,"BRA-URYLL"
1994,2,150,1191,"BRA-URYLL"
1994,2,155,1162,"BRA-URYLL"
1994,2,160,910,"BRA-URYLL"
1994,2,165,981,"BRA-URYLL"
1994,2,170,723,"BRA-URYLL"
1994,2,175,704,"BRA-URYLL"
1994,2,180,631,"BRA-URYLL"
1994,2,185,474,"BRA-URYLL"
1994,2,190,462,"BRA-URYLL"
1994,2,195,325,"BRA-URYLL"
1994,2,200,302,"BRA-URYLL"
1994,2,205,225,"BRA-URYLL"
1994,2,210,202,"BRA-URYLL"
1994,2,215,141,"BRA-URYLL"
1994,2,220,101,"BRA-URYLL"
1994,2,225,74,"BRA-URYLL"
1994,2,230,51,"BRA-URYLL"
1994,2,235,40,"BRA-URYLL"
1994,2,240,33,"BRA-URYLL"
1994,2,245,38,"BRA-URYLL"
1994,2,250,32,"BRA-URYLL"
1994,2,255,25,"BRA-URYLL"
1994,2,260,17,"BRA-URYLL"
1994,2,265,18,"BRA-URYLL"
1994,2,270,10,"BRA-URYLL"
1994,2,275,12,"BRA-URYLL"
1994,2,280,2,"BRA-URYLL"
1994,2,285,3,"BRA-URYLL"
1994,2,290,5,"BRA-URYLL"
1994,2,295,2,"BRA-URYLL"
1994,2,300,2,"BRA-URYLL"
1994,2,305,2,"BRA-URYLL"
1995,2,60,7,"BRA-URYLL"
1995,2,70,15,"BRA-URYLL"
1995,2,75,63,"BRA-URYLL"
1995,2,85,58,"BRA-URYLL"
1995,2,90,233,"BRA-URYLL"
1995,2,95,188,"BRA-URYLL"
1995,2,100,353,"BRA-URYLL"
1995,2,105,160,"BRA-URYLL"
1995,2,110,427,"BRA-URYLL"
1995,2,115,461,"BRA-URYLL"
1995,2,120,816,"BRA-URYLL"
1995,2,125,541,"BRA-URYLL"
1995,2,130,859,"BRA-URYLL"
1995,2,135,908,"BRA-URYLL"
1995,2,140,1103,"BRA-URYLL"
1995,2,145,1009,"BRA-URYLL"
1995,2,150,907,"BRA-URYLL"
1995,2,155,839,"BRA-URYLL"
1995,2,160,887,"BRA-URYLL"
1995,2,165,900,"BRA-URYLL"
1995,2,170,737,"BRA-URYLL"
1995,2,175,598,"BRA-URYLL"
1995,2,180,485,"BRA-URYLL"
1995,2,185,431,"BRA-URYLL"
1995,2,190,350,"BRA-URYLL"
1995,2,195,328,"BRA-URYLL"
1995,2,200,250,"BRA-URYLL"
1995,2,205,161,"BRA-URYLL"
1995,2,210,149,"BRA-URYLL"
1995,2,215,90,"BRA-URYLL"
1995,2,220,58,"BRA-URYLL"
1995,2,225,58,"BRA-URYLL"
1995,2,230,44,"BRA-URYLL"
1995,2,235,28,"BRA-URYLL"
1995,2,240,27,"BRA-URYLL"
1995,2,245,21,"BRA-URYLL"
1995,2,250,21,"BRA-URYLL"
1995,2,255,27,"BRA-URYLL"
1995,2,260,7,"BRA-URYLL"
1995,2,265,9,"BRA-URYLL"
1995,2,270,3,"BRA-URYLL"
1995,2,275,4,"BRA-URYLL"
1995,2,280,3,"BRA-URYLL"
1995,2,285,1,"BRA-URYLL"
1995,2,290,1,"BRA-URYLL"
1995,2,320,2,"BRA-URYLL"
1995,2,325,1,"BRA-URYLL"
1996,2,50,7,"BRA-URYLL"
1996,2,55,2,"BRA-URYLL"
1996,2,60,2,"BRA-URYLL"
1996,2,65,1,"BRA-URYLL"
1996,2,80,4,"BRA-URYLL"
1996,2,85,1,"BRA-URYLL"
1996,2,90,24,"BRA-URYLL"
1996,2,95,33,"BRA-URYLL"
1996,2,100,102,"BRA-URYLL"
1996,2,105,33,"BRA-URYLL"
1996,2,110,261,"BRA-URYLL"
1996,2,115,500,"BRA-URYLL"
1996,2,120,908,"BRA-URYLL"
1996,2,125,953,"BRA-URYLL"
1996,2,130,1560,"BRA-URYLL"
1996,2,135,1153,"BRA-URYLL"
1996,2,140,1594,"BRA-URYLL"
1996,2,145,1236,"BRA-URYLL"
1996,2,150,1460,"BRA-URYLL"
1996,2,155,1619,"BRA-URYLL"
1996,2,160,1587,"BRA-URYLL"
1996,2,165,1659,"BRA-URYLL"
1996,2,170,1295,"BRA-URYLL"
1996,2,175,1116,"BRA-URYLL"
1996,2,180,830,"BRA-URYLL"
1996,2,185,594,"BRA-URYLL"
1996,2,190,488,"BRA-URYLL"
1996,2,195,332,"BRA-URYLL"
1996,2,200,238,"BRA-URYLL"
1996,2,205,150,"BRA-URYLL"
1996,2,210,99,"BRA-URYLL"
1996,2,215,70,"BRA-URYLL"
1996,2,220,60,"BRA-URYLL"
1996,2,225,45,"BRA-URYLL"
1996,2,230,24,"BRA-URYLL"
1996,2,235,22,"BRA-URYLL"
1996,2,240,8,"BRA-URYLL"
1996,2,245,11,"BRA-URYLL"
1996,2,250,7,"BRA-URYLL"
1996,2,260,4,"BRA-URYLL"
1996,2,265,5,"BRA-URYLL"
1996,2,270,1,"BRA-URYLL"
1996,2,280,1,"BRA-URYLL"
1997,2,80,2,"BRA-URYLL"
1997,2,90,2,"BRA-URYLL"
1997,2,95,17,"BRA-URYLL"
1997,2,100,76,"BRA-URYLL"
1997,2,105,27,"BRA-URYLL"
1997,2,110,231,"BRA-URYLL"
1997,2,115,396,"BRA-URYLL"
1997,2,120,634,"BRA-URYLL"
1997,2,125,658,"BRA-URYLL"
1997,2,130,1196,"BRA-URYLL"
1997,2,135,988,"BRA-URYLL"
1997,2,140,1473,"BRA-URYLL"
1997,2,145,1169,"BRA-URYLL"
1997,2,150,1268,"BRA-URYLL"
1997,2,155,1170,"BRA-URYLL"
1997,2,160,998,"BRA-URYLL"
1997,2,165,850,"BRA-URYLL"
1997,2,170,603,"BRA-URYLL"
1997,2,175,512,"BRA-URYLL"
1997,2,180,429,"BRA-URYLL"
1997,2,185,369,"BRA-URYLL"
1997,2,190,338,"BRA-URYLL"
1997,2,195,248,"BRA-URYLL"
1997,2,200,232,"BRA-URYLL"
1997,2,205,209,"BRA-URYLL"
1997,2,210,197,"BRA-URYLL"
1997,2,215,148,"BRA-URYLL"
1997,2,220,114,"BRA-URYLL"
1997,2,225,100,"BRA-URYLL"
1997,2,230,79,"BRA-URYLL"
1997,2,235,38,"BRA-URYLL"
1997,2,240,32,"BRA-URYLL"
1997,2,245,17,"BRA-URYLL"
1997,2,250,11,"BRA-URYLL"
1997,2,255,6,"BRA-URYLL"
1997,2,260,4,"BRA-URYLL"
1997,2,275,1,"BRA-URYLL"
1998,2,70,1,"BRA-URYLL"
1998,2,75,1,"BRA-URYLL"
1998,2,80,4,"BRA-URYLL"
1998,2,85,2,"BRA-URYLL"
1998,2,90,1,"BRA-URYLL"
1998,2,95,4,"BRA-URYLL"
1998,2,100,19,"BRA-URYLL"
1998,2,105,7,"BRA-URYLL"
1998,2,110,101,"BRA-URYLL"
1998,2,115,203,"BRA-URYLL"
1998,2,120,319,"BRA-URYLL"
1998,2,125,416,"BRA-URYLL"
1998,2,130,565,"BRA-URYLL"
1998,2,135,542,"BRA-URYLL"
1998,2,140,850,"BRA-URYLL"
1998,2,145,822,"BRA-URYLL"
1998,2,150,958,"BRA-URYLL"
1998,2,155,824,"BRA-URYLL"
1998,2,160,698,"BRA-URYLL"
1998,2,165,530,"BRA-URYLL"
1998,2,170,380,"BRA-URYLL"
1998,2,175,302,"BRA-URYLL"
1998,2,180,239,"BRA-URYLL"
1998,2,185,194,"BRA-URYLL"
1998,2,190,127,"BRA-URYLL"
1998,2,195,73,"BRA-URYLL"
1998,2,200,111,"BRA-URYLL"
1998,2,205,56,"BRA-URYLL"
1998,2,210,47,"BRA-URYLL"
1998,2,215,43,"BRA-URYLL"
1998,2,220,23,"BRA-URYLL"
1998,2,225,27,"BRA-URYLL"
1998,2,230,35,"BRA-URYLL"
1998,2,235,14,"BRA-URYLL"
1998,2,240,17,"BRA-URYLL"
1998,2,245,4,"BRA-URYLL"
1998,2,250,7,"BRA-URYLL"
1998,2,255,6,"BRA-URYLL"
1998,2,260,8,"BRA-URYLL"
1998,2,265,5,"BRA-URYLL"
1998,2,270,3,"BRA-URYLL"
1998,2,275,1,"BRA-URYLL"
1998,2,295,1,"BRA-URYLL"
1998,2,305,2,"BRA-URYLL"
1999,2,65,1,"BRA-URYLL"
1999,2,70,3,"BRA-URYLL"
1999,2,75,5,"BRA-URYLL"
1999,2,80,11,"BRA-URYLL"
1999,2,85,35,"BRA-URYLL"
1999,2,90,51,"BRA-URYLL"
1999,2,95,64,"BRA-URYLL"
1999,2,100,94,"BRA-URYLL"
1999,2,105,112,"BRA-URYLL"
1999,2,110,116,"BRA-URYLL"
1999,2,115,201,"BRA-URYLL"
1999,2,120,196,"BRA-URYLL"
1999,2,125,184,"BRA-URYLL"
1999,2,130,198,"BRA-URYLL"
1999,2,135,166,"BRA-URYLL"
1999,2,140,148,"BRA-URYLL"
1999,2,145,132,"BRA-URYLL"
1999,2,150,126,"BRA-URYLL"
1999,2,155,87,"BRA-URYLL"
1999,2,160,90,"BRA-URYLL"
1999,2,165,92,"BRA-URYLL"
1999,2,170,82,"BRA-URYLL"
1999,2,175,66,"BRA-URYLL"
1999,2,180,51,"BRA-URYLL"
1999,2,185,62,"BRA-URYLL"
1999,2,190,32,"BRA-URYLL"
1999,2,195,30,"BRA-URYLL"
1999,2,200,24,"BRA-URYLL"
1999,2,205,18,"BRA-URYLL"
1999,2,210,18,"BRA-URYLL"
1999,2,215,18,"BRA-URYLL"
1999,2,220,24,"BRA-URYLL"
1999,2,225,7,"BRA-URYLL"
1999,2,230,13,"BRA-URYLL"
1999,2,235,11,"BRA-URYLL"
1999,2,240,4,"BRA-URYLL"
1999,2,245,7,"BRA-URYLL"
1999,2,255,4,"BRA-URYLL"
1999,2,260,1,"BRA-URYLL"
1999,2,265,1,"BRA-URYLL"
1999,2,270,1,"BRA-URYLL"
1999,2,325,1,"BRA-URYLL"
2000,2,65,13,"BRA-URYLL"
2000,2,70,26,"BRA-URYLL"
2000,2,75,52,"BRA-URYLL"
2000,2,80,44,"BRA-URYLL"
2000,2,85,51,"BRA-URYLL"
2000,2,90,56,"BRA-URYLL"
2000,2,95,81,"BRA-URYLL"
2000,2,100,120,"BRA-URYLL"
2000,2,105,194,"BRA-URYLL"
2000,2,110,226,"BRA-URYLL"
2000,2,115,242,"BRA-URYLL"
2000,2,120,293,"BRA-URYLL"
2000,2,125,293,"BRA-URYLL"
2000,2,130,275,"BRA-URYLL"
2000,2,135,229,"BRA-URYLL"
2000,2,140,178,"BRA-URYLL"
2000,2,145,169,"BRA-URYLL"
2000,2,150,138,"BRA-URYLL"
2000,2,155,177,"BRA-URYLL"
2000,2,160,143,"BRA-URYLL"
2000,2,165,170,"BRA-URYLL"
2000,2,170,209,"BRA-URYLL"
2000,2,175,149,"BRA-URYLL"
2000,2,180,224,"BRA-URYLL"
2000,2,185,135,"BRA-URYLL"
2000,2,190,174,"BRA-URYLL"
2000,2,195,135,"BRA-URYLL"
2000,2,200,98,"BRA-URYLL"
2000,2,205,81,"BRA-URYLL"
2000,2,210,44,"BRA-URYLL"
2000,2,215,50,"BRA-URYLL"
2000,2,220,34,"BRA-URYLL"
2000,2,225,21,"BRA-URYLL"
2000,2,230,21,"BRA-URYLL"
2000,2,235,17,"BRA-URYLL"
2000,2,240,8,"BRA-URYLL"
2000,2,245,4,"BRA-URYLL"
2000,2,250,9,"BRA-URYLL"
2000,2,255,11,"BRA-URYLL"
2000,2,260,5,"BRA-URYLL"
2000,2,265,9,"BRA-URYLL"
2000,2,270,3,"BRA-URYLL"
2000,2,275,6,"BRA-URYLL"
2000,2,280,4,"BRA-URYLL"
2000,2,285,3,"BRA-URYLL"
2000,2,290,5,"BRA-URYLL"
2000,2,300,4,"BRA-URYLL"
2000,2,305,2,"BRA-URYLL"
2000,2,310,2,"BRA-URYLL"
2000,2,315,1,"BRA-URYLL"
2000,2,325,1,"BRA-URYLL"
2000,2,350,1,"BRA-URYLL"
2001,2,75,5,"BRA-URYLL"
2001,2,80,8,"BRA-URYLL"
2001,2,85,27,"BRA-URYLL"
2001,2,90,32,"BRA-URYLL"
2001,2,95,46,"BRA-URYLL"
2001,2,100,78,"BRA-URYLL"
2001,2,105,110,"BRA-URYLL"
2001,2,110,134,"BRA-URYLL"
2001,2,115,103,"BRA-URYLL"
2001,2,120,116,"BRA-URYLL"
2001,2,125,129,"BRA-URYLL"
2001,2,130,157,"BRA-URYLL"
2001,2,135,172,"BRA-URYLL"
2001,2,140,132,"BRA-URYLL"
2001,2,145,154,"BRA-URYLL"
2001,2,150,144,"BRA-URYLL"
2001,2,155,154,"BRA-URYLL"
2001,2,160,136,"BRA-URYLL"
2001,2,165,113,"BRA-URYLL"
2001,2,170,114,"BRA-URYLL"
2001,2,175,97,"BRA-URYLL"
2001,2,180,127,"BRA-URYLL"
2001,2,185,96,"BRA-URYLL"
2001,2,190,112,"BRA-URYLL"
2001,2,195,113,"BRA-URYLL"
2001,2,200,78,"BRA-URYLL"
2001,2,205,65,"BRA-URYLL"
2001,2,210,58,"BRA-URYLL"
2001,2,215,64,"BRA-URYLL"
2001,2,220,40,"BRA-URYLL"
2001,2,225,30,"BRA-URYLL"
2001,2,230,37,"BRA-URYLL"
2001,2,235,44,"BRA-URYLL"
2001,2,240,28,"BRA-URYLL"
2001,2,245,25,"BRA-URYLL"
2001,2,250,26,"BRA-URYLL"
2001,2,255,34,"BRA-URYLL"
2001,2,260,8,"BRA-URYLL"
2001,2,265,19,"BRA-URYLL"
2001,2,270,7,"BRA-URYLL"
2001,2,275,36,"BRA-URYLL"
2001,2,280,7,"BRA-URYLL"
2001,2,285,4,"BRA-URYLL"
2001,2,290,8,"BRA-URYLL"
2001,2,295,19,"BRA-URYLL"
2001,2,300,4,"BRA-URYLL"
2001,2,305,4,"BRA-URYLL"
2001,2,310,3,"BRA-URYLL"
2001,2,315,10,"BRA-URYLL"
2001,2,320,1,"BRA-URYLL"
2001,2,325,5,"BRA-URYLL"
2001,2,335,2,"BRA-URYLL"
2001,2,340,2,"BRA-URYLL"
2001,2,345,1,"BRA-URYLL"
2001,2,350,5,"BRA-URYLL"
2001,2,355,1,"BRA-URYLL"
2001,2,365,1,"BRA-URYLL"
2001,2,370,1,"BRA-URYLL"
2001,2,375,2,"BRA-URYLL"
2001,2,390,5,"BRA-URYLL"
2001,2,400,2,"BRA-URYLL"
2001,2,410,2,"BRA-URYLL"
2002,2,75,1,"BRA-URYLL"
2002,2,80,2,"BRA-URYLL"
2002,2,85,6,"BRA-URYLL"
2002,2,90,6,"BRA-URYLL"
2002,2,95,17,"BRA-URYLL"
2002,2,100,23,"BRA-URYLL"
2002,2,105,32,"BRA-URYLL"
2002,2,110,58,"BRA-URYLL"
2002,2,115,60,"BRA-URYLL"
2002,2,120,84,"BRA-URYLL"
2002,2,125,79,"BRA-URYLL"
2002,2,130,75,"BRA-URYLL"
2002,2,135,77,"BRA-URYLL"
2002,2,140,60,"BRA-URYLL"
2002,2,145,57,"BRA-URYLL"
2002,2,150,40,"BRA-URYLL"
2002,2,155,59,"BRA-URYLL"
2002,2,160,70,"BRA-URYLL"
2002,2,165,73,"BRA-URYLL"
2002,2,170,78,"BRA-URYLL"
2002,2,175,42,"BRA-URYLL"
2002,2,180,67,"BRA-URYLL"
2002,2,185,30,"BRA-URYLL"
2002,2,190,38,"BRA-URYLL"
2002,2,195,40,"BRA-URYLL"
2002,2,200,35,"BRA-URYLL"
2002,2,205,12,"BRA-URYLL"
2002,2,210,23,"BRA-URYLL"
2002,2,215,14,"BRA-URYLL"
2002,2,220,9,"BRA-URYLL"
2002,2,225,5,"BRA-URYLL"
2002,2,230,9,"BRA-URYLL"
2002,2,235,3,"BRA-URYLL"
2002,2,240,4,"BRA-URYLL"
2002,2,245,5,"BRA-URYLL"
2002,2,250,5,"BRA-URYLL"
2002,2,255,2,"BRA-URYLL"
2002,2,260,2,"BRA-URYLL"
2002,2,265,1,"BRA-URYLL"
2002,2,270,3,"BRA-URYLL"
2002,2,275,1,"BRA-URYLL"
2002,2,280,4,"BRA-URYLL"
2002,2,285,1,"BRA-URYLL"
2002,2,290,2,"BRA-URYLL"
2002,2,295,2,"BRA-URYLL"
2002,2,310,1,"BRA-URYLL"
2002,2,380,1,"BRA-URYLL"
2003,2,70,1,"BRA-URYLL"
2003,2,75,1,"BRA-URYLL"
2003,2,80,4,"BRA-URYLL"
2003,2,85,5,"BRA-URYLL"
2003,2,90,6,"BRA-URYLL"
2003,2,95,3,"BRA-URYLL"
2003,2,100,2,"BRA-URYLL"
2003,2,105,3,"BRA-URYLL"
2003,2,110,14,"BRA-URYLL"
2003,2,115,23,"BRA-URYLL"
2003,2,120,23,"BRA-URYLL"
2003,2,125,50,"BRA-URYLL"
2003,2,130,85,"BRA-URYLL"
2003,2,135,109,"BRA-URYLL"
2003,2,140,106,"BRA-URYLL"
2003,2,145,174,"BRA-URYLL"
2003,2,150,170,"BRA-URYLL"
2003,2,155,172,"BRA-URYLL"
2003,2,160,228,"BRA-URYLL"
2003,2,165,157,"BRA-URYLL"
2003,2,170,145,"BRA-URYLL"
2003,2,175,118,"BRA-URYLL"
2003,2,180,98,"BRA-URYLL"
2003,2,185,77,"BRA-URYLL"
2003,2,190,76,"BRA-URYLL"
2003,2,195,49,"BRA-URYLL"
2003,2,200,45,"BRA-URYLL"
2003,2,205,56,"BRA-URYLL"
2003,2,210,33,"BRA-URYLL"
2003,2,215,26,"BRA-URYLL"
2003,2,220,34,"BRA-URYLL"
2003,2,225,25,"BRA-URYLL"
2003,2,230,15,"BRA-URYLL"
2003,2,235,10,"BRA-URYLL"
2003,2,240,17,"BRA-URYLL"
2003,2,245,11,"BRA-URYLL"
2003,2,250,1,"BRA-URYLL"
2003,2,255,3,"BRA-URYLL"
2003,2,260,2,"BRA-URYLL"
2003,2,265,3,"BRA-URYLL"
2003,2,270,1,"BRA-URYLL"
2003,2,275,1,"BRA-URYLL"
2003,2,285,1,"BRA-URYLL"
2003,2,295,1,"BRA-URYLL"
2003,2,305,2,"BRA-URYLL"
2003,2,335,1,"BRA-URYLL"
2004,2,55,1,"BRA-URYLL"
2004,2,65,3,"BRA-URYLL"
2004,2,70,9,"BRA-URYLL"
2004,2,75,28,"BRA-URYLL"
2004,2,80,49,"BRA-URYLL"
2004,2,85,66,"BRA-URYLL"
2004,2,90,75,"BRA-URYLL"
2004,2,95,31,"BRA-URYLL"
2004,2,100,255,"BRA-URYLL"
2004,2,105,678,"BRA-URYLL"
2004,2,110,1272,"BRA-URYLL"
2004,2,115,1770,"BRA-URYLL"
2004,2,120,112,"BRA-URYLL"
2004,2,125,1698,"BRA-URYLL"
2004,2,130,1377,"BRA-URYLL"
2004,2,135,946,"BRA-URYLL"
2004,2,140,770,"BRA-URYLL"
2004,2,145,450,"BRA-URYLL"
2004,2,150,848,"BRA-URYLL"
2004,2,155,928,"BRA-URYLL"
2004,2,160,984,"BRA-URYLL"
2004,2,165,1155,"BRA-URYLL"
2004,2,170,1321,"BRA-URYLL"
2004,2,175,1040,"BRA-URYLL"
2004,2,180,1310,"BRA-URYLL"
2004,2,185,898,"BRA-URYLL"
2004,2,190,923,"BRA-URYLL"
2004,2,195,721,"BRA-URYLL"
2004,2,200,406,"BRA-URYLL"
2004,2,205,469,"BRA-URYLL"
2004,2,210,242,"BRA-URYLL"
2004,2,215,261,"BRA-URYLL"
2004,2,220,222,"BRA-URYLL"
2004,2,225,136,"BRA-URYLL"
2004,2,230,140,"BRA-URYLL"
2004,2,235,88,"BRA-URYLL"
2004,2,240,103,"BRA-URYLL"
2004,2,245,53,"BRA-URYLL"
2004,2,250,60,"BRA-URYLL"
2004,2,255,44,"BRA-URYLL"
2004,2,260,31,"BRA-URYLL"
2004,2,265,45,"BRA-URYLL"
2004,2,270,32,"BRA-URYLL"
2004,2,275,32,"BRA-URYLL"
2004,2,280,26,"BRA-URYLL"
2004,2,285,18,"BRA-URYLL"
2004,2,290,24,"BRA-URYLL"
2004,2,295,3,"BRA-URYLL"
2004,2,300,3,"BRA-URYLL"
2004,2,305,12,"BRA-URYLL"
2004,2,310,8,"BRA-URYLL"
2004,2,315,6,"BRA-URYLL"
2004,2,320,5,"BRA-URYLL"
2004,2,325,0,"BRA-URYLL"
2004,2,330,0,"BRA-URYLL"
2004,2,335,3,"BRA-URYLL"
2004,2,340,2,"BRA-URYLL"
2004,2,345,0,"BRA-URYLL"
2004,2,350,0,"BRA-URYLL"
2004,2,355,0,"BRA-URYLL"
2004,2,360,0,"BRA-URYLL"
2004,2,365,0,"BRA-URYLL"
2004,2,370,0,"BRA-URYLL"
2005,2,55,6,"BRA-URYLL"
2005,2,60,30,"BRA-URYLL"
2005,2,65,149,"BRA-URYLL"
2005,2,70,169,"BRA-URYLL"
2005,2,75,400,"BRA-URYLL"
2005,2,80,527,"BRA-URYLL"
2005,2,85,511,"BRA-URYLL"
2005,2,90,719,"BRA-URYLL"
2005,2,95,1074,"BRA-URYLL"
2005,2,100,1736,"BRA-URYLL"
2005,2,105,1011,"BRA-URYLL"
2005,2,110,1184,"BRA-URYLL"
2005,2,115,981,"BRA-URYLL"
2005,2,120,1185,"BRA-URYLL"
2005,2,125,931,"BRA-URYLL"
2005,2,130,1417,"BRA-URYLL"
2005,2,135,1028,"BRA-URYLL"
2005,2,140,1496,"BRA-URYLL"
2005,2,145,983,"BRA-URYLL"
2005,2,150,1378,"BRA-URYLL"
2005,2,155,802,"BRA-URYLL"
2005,2,160,1067,"BRA-URYLL"
2005,2,165,827,"BRA-URYLL"
2005,2,170,829,"BRA-URYLL"
2005,2,175,496,"BRA-URYLL"
2005,2,180,685,"BRA-URYLL"
2005,2,185,402,"BRA-URYLL"
2005,2,190,494,"BRA-URYLL"
2005,2,195,200,"BRA-URYLL"
2005,2,200,294,"BRA-URYLL"
2005,2,205,195,"BRA-URYLL"
2005,2,210,184,"BRA-URYLL"
2005,2,215,100,"BRA-URYLL"
2005,2,220,158,"BRA-URYLL"
2005,2,225,69,"BRA-URYLL"
2005,2,230,88,"BRA-URYLL"
2005,2,235,35,"BRA-URYLL"
2005,2,240,33,"BRA-URYLL"
2005,2,245,37,"BRA-URYLL"
2005,2,250,36,"BRA-URYLL"
2005,2,255,33,"BRA-URYLL"
2005,2,260,22,"BRA-URYLL"
2005,2,265,10,"BRA-URYLL"
2005,2,270,23,"BRA-URYLL"
2005,2,275,12,"BRA-URYLL"
2005,2,280,9,"BRA-URYLL"
2005,2,285,13,"BRA-URYLL"
2005,2,290,4,"BRA-URYLL"
2005,2,295,2,"BRA-URYLL"
2005,2,300,2,"BRA-URYLL"
2005,2,310,1,"BRA-URYLL"
2005,2,320,3,"BRA-URYLL"
2005,2,335,2,"BRA-URYLL"
2005,2,350,4,"BRA-URYLL"
2006,2,35,1,"BRA-URYLL"
2006,2,40,2,"BRA-URYLL"
2006,2,45,1,"BRA-URYLL"
2006,2,50,2,"BRA-URYLL"
2006,2,55,2,"BRA-URYLL"
2006,2,60,18,"BRA-URYLL"
2006,2,65,82,"BRA-URYLL"
2006,2,70,152,"BRA-URYLL"
2006,2,75,282,"BRA-URYLL"
2006,2,80,507,"BRA-URYLL"
2006,2,85,449,"BRA-URYLL"
2006,2,90,907,"BRA-URYLL"
2006,2,95,1033,"BRA-URYLL"
2006,2,100,2026,"BRA-URYLL"
2006,2,105,1372,"BRA-URYLL"
2006,2,110,2067,"BRA-URYLL"
2006,2,115,1925,"BRA-URYLL"
2006,2,120,2370,"BRA-URYLL"
2006,2,125,2011,"BRA-URYLL"
2006,2,130,3084,"BRA-URYLL"
2006,2,135,2586,"BRA-URYLL"
2006,2,140,3893,"BRA-URYLL"
2006,2,145,2810,"BRA-URYLL"
2006,2,150,3943,"BRA-URYLL"
2006,2,155,2391,"BRA-URYLL"
2006,2,160,3267,"BRA-URYLL"
2006,2,165,2370,"BRA-URYLL"
2006,2,170,2505,"BRA-URYLL"
2006,2,175,1448,"BRA-URYLL"
2006,2,180,1997,"BRA-URYLL"
2006,2,185,1037,"BRA-URYLL"
2006,2,190,1283,"BRA-URYLL"
2006,2,195,710,"BRA-URYLL"
2006,2,200,776,"BRA-URYLL"
2006,2,205,516,"BRA-URYLL"
2006,2,210,471,"BRA-URYLL"
2006,2,215,251,"BRA-URYLL"
2006,2,220,359,"BRA-URYLL"
2006,2,225,200,"BRA-URYLL"
2006,2,230,227,"BRA-URYLL"
2006,2,235,114,"BRA-URYLL"
2006,2,240,134,"BRA-URYLL"
2006,2,245,107,"BRA-URYLL"
2006,2,250,101,"BRA-URYLL"
2006,2,255,65,"BRA-URYLL"
2006,2,260,57,"BRA-URYLL"
2006,2,265,17,"BRA-URYLL"
2006,2,270,46,"BRA-URYLL"
2006,2,275,29,"BRA-URYLL"
2006,2,280,23,"BRA-URYLL"
2006,2,285,8,"BRA-URYLL"
2006,2,290,11,"BRA-URYLL"
2006,2,295,10,"BRA-URYLL"
2006,2,300,11,"BRA-URYLL"
2006,2,305,2,"BRA-URYLL"
2006,2,310,6,"BRA-URYLL"
2006,2,315,2,"BRA-URYLL"
2006,2,320,3,"BRA-URYLL"
2006,2,330,2,"BRA-URYLL"
2006,2,340,1,"BRA-URYLL"
2006,2,360,1,"BRA-URYLL"
2006,2,370,1,"BRA-URYLL"
2007,2,45,1,"BRA-URYLL"
2007,2,50,1,"BRA-URYLL"
2007,2,65,2,"BRA-URYLL"
2007,2,70,8,"BRA-URYLL"
2007,2,75,11,"BRA-URYLL"
2007,2,80,39,"BRA-URYLL"
2007,2,85,45,"BRA-URYLL"
2007,2,90,134,"BRA-URYLL"
2007,2,95,148,"BRA-URYLL"
2007,2,100,244,"BRA-URYLL"
2007,2,105,193,"BRA-URYLL"
2007,2,110,466,"BRA-URYLL"
2007,2,115,585,"BRA-URYLL"
2007,2,120,1048,"BRA-URYLL"
2007,2,125,868,"BRA-URYLL"
2007,2,130,1511,"BRA-URYLL"
2007,2,135,1275,"BRA-URYLL"
2007,2,140,1918,"BRA-URYLL"
2007,2,145,1569,"BRA-URYLL"
2007,2,150,2035,"BRA-URYLL"
2007,2,155,1435,"BRA-URYLL"
2007,2,160,1768,"BRA-URYLL"
2007,2,165,1290,"BRA-URYLL"
2007,2,170,1359,"BRA-URYLL"
2007,2,175,950,"BRA-URYLL"
2007,2,180,862,"BRA-URYLL"
2007,2,185,536,"BRA-URYLL"
2007,2,190,597,"BRA-URYLL"
2007,2,195,364,"BRA-URYLL"
2007,2,200,419,"BRA-URYLL"
2007,2,205,273,"BRA-URYLL"
2007,2,210,282,"BRA-URYLL"
2007,2,215,139,"BRA-URYLL"
2007,2,220,174,"BRA-URYLL"
2007,2,225,96,"BRA-URYLL"
2007,2,230,124,"BRA-URYLL"
2007,2,235,74,"BRA-URYLL"
2007,2,240,72,"BRA-URYLL"
2007,2,245,35,"BRA-URYLL"
2007,2,250,41,"BRA-URYLL"
2007,2,255,18,"BRA-URYLL"
2007,2,260,24,"BRA-URYLL"
2007,2,265,7,"BRA-URYLL"
2007,2,270,11,"BRA-URYLL"
2007,2,275,5,"BRA-URYLL"
2007,2,280,4,"BRA-URYLL"
2007,2,285,6,"BRA-URYLL"
2007,2,290,3,"BRA-URYLL"
2007,2,295,2,"BRA-URYLL"
2007,2,310,2,"BRA-URYLL"
2008,2,70,5,"BRA-URYLL"
2008,2,75,14,"BRA-URYLL"
2008,2,80,44,"BRA-URYLL"
2008,2,85,92,"BRA-URYLL"
2008,2,90,161,"BRA-URYLL"
2008,2,95,209,"BRA-URYLL"
2008,2,100,275,"BRA-URYLL"
2008,2,105,285,"BRA-URYLL"
2008,2,110,533,"BRA-URYLL"
2008,2,115,284,"BRA-URYLL"
2008,2,120,832,"BRA-URYLL"
2008,2,125,656,"BRA-URYLL"
2008,2,130,898,"BRA-URYLL"
2008,2,135,664,"BRA-URYLL"
2008,2,140,1425,"BRA-URYLL"
2008,2,145,821,"BRA-URYLL"
2008,2,150,1434,"BRA-URYLL"
2008,2,155,655,"BRA-URYLL"
2008,2,160,806,"BRA-URYLL"
2008,2,165,538,"BRA-URYLL"
2008,2,170,639,"BRA-URYLL"
2008,2,175,514,"BRA-URYLL"
2008,2,180,412,"BRA-URYLL"
2008,2,185,256,"BRA-URYLL"
2008,2,190,261,"BRA-URYLL"
2008,2,195,177,"BRA-URYLL"
2008,2,200,181,"BRA-URYLL"
2008,2,205,102,"BRA-URYLL"
2008,2,210,115,"BRA-URYLL"
2008,2,215,77,"BRA-URYLL"
2008,2,220,75,"BRA-URYLL"
2008,2,225,59,"BRA-URYLL"
2008,2,230,47,"BRA-URYLL"
2008,2,235,37,"BRA-URYLL"
2008,2,240,33,"BRA-URYLL"
2008,2,245,20,"BRA-URYLL"
2008,2,250,17,"BRA-URYLL"
2008,2,255,5,"BRA-URYLL"
2008,2,260,8,"BRA-URYLL"
2008,2,265,3,"BRA-URYLL"
2008,2,270,3,"BRA-URYLL"
2008,2,285,3,"BRA-URYLL"
2008,2,290,1,"BRA-URYLL"
2008,2,300,2,"BRA-URYLL"
2009,2,25,1,"BRA-URYLL"
2009,2,60,1,"BRA-URYLL"
2009,2,70,2,"BRA-URYLL"
2009,2,75,16,"BRA-URYLL"
2009,2,80,31,"BRA-URYLL"
2009,2,85,50,"BRA-URYLL"
2009,2,90,42,"BRA-URYLL"
2009,2,95,43,"BRA-URYLL"
2009,2,100,74,"BRA-URYLL"
2009,2,105,81,"BRA-URYLL"
2009,2,110,149,"BRA-URYLL"
2009,2,115,135,"BRA-URYLL"
2009,2,120,209,"BRA-URYLL"
2009,2,125,208,"BRA-URYLL"
2009,2,130,295,"BRA-URYLL"
2009,2,135,277,"BRA-URYLL"
2009,2,140,453,"BRA-URYLL"
2009,2,145,364,"BRA-URYLL"
2009,2,150,416,"BRA-URYLL"
2009,2,155,305,"BRA-URYLL"
2009,2,160,332,"BRA-URYLL"
2009,2,165,243,"BRA-URYLL"
2009,2,170,269,"BRA-URYLL"
2009,2,175,194,"BRA-URYLL"
2009,2,180,226,"BRA-URYLL"
2009,2,185,152,"BRA-URYLL"
2009,2,190,171,"BRA-URYLL"
2009,2,195,147,"BRA-URYLL"
2009,2,200,156,"BRA-URYLL"
2009,2,205,118,"BRA-URYLL"
2009,2,210,108,"BRA-URYLL"
2009,2,215,90,"BRA-URYLL"
2009,2,220,109,"BRA-URYLL"
2009,2,225,76,"BRA-URYLL"
2009,2,230,75,"BRA-URYLL"
2009,2,235,42,"BRA-URYLL"
2009,2,240,51,"BRA-URYLL"
2009,2,245,30,"BRA-URYLL"
2009,2,250,36,"BRA-URYLL"
2009,2,255,19,"BRA-URYLL"
2009,2,260,19,"BRA-URYLL"
2009,2,265,18,"BRA-URYLL"
2009,2,270,10,"BRA-URYLL"
2009,2,275,3,"BRA-URYLL"
2009,2,280,3,"BRA-URYLL"
2009,2,285,6,"BRA-URYLL"
2009,2,290,5,"BRA-URYLL"
2009,2,300,1,"BRA-URYLL"
2009,2,310,1,"BRA-URYLL"
2009,2,330,1,"BRA-URYLL"
2010,2,65,1,"BRA-URYLL"
2010,2,70,3,"BRA-URYLL"
2010,2,75,6,"BRA-URYLL"
2010,2,80,17,"BRA-URYLL"
2010,2,85,26,"BRA-URYLL"
2010,2,90,22,"BRA-URYLL"
2010,2,95,15,"BRA-URYLL"
2010,2,100,17,"BRA-URYLL"
2010,2,105,8,"BRA-URYLL"
2010,2,110,16,"BRA-URYLL"
2010,2,115,17,"BRA-URYLL"
2010,2,120,42,"BRA-URYLL"
2010,2,125,35,"BRA-URYLL"
2010,2,130,148,"BRA-URYLL"
2010,2,135,54,"BRA-URYLL"
2010,2,140,119,"BRA-URYLL"
2010,2,145,59,"BRA-URYLL"
2010,2,150,150,"BRA-URYLL"
2010,2,155,84,"BRA-URYLL"
2010,2,160,267,"BRA-URYLL"
2010,2,165,76,"BRA-URYLL"
2010,2,170,93,"BRA-URYLL"
2010,2,175,88,"BRA-URYLL"
2010,2,180,97,"BRA-URYLL"
2010,2,185,52,"BRA-URYLL"
2010,2,190,126,"BRA-URYLL"
2010,2,195,56,"BRA-URYLL"
2010,2,200,74,"BRA-URYLL"
2010,2,205,35,"BRA-URYLL"
2010,2,210,28,"BRA-URYLL"
2010,2,215,36,"BRA-URYLL"
2010,2,220,70,"BRA-URYLL"
2010,2,225,18,"BRA-URYLL"
2010,2,230,19,"BRA-URYLL"
2010,2,235,15,"BRA-URYLL"
2010,2,240,40,"BRA-URYLL"
2010,2,245,13,"BRA-URYLL"
2010,2,250,29,"BRA-URYLL"
2010,2,255,16,"BRA-URYLL"
2010,2,260,18,"BRA-URYLL"
2010,2,270,24,"BRA-URYLL"
2010,2,275,3,"BRA-URYLL"
2010,2,280,9,"BRA-URYLL"
2010,2,285,1,"BRA-URYLL"
2010,2,290,5,"BRA-URYLL"
2010,2,295,1,"BRA-URYLL"
2010,2,300,7,"BRA-URYLL"
2010,2,305,1,"BRA-URYLL"
2010,2,310,1,"BRA-URYLL"
2010,2,320,1,"BRA-URYLL"
2011,2,45,1,"BRA-URYLL"
2011,2,65,2,"BRA-URYLL"
2011,2,70,37,"BRA-URYLL"
2011,2,75,22,"BRA-URYLL"
2011,2,80,36,"BRA-URYLL"
2011,2,85,33,"BRA-URYLL"
2011,2,90,117,"BRA-URYLL"
2011,2,95,127,"BRA-URYLL"
2011,2,100,273,"BRA-URYLL"
2011,2,105,172,"BRA-URYLL"
2011,2,110,310,"BRA-URYLL"
2011,2,115,385,"BRA-URYLL"
2011,2,120,641,"BRA-URYLL"
2011,2,125,623,"BRA-URYLL"
2011,2,130,1058,"BRA-URYLL"
2011,2,135,1044,"BRA-URYLL"
2011,2,140,1356,"BRA-URYLL"
2011,2,145,1017,"BRA-URYLL"
2011,2,150,1092,"BRA-URYLL"
2011,2,155,710,"BRA-URYLL"
2011,2,160,796,"BRA-URYLL"
2011,2,165,459,"BRA-URYLL"
2011,2,170,570,"BRA-URYLL"
2011,2,175,304,"BRA-URYLL"
2011,2,180,390,"BRA-URYLL"
2011,2,185,227,"BRA-URYLL"
2011,2,190,270,"BRA-URYLL"
2011,2,195,150,"BRA-URYLL"
2011,2,200,157,"BRA-URYLL"
2011,2,205,89,"BRA-URYLL"
2011,2,210,112,"BRA-URYLL"
2011,2,215,62,"BRA-URYLL"
2011,2,220,72,"BRA-URYLL"
2011,2,225,52,"BRA-URYLL"
2011,2,230,47,"BRA-URYLL"
2011,2,235,37,"BRA-URYLL"
2011,2,240,33,"BRA-URYLL"
2011,2,245,35,"BRA-URYLL"
2011,2,250,20,"BRA-URYLL"
2011,2,255,15,"BRA-URYLL"
2011,2,260,18,"BRA-URYLL"
2011,2,265,9,"BRA-URYLL"
2011,2,270,8,"BRA-URYLL"
2011,2,275,5,"BRA-URYLL"
2011,2,280,4,"BRA-URYLL"
2011,2,285,3,"BRA-URYLL"
2011,2,290,1,"BRA-URYLL"
2011,2,295,2,"BRA-URYLL"
2011,2,305,1,"BRA-URYLL"
2011,2,315,1,"BRA-URYLL"
2011,2,355,1,"BRA-URYLL"
2011,2,425,1,"BRA-URYLL"
2012,2,70,1,"BRA-URYLL"
2012,2,75,1,"BRA-URYLL"
2012,2,80,1,"BRA-URYLL"
2012,2,85,2,"BRA-URYLL"
2012,2,95,2,"BRA-URYLL"
2012,2,100,5,"BRA-URYLL"
2012,2,105,2,"BRA-URYLL"
2012,2,110,6,"BRA-URYLL"
2012,2,115,7,"BRA-URYLL"
2012,2,120,10,"BRA-URYLL"
2012,2,125,17,"BRA-URYLL"
2012,2,130,36,"BRA-URYLL"
2012,2,135,29,"BRA-URYLL"
2012,2,140,49,"BRA-URYLL"
2012,2,145,45,"BRA-URYLL"
2012,2,150,42,"BRA-URYLL"
2012,2,155,33,"BRA-URYLL"
2012,2,160,33,"BRA-URYLL"
2012,2,165,28,"BRA-URYLL"
2012,2,170,23,"BRA-URYLL"
2012,2,175,23,"BRA-URYLL"
2012,2,180,24,"BRA-URYLL"
2012,2,185,7,"BRA-URYLL"
2012,2,190,30,"BRA-URYLL"
2012,2,195,26,"BRA-URYLL"
2012,2,200,16,"BRA-URYLL"
2012,2,205,7,"BRA-URYLL"
2012,2,210,8,"BRA-URYLL"
2012,2,215,9,"BRA-URYLL"
2012,2,220,10,"BRA-URYLL"
2012,2,225,5,"BRA-URYLL"
2012,2,230,4,"BRA-URYLL"
2012,2,235,4,"BRA-URYLL"
2012,2,240,8,"BRA-URYLL"
2012,2,245,3,"BRA-URYLL"
2012,2,255,2,"BRA-URYLL"
2012,2,260,2,"BRA-URYLL"
2012,2,270,2,"BRA-URYLL"
2012,2,275,1,"BRA-URYLL"
2012,2,280,1,"BRA-URYLL"
2012,2,295,1,"BRA-URYLL"
2012,2,310,1,"BRA-URYLL"
2012,2,390,1,"BRA-URYLL"
2013,2,85,7,"BRA-URYLL"
2013,2,90,5,"BRA-URYLL"
2013,2,105,1,"BRA-URYLL"
2013,2,110,2,"BRA-URYLL"
2013,2,115,2,"BRA-URYLL"
2013,2,120,3,"BRA-URYLL"
2013,2,125,3,"BRA-URYLL"
2013,2,130,6,"BRA-URYLL"
2013,2,135,6,"BRA-URYLL"
2013,2,140,17,"BRA-URYLL"
2013,2,145,13,"BRA-URYLL"
2013,2,150,18,"BRA-URYLL"
2013,2,155,21,"BRA-URYLL"
2013,2,160,24,"BRA-URYLL"
2013,2,165,20,"BRA-URYLL"
2013,2,170,29,"BRA-URYLL"
2013,2,175,18,"BRA-URYLL"
2013,2,180,13,"BRA-URYLL"
2013,2,185,11,"BRA-URYLL"
2013,2,190,25,"BRA-URYLL"
2013,2,195,10,"BRA-URYLL"
2013,2,200,14,"BRA-URYLL"
2013,2,205,11,"BRA-URYLL"
2013,2,210,11,"BRA-URYLL"
2013,2,215,5,"BRA-URYLL"
2013,2,220,9,"BRA-URYLL"
2013,2,225,6,"BRA-URYLL"
2013,2,230,9,"BRA-URYLL"
2013,2,235,9,"BRA-URYLL"
2013,2,240,6,"BRA-URYLL"
2013,2,245,3,"BRA-URYLL"
2013,2,250,1,"BRA-URYLL"
2013,2,255,3,"BRA-URYLL"
2013,2,260,1,"BRA-URYLL"
2013,2,265,3,"BRA-URYLL"
2013,2,270,1,"BRA-URYLL"
2013,2,285,1,"BRA-URYLL"
2018,2,85,2,"BRA-URYLL"
2018,2,90,3,"BRA-URYLL"
2018,2,95,5,"BRA-URYLL"
2018,2,100,4,"BRA-URYLL"
2018,2,105,1,"BRA-URYLL"
2018,2,110,6,"BRA-URYLL"
2018,2,115,5,"BRA-URYLL"
2018,2,120,13,"BRA-URYLL"
2018,2,125,20,"BRA-URYLL"
2018,2,130,26,"BRA-URYLL"
2018,2,135,14,"BRA-URYLL"
2018,2,140,11,"BRA-URYLL"
2018,2,145,18,"BRA-URYLL"
2018,2,150,19,"BRA-URYLL"
2018,2,155,11,"BRA-URYLL"
2018,2,160,23,"BRA-URYLL"
2018,2,165,6,"BRA-URYLL"
2018,2,170,7,"BRA-URYLL"
2018,2,175,2,"BRA-URYLL"
2018,2,180,5,"BRA-URYLL"
2018,2,185,3,"BRA-URYLL"
2018,2,190,4,"BRA-URYLL"
2018,2,195,2,"BRA-URYLL"
2018,2,200,3,"BRA-URYLL"
2018,2,205,1,"BRA-URYLL"
2018,2,210,2,"BRA-URYLL"
2018,2,215,2,"BRA-URYLL"
2018,2,220,2,"BRA-URYLL"
2018,2,225,1,"BRA-URYLL"
2018,2,230,1,"BRA-URYLL"
2018,2,240,1,"BRA-URYLL"
2019,2,65,1,"BRA-URYLL"
2019,2,80,1,"BRA-URYLL"
2019,2,85,8,"BRA-URYLL"
2019,2,90,2,"BRA-URYLL"
2019,2,95,16,"BRA-URYLL"
2019,2,100,13,"BRA-URYLL"
2019,2,105,10,"BRA-URYLL"
2019,2,110,19,"BRA-URYLL"
2019,2,115,17,"BRA-URYLL"
2019,2,120,27,"BRA-URYLL"
2019,2,125,24,"BRA-URYLL"
2019,2,130,15,"BRA-URYLL"
2019,2,135,13,"BRA-URYLL"
2019,2,140,24,"BRA-URYLL"
2019,2,145,23,"BRA-URYLL"
2019,2,150,32,"BRA-URYLL"
2019,2,155,16,"BRA-URYLL"
2019,2,160,33,"BRA-URYLL"
2019,2,165,26,"BRA-URYLL"
2019,2,170,33,"BRA-URYLL"
2019,2,175,11,"BRA-URYLL"
2019,2,180,12,"BRA-URYLL"
2019,2,185,2,"BRA-URYLL"
2019,2,190,8,"BRA-URYLL"
2019,2,195,2,"BRA-URYLL"
2019,2,200,11,"BRA-URYLL"
2019,2,205,5,"BRA-URYLL"
2019,2,210,6,"BRA-URYLL"
2019,2,215,2,"BRA-URYLL"
2019,2,220,2,"BRA-URYLL"
2019,2,230,7,"BRA-URYLL"
2019,2,245,1,"BRA-URYLL"
2019,2,250,1,"BRA-URYLL"
2021,2,50,1,"BRA-URYLL"
2021,2,70,1,"BRA-URYLL"
2021,2,75,1,"BRA-URYLL"
2021,2,80,2,"BRA-URYLL"
2021,2,85,2,"BRA-URYLL"
2021,2,90,4,"BRA-URYLL"
2021,2,95,3,"BRA-URYLL"
2021,2,100,3,"BRA-URYLL"
2021,2,105,3,"BRA-URYLL"
2021,2,110,4,"BRA-URYLL"
2021,2,115,3,"BRA-URYLL"
2021,2,120,2,"BRA-URYLL"
2021,2,125,1,"BRA-URYLL"
2021,2,135,3,"BRA-URYLL"
2021,2,140,3,"BRA-URYLL"
2021,2,145,3,"BRA-URYLL"
2021,2,150,3,"BRA-URYLL"
2021,2,155,5,"BRA-URYLL"
2021,2,160,2,"BRA-URYLL"
2021,2,165,2,"BRA-URYLL"
2021,2,170,1,"BRA-URYLL"
2021,2,175,2,"BRA-URYLL"
2021,2,180,2,"BRA-URYLL"
2021,2,185,3,"BRA-URYLL"
2021,2,200,1,"BRA-URYLL"
2021,2,205,1,"BRA-URYLL"
2021,2,210,2,"BRA-URYLL"
2021,2,220,1,"BRA-URYLL"
2021,2,235,1,"BRA-URYLL"
2021,2,245,1,"BRA-URYLL"
2021,2,255,1,"BRA-URYLL"
2024,2,60,2,"BRA-URYLL"
2024,2,65,1,"BRA-URYLL"
2024,2,80,4,"BRA-URYLL"
2024,2,85,5,"BRA-URYLL"
2024,2,90,18,"BRA-URYLL"
2024,2,95,35,"BRA-URYLL"
2024,2,100,59,"BRA-URYLL"
2024,2,105,88,"BRA-URYLL"
2024,2,110,127,"BRA-URYLL"
2024,2,115,111,"BRA-URYLL"
2024,2,120,163,"BRA-URYLL"
2024,2,125,137,"BRA-URYLL"
2024,2,130,188,"BRA-URYLL"
2024,2,135,209,"BRA-URYLL"
2024,2,140,181,"BRA-URYLL"
2024,2,145,210,"BRA-URYLL"
2024,2,150,220,"BRA-URYLL"
2024,2,155,158,"BRA-URYLL"
2024,2,160,182,"BRA-URYLL"
2024,2,165,162,"BRA-URYLL"
2024,2,170,147,"BRA-URYLL"
2024,2,175,133,"BRA-URYLL"
2024,2,180,133,"BRA-URYLL"
2024,2,185,93,"BRA-URYLL"
2024,2,190,68,"BRA-URYLL"
2024,2,195,82,"BRA-URYLL"
2024,2,200,86,"BRA-URYLL"
2024,2,205,55,"BRA-URYLL"
2024,2,210,35,"BRA-URYLL"
2024,2,215,32,"BRA-URYLL"
2024,2,220,15,"BRA-URYLL"
2024,2,225,15,"BRA-URYLL"
2024,2,230,11,"BRA-URYLL"
2024,2,235,8,"BRA-URYLL"
2024,2,240,7,"BRA-URYLL"
2024,2,245,4,"BRA-URYLL"
2024,2,250,4,"BRA-URYLL"
2024,2,255,1,"BRA-URYLL"
2024,2,260,1,"BRA-URYLL"
2024,2,265,3,"BRA-URYLL"
2024,2,270,4,"BRA-URYLL"
2024,2,305,1,"BRA-URYLL"
1970,3,80,5,"JPNLL1"
1970,3,100,28,"JPNLL1"
1970,3,110,28,"JPNLL1"
1970,3,120,14,"JPNLL1"
1970,3,130,9,"JPNLL1"
1970,3,135,5,"JPNLL1"
1970,3,145,13,"JPNLL1"
1970,3,150,8,"JPNLL1"
1970,3,155,5,"JPNLL1"
1970,3,160,3,"JPNLL1"
1970,3,195,1,"JPNLL1"
1970,3,220,1,"JPNLL1"
1970,3,225,1,"JPNLL1"
1970,3,230,2,"JPNLL1"
1970,3,255,1,"JPNLL1"
1971,3,80,2,"JPNLL1"
1971,3,105,1,"JPNLL1"
1971,3,110,1,"JPNLL1"
1971,3,145,2,"JPNLL1"
1971,3,165,1,"JPNLL1"
1971,3,175,1,"JPNLL1"
1973,3,75,2,"JPNLL1"
1973,3,110,1,"JPNLL1"
1973,3,115,1,"JPNLL1"
1973,3,130,2,"JPNLL1"
1973,3,135,7,"JPNLL1"
1973,3,140,14,"JPNLL1"
1973,3,145,19,"JPNLL1"
1973,3,150,24,"JPNLL1"
1973,3,155,22,"JPNLL1"
1973,3,160,23,"JPNLL1"
1973,3,165,21,"JPNLL1"
1973,3,170,8,"JPNLL1"
1973,3,175,8,"JPNLL1"
1973,3,180,2,"JPNLL1"
1973,3,190,6,"JPNLL1"
1973,3,195,9,"JPNLL1"
1973,3,200,4,"JPNLL1"
1973,3,205,5,"JPNLL1"
1973,3,210,4,"JPNLL1"
1973,3,215,2,"JPNLL1"
1973,3,225,1,"JPNLL1"
1973,3,230,4,"JPNLL1"
1973,3,235,2,"JPNLL1"
1973,3,250,1,"JPNLL1"
1973,3,255,1,"JPNLL1"
1973,3,260,2,"JPNLL1"
1973,3,280,1,"JPNLL1"
1974,3,85,1,"JPNLL1"
1974,3,100,1,"JPNLL1"
1974,3,105,2,"JPNLL1"
1974,3,110,2,"JPNLL1"
1974,3,115,2,"JPNLL1"
1974,3,120,1,"JPNLL1"
1974,3,130,4,"JPNLL1"
1974,3,135,2,"JPNLL1"
1974,3,140,1,"JPNLL1"
1974,3,145,4,"JPNLL1"
1974,3,150,3,"JPNLL1"
1974,3,155,2,"JPNLL1"
1974,3,160,4,"JPNLL1"
1974,3,170,6,"JPNLL1"
1974,3,175,3,"JPNLL1"
1974,3,180,5,"JPNLL1"
1974,3,190,3,"JPNLL1"
1974,3,195,14,"JPNLL1"
1974,3,200,7,"JPNLL1"
1974,3,205,8,"JPNLL1"
1974,3,210,10,"JPNLL1"
1974,3,215,8,"JPNLL1"
1974,3,220,4,"JPNLL1"
1974,3,225,3,"JPNLL1"
1974,3,230,2,"JPNLL1"
1974,3,235,1,"JPNLL1"
1975,3,60,1,"JPNLL1"
1975,3,85,3,"JPNLL1"
1975,3,90,2,"JPNLL1"
1975,3,95,4,"JPNLL1"
1975,3,105,5,"JPNLL1"
1975,3,110,1,"JPNLL1"
1975,3,115,2,"JPNLL1"
1975,3,120,5,"JPNLL1"
1975,3,125,7,"JPNLL1"
1975,3,130,6,"JPNLL1"
1975,3,135,13,"JPNLL1"
1975,3,140,17,"JPNLL1"
1975,3,145,16,"JPNLL1"
1975,3,150,24,"JPNLL1"
1975,3,155,13,"JPNLL1"
1975,3,160,36,"JPNLL1"
1975,3,165,25,"JPNLL1"
1975,3,170,33,"JPNLL1"
1975,3,175,47,"JPNLL1"
1975,3,180,60,"JPNLL1"
1975,3,185,63,"JPNLL1"
1975,3,190,33,"JPNLL1"
1975,3,195,102,"JPNLL1"
1975,3,200,67,"JPNLL1"
1975,3,205,107,"JPNLL1"
1975,3,210,78,"JPNLL1"
1975,3,215,64,"JPNLL1"
1975,3,220,45,"JPNLL1"
1975,3,225,67,"JPNLL1"
1975,3,230,23,"JPNLL1"
1975,3,235,26,"JPNLL1"
1975,3,240,15,"JPNLL1"
1975,3,245,17,"JPNLL1"
1975,3,250,4,"JPNLL1"
1975,3,255,11,"JPNLL1"
1975,3,260,3,"JPNLL1"
1975,3,270,1,"JPNLL1"
1975,3,275,2,"JPNLL1"
1975,3,290,1,"JPNLL1"
1975,3,295,1,"JPNLL1"
1975,3,330,1,"JPNLL1"
1976,4,135,2,"JPNLL2"
1976,4,145,3,"JPNLL2"
1976,4,150,1,"JPNLL2"
1976,4,155,4,"JPNLL2"
1976,4,160,4,"JPNLL2"
1976,4,165,1,"JPNLL2"
1976,4,170,2,"JPNLL2"
1976,4,175,9,"JPNLL2"
1976,4,180,8,"JPNLL2"
1976,4,185,14,"JPNLL2"
1976,4,190,1,"JPNLL2"
1976,4,195,5,"JPNLL2"
1976,4,200,4,"JPNLL2"
1976,4,205,5,"JPNLL2"
1976,4,215,2,"JPNLL2"
1976,4,220,1,"JPNLL2"
1976,4,235,1,"JPNLL2"
1976,4,260,1,"JPNLL2"
1977,4,110,1,"JPNLL2"
1977,4,115,1,"JPNLL2"
1977,4,140,4,"JPNLL2"
1977,4,145,4,"JPNLL2"
1977,4,150,5,"JPNLL2"
1977,4,155,1,"JPNLL2"
1977,4,160,10,"JPNLL2"
1977,4,165,16,"JPNLL2"
1977,4,170,17,"JPNLL2"
1977,4,175,25,"JPNLL2"
1977,4,180,20,"JPNLL2"
1977,4,185,31,"JPNLL2"
1977,4,190,22,"JPNLL2"
1977,4,195,40,"JPNLL2"
1977,4,200,26,"JPNLL2"
1977,4,205,37,"JPNLL2"
1977,4,210,62,"JPNLL2"
1977,4,215,35,"JPNLL2"
1977,4,220,44,"JPNLL2"
1977,4,225,31,"JPNLL2"
1977,4,230,36,"JPNLL2"
1977,4,235,53,"JPNLL2"
1977,4,240,20,"JPNLL2"
1977,4,245,15,"JPNLL2"
1977,4,250,3,"JPNLL2"
1977,4,255,4,"JPNLL2"
1977,4,260,3,"JPNLL2"
1977,4,265,1,"JPNLL2"
1977,4,270,2,"JPNLL2"
1977,4,435,1,"JPNLL2"
1978,4,115,1,"JPNLL2"
1978,4,125,1,"JPNLL2"
1978,4,140,1,"JPNLL2"
1978,4,155,2,"JPNLL2"
1978,4,160,4,"JPNLL2"
1978,4,165,4,"JPNLL2"
1978,4,170,4,"JPNLL2"
1978,4,175,9,"JPNLL2"
1978,4,180,11,"JPNLL2"
1978,4,185,22,"JPNLL2"
1978,4,190,16,"JPNLL2"
1978,4,195,60,"JPNLL2"
1978,4,200,70,"JPNLL2"
1978,4,205,49,"JPNLL2"
1978,4,210,27,"JPNLL2"
1978,4,215,20,"JPNLL2"
1978,4,220,19,"JPNLL2"
1978,4,225,34,"JPNLL2"
1978,4,230,19,"JPNLL2"
1978,4,235,23,"JPNLL2"
1978,4,240,9,"JPNLL2"
1978,4,245,18,"JPNLL2"
1978,4,250,1,"JPNLL2"
1978,4,255,4,"JPNLL2"
1978,4,260,6,"JPNLL2"
1978,4,265,1,"JPNLL2"
1978,4,270,3,"JPNLL2"
1978,4,275,1,"JPNLL2"
1979,4,95,1,"JPNLL2"
1979,4,100,1,"JPNLL2"
1979,4,120,1,"JPNLL2"
1979,4,125,1,"JPNLL2"
1979,4,130,2,"JPNLL2"
1979,4,135,3,"JPNLL2"
1979,4,140,10,"JPNLL2"
1979,4,145,2,"JPNLL2"
1979,4,150,13,"JPNLL2"
1979,4,155,14,"JPNLL2"
1979,4,160,20,"JPNLL2"
1979,4,165,13,"JPNLL2"
1979,4,170,34,"JPNLL2"
1979,4,175,15,"JPNLL2"
1979,4,180,16,"JPNLL2"
1979,4,185,34,"JPNLL2"
1979,4,190,13,"JPNLL2"
1979,4,195,31,"JPNLL2"
1979,4,200,18,"JPNLL2"
1979,4,205,28,"JPNLL2"
1979,4,210,27,"JPNLL2"
1979,4,215,23,"JPNLL2"
1979,4,220,18,"JPNLL2"
1979,4,225,31,"JPNLL2"
1979,4,230,7,"JPNLL2"
1979,4,235,8,"JPNLL2"
1979,4,240,2,"JPNLL2"
1979,4,250,1,"JPNLL2"
1979,4,255,1,"JPNLL2"
1979,4,260,1,"JPNLL2"
1980,4,110,1,"JPNLL2"
1980,4,115,1,"JPNLL2"
1980,4,125,3,"JPNLL2"
1980,4,135,4,"JPNLL2"
1980,4,140,10,"JPNLL2"
1980,4,145,14,"JPNLL2"
1980,4,150,12,"JPNLL2"
1980,4,155,7,"JPNLL2"
1980,4,160,10,"JPNLL2"
1980,4,165,15,"JPNLL2"
1980,4,170,41,"JPNLL2"
1980,4,175,14,"JPNLL2"
1980,4,180,19,"JPNLL2"
1980,4,185,27,"JPNLL2"
1980,4,190,30,"JPNLL2"
1980,4,195,98,"JPNLL2"
1980,4,200,106,"JPNLL2"
1980,4,205,76,"JPNLL2"
1980,4,210,71,"JPNLL2"
1980,4,215,17,"JPNLL2"
1980,4,220,21,"JPNLL2"
1980,4,225,22,"JPNLL2"
1980,4,230,3,"JPNLL2"
1980,4,235,14,"JPNLL2"
1980,4,240,3,"JPNLL2"
1980,4,245,5,"JPNLL2"
1980,4,280,1,"JPNLL2"
1981,4,90,1,"JPNLL2"
1981,4,110,1,"JPNLL2"
1981,4,115,2,"JPNLL2"
1981,4,120,1,"JPNLL2"
1981,4,125,4,"JPNLL2"
1981,4,130,5,"JPNLL2"
1981,4,135,3,"JPNLL2"
1981,4,140,10,"JPNLL2"
1981,4,145,5,"JPNLL2"
1981,4,150,16,"JPNLL2"
1981,4,155,9,"JPNLL2"
1981,4,160,23,"JPNLL2"
1981,4,165,26,"JPNLL2"
1981,4,170,41,"JPNLL2"
1981,4,175,50,"JPNLL2"
1981,4,180,33,"JPNLL2"
1981,4,185,71,"JPNLL2"
1981,4,190,38,"JPNLL2"
1981,4,195,88,"JPNLL2"
1981,4,200,66,"JPNLL2"
1981,4,205,61,"JPNLL2"
1981,4,210,43,"JPNLL2"
1981,4,215,54,"JPNLL2"
1981,4,220,41,"JPNLL2"
1981,4,225,53,"JPNLL2"
1981,4,230,26,"JPNLL2"
1981,4,235,26,"JPNLL2"
1981,4,240,29,"JPNLL2"
1981,4,245,12,"JPNLL2"
1981,4,250,14,"JPNLL2"
1981,4,255,8,"JPNLL2"
1981,4,260,9,"JPNLL2"
1981,4,265,2,"JPNLL2"
1981,4,270,6,"JPNLL2"
1981,4,275,1,"JPNLL2"
1981,4,280,1,"JPNLL2"
1981,4,310,1,"JPNLL2"
1982,4,50,1,"JPNLL2"
1982,4,60,2,"JPNLL2"
1982,4,70,2,"JPNLL2"
1982,4,80,3,"JPNLL2"
1982,4,85,5,"JPNLL2"
1982,4,90,4,"JPNLL2"
1982,4,100,1,"JPNLL2"
1982,4,105,12,"JPNLL2"
1982,4,110,5,"JPNLL2"
1982,4,115,51,"JPNLL2"
1982,4,120,27,"JPNLL2"
1982,4,125,75,"JPNLL2"
1982,4,130,8,"JPNLL2"
1982,4,135,40,"JPNLL2"
1982,4,140,183,"JPNLL2"
1982,4,145,98,"JPNLL2"
1982,4,150,207,"JPNLL2"
1982,4,155,62,"JPNLL2"
1982,4,160,406,"JPNLL2"
1982,4,165,162,"JPNLL2"
1982,4,170,208,"JPNLL2"
1982,4,175,94,"JPNLL2"
1982,4,180,153,"JPNLL2"
1982,4,185,144,"JPNLL2"
1982,4,190,129,"JPNLL2"
1982,4,195,206,"JPNLL2"
1982,4,200,87,"JPNLL2"
1982,4,205,96,"JPNLL2"
1982,4,210,60,"JPNLL2"
1982,4,215,49,"JPNLL2"
1982,4,220,25,"JPNLL2"
1982,4,225,37,"JPNLL2"
1982,4,230,18,"JPNLL2"
1982,4,235,17,"JPNLL2"
1982,4,240,3,"JPNLL2"
1982,4,245,4,"JPNLL2"
1982,4,250,4,"JPNLL2"
1982,4,255,1,"JPNLL2"
1982,4,260,4,"JPNLL2"
1982,4,275,1,"JPNLL2"
1982,4,280,1,"JPNLL2"
1982,4,355,1,"JPNLL2"
1983,4,85,1,"JPNLL2"
1983,4,95,1,"JPNLL2"
1983,4,105,2,"JPNLL2"
1983,4,115,6,"JPNLL2"
1983,4,120,2,"JPNLL2"
1983,4,125,9,"JPNLL2"
1983,4,130,7,"JPNLL2"
1983,4,135,7,"JPNLL2"
1983,4,140,37,"JPNLL2"
1983,4,145,24,"JPNLL2"
1983,4,150,60,"JPNLL2"
1983,4,155,26,"JPNLL2"
1983,4,160,81,"JPNLL2"
1983,4,165,28,"JPNLL2"
1983,4,170,63,"JPNLL2"
1983,4,175,51,"JPNLL2"
1983,4,180,90,"JPNLL2"
1983,4,185,78,"JPNLL2"
1983,4,190,70,"JPNLL2"
1983,4,195,122,"JPNLL2"
1983,4,200,65,"JPNLL2"
1983,4,205,63,"JPNLL2"
1983,4,210,24,"JPNLL2"
1983,4,215,18,"JPNLL2"
1983,4,220,6,"JPNLL2"
1983,4,225,14,"JPNLL2"
1983,4,230,2,"JPNLL2"
1983,4,235,8,"JPNLL2"
1983,4,245,1,"JPNLL2"
1983,4,250,1,"JPNLL2"
1983,4,260,2,"JPNLL2"
1983,4,270,1,"JPNLL2"
1984,4,100,1,"JPNLL2"
1984,4,105,2,"JPNLL2"
1984,4,110,5,"JPNLL2"
1984,4,115,12,"JPNLL2"
1984,4,120,8,"JPNLL2"
1984,4,125,42,"JPNLL2"
1984,4,130,14,"JPNLL2"
1984,4,135,37,"JPNLL2"
1984,4,140,113,"JPNLL2"
1984,4,145,59,"JPNLL2"
1984,4,150,172,"JPNLL2"
1984,4,155,89,"JPNLL2"
1984,4,160,167,"JPNLL2"
1984,4,165,135,"JPNLL2"
1984,4,170,324,"JPNLL2"
1984,4,175,158,"JPNLL2"
1984,4,180,197,"JPNLL2"
1984,4,185,257,"JPNLL2"
1984,4,190,110,"JPNLL2"
1984,4,195,248,"JPNLL2"
1984,4,200,149,"JPNLL2"
1984,4,205,196,"JPNLL2"
1984,4,210,98,"JPNLL2"
1984,4,215,110,"JPNLL2"
1984,4,220,66,"JPNLL2"
1984,4,225,69,"JPNLL2"
1984,4,230,41,"JPNLL2"
1984,4,235,37,"JPNLL2"
1984,4,240,18,"JPNLL2"
1984,4,245,13,"JPNLL2"
1984,4,250,8,"JPNLL2"
1984,4,255,5,"JPNLL2"
1984,4,260,5,"JPNLL2"
1984,4,265,1,"JPNLL2"
1984,4,270,3,"JPNLL2"
1984,4,275,1,"JPNLL2"
1984,4,280,3,"JPNLL2"
1984,4,310,1,"JPNLL2"
1984,4,345,1,"JPNLL2"
1985,4,60,1,"JPNLL2"
1985,4,75,2,"JPNLL2"
1985,4,80,1,"JPNLL2"
1985,4,85,1,"JPNLL2"
1985,4,100,1,"JPNLL2"
1985,4,105,1,"JPNLL2"
1985,4,110,9,"JPNLL2"
1985,4,115,17,"JPNLL2"
1985,4,120,10,"JPNLL2"
1985,4,125,42,"JPNLL2"
1985,4,130,21,"JPNLL2"
1985,4,135,33,"JPNLL2"
1985,4,140,132,"JPNLL2"
1985,4,145,79,"JPNLL2"
1985,4,150,180,"JPNLL2"
1985,4,155,145,"JPNLL2"
1985,4,160,316,"JPNLL2"
1985,4,165,280,"JPNLL2"
1985,4,170,414,"JPNLL2"
1985,4,175,375,"JPNLL2"
1985,4,180,317,"JPNLL2"
1985,4,185,401,"JPNLL2"
1985,4,190,204,"JPNLL2"
1985,4,195,270,"JPNLL2"
1985,4,200,168,"JPNLL2"
1985,4,205,117,"JPNLL2"
1985,4,210,117,"JPNLL2"
1985,4,215,79,"JPNLL2"
1985,4,220,73,"JPNLL2"
1985,4,225,78,"JPNLL2"
1985,4,230,32,"JPNLL2"
1985,4,235,27,"JPNLL2"
1985,4,240,15,"JPNLL2"
1985,4,245,14,"JPNLL2"
1985,4,250,3,"JPNLL2"
1985,4,255,4,"JPNLL2"
1985,4,260,13,"JPNLL2"
1985,4,265,4,"JPNLL2"
1985,4,270,1,"JPNLL2"
1985,4,275,4,"JPNLL2"
1985,4,280,9,"JPNLL2"
1985,4,290,6,"JPNLL2"
1985,4,295,1,"JPNLL2"
1985,4,300,3,"JPNLL2"
1985,4,315,1,"JPNLL2"
1986,4,110,1,"JPNLL2"
1986,4,120,2,"JPNLL2"
1986,4,125,4,"JPNLL2"
1986,4,130,1,"JPNLL2"
1986,4,135,4,"JPNLL2"
1986,4,140,18,"JPNLL2"
1986,4,145,5,"JPNLL2"
1986,4,150,20,"JPNLL2"
1986,4,155,14,"JPNLL2"
1986,4,160,55,"JPNLL2"
1986,4,165,60,"JPNLL2"
1986,4,170,116,"JPNLL2"
1986,4,175,106,"JPNLL2"
1986,4,180,74,"JPNLL2"
1986,4,185,130,"JPNLL2"
1986,4,190,68,"JPNLL2"
1986,4,195,119,"JPNLL2"
1986,4,200,63,"JPNLL2"
1986,4,205,82,"JPNLL2"
1986,4,210,72,"JPNLL2"
1986,4,215,32,"JPNLL2"
1986,4,220,55,"JPNLL2"
1986,4,225,31,"JPNLL2"
1986,4,230,18,"JPNLL2"
1986,4,235,12,"JPNLL2"
1986,4,240,12,"JPNLL2"
1986,4,245,3,"JPNLL2"
1986,4,250,5,"JPNLL2"
1986,4,255,3,"JPNLL2"
1986,4,260,4,"JPNLL2"
1986,4,265,3,"JPNLL2"
1986,4,270,3,"JPNLL2"
1986,4,275,1,"JPNLL2"
1986,4,280,1,"JPNLL2"
1986,4,290,1,"JPNLL2"
1986,4,295,1,"JPNLL2"
1987,4,115,1,"JPNLL2"
1987,4,120,5,"JPNLL2"
1987,4,125,1,"JPNLL2"
1987,4,130,4,"JPNLL2"
1987,4,135,5,"JPNLL2"
1987,4,140,10,"JPNLL2"
1987,4,145,11,"JPNLL2"
1987,4,150,29,"JPNLL2"
1987,4,155,12,"JPNLL2"
1987,4,160,48,"JPNLL2"
1987,4,165,17,"JPNLL2"
1987,4,170,49,"JPNLL2"
1987,4,175,28,"JPNLL2"
1987,4,180,46,"JPNLL2"
1987,4,185,51,"JPNLL2"
1987,4,190,34,"JPNLL2"
1987,4,195,62,"JPNLL2"
1987,4,200,56,"JPNLL2"
1987,4,205,37,"JPNLL2"
1987,4,210,20,"JPNLL2"
1987,4,215,18,"JPNLL2"
1987,4,220,6,"JPNLL2"
1987,4,225,13,"JPNLL2"
1987,4,230,2,"JPNLL2"
1987,4,235,6,"JPNLL2"
1987,4,240,5,"JPNLL2"
1987,4,245,3,"JPNLL2"
1987,4,255,1,"JPNLL2"
1987,4,260,2,"JPNLL2"
1987,4,265,1,"JPNLL2"
1987,4,270,1,"JPNLL2"
1988,4,95,1,"JPNLL2"
1988,4,100,1,"JPNLL2"
1988,4,105,4,"JPNLL2"
1988,4,110,5,"JPNLL2"
1988,4,115,19,"JPNLL2"
1988,4,120,9,"JPNLL2"
1988,4,125,52,"JPNLL2"
1988,4,130,22,"JPNLL2"
1988,4,135,32,"JPNLL2"
1988,4,140,71,"JPNLL2"
1988,4,145,60,"JPNLL2"
1988,4,150,99,"JPNLL2"
1988,4,155,121,"JPNLL2"
1988,4,160,197,"JPNLL2"
1988,4,165,148,"JPNLL2"
1988,4,170,244,"JPNLL2"
1988,4,175,203,"JPNLL2"
1988,4,180,180,"JPNLL2"
1988,4,185,224,"JPNLL2"
1988,4,190,160,"JPNLL2"
1988,4,195,212,"JPNLL2"
1988,4,200,141,"JPNLL2"
1988,4,205,118,"JPNLL2"
1988,4,210,121,"JPNLL2"
1988,4,215,103,"JPNLL2"
1988,4,220,61,"JPNLL2"
1988,4,225,61,"JPNLL2"
1988,4,230,16,"JPNLL2"
1988,4,235,36,"JPNLL2"
1988,4,240,9,"JPNLL2"
1988,4,245,14,"JPNLL2"
1988,4,250,2,"JPNLL2"
1988,4,255,9,"JPNLL2"
1988,4,260,8,"JPNLL2"
1988,4,265,1,"JPNLL2"
1988,4,270,2,"JPNLL2"
1988,4,285,1,"JPNLL2"
1988,4,290,1,"JPNLL2"
1988,4,350,1,"JPNLL2"
1989,4,70,2,"JPNLL2"
1989,4,75,5,"JPNLL2"
1989,4,80,4,"JPNLL2"
1989,4,85,4,"JPNLL2"
1989,4,90,7,"JPNLL2"
1989,4,95,6,"JPNLL2"
1989,4,100,10,"JPNLL2"
1989,4,105,12,"JPNLL2"
1989,4,110,20,"JPNLL2"
1989,4,115,28,"JPNLL2"
1989,4,120,29,"JPNLL2"
1989,4,125,101,"JPNLL2"
1989,4,130,28,"JPNLL2"
1989,4,135,136,"JPNLL2"
1989,4,140,204,"JPNLL2"
1989,4,145,138,"JPNLL2"
1989,4,150,249,"JPNLL2"
1989,4,155,188,"JPNLL2"
1989,4,160,380,"JPNLL2"
1989,4,165,235,"JPNLL2"
1989,4,170,397,"JPNLL2"
1989,4,175,280,"JPNLL2"
1989,4,180,330,"JPNLL2"
1989,4,185,312,"JPNLL2"
1989,4,190,253,"JPNLL2"
1989,4,195,276,"JPNLL2"
1989,4,200,221,"JPNLL2"
1989,4,205,216,"JPNLL2"
1989,4,210,104,"JPNLL2"
1989,4,215,92,"JPNLL2"
1989,4,220,56,"JPNLL2"
1989,4,225,72,"JPNLL2"
1989,4,230,21,"JPNLL2"
1989,4,235,27,"JPNLL2"
1989,4,240,7,"JPNLL2"
1989,4,245,31,"JPNLL2"
1989,4,250,1,"JPNLL2"
1989,4,255,1,"JPNLL2"
1989,4,260,5,"JPNLL2"
1989,4,270,4,"JPNLL2"
1989,4,280,5,"JPNLL2"
1989,4,290,1,"JPNLL2"
1989,4,300,1,"JPNLL2"
1990,4,50,1,"JPNLL2"
1990,4,75,1,"JPNLL2"
1990,4,95,3,"JPNLL2"
1990,4,105,5,"JPNLL2"
1990,4,115,4,"JPNLL2"
1990,4,120,2,"JPNLL2"
1990,4,125,16,"JPNLL2"
1990,4,130,1,"JPNLL2"
1990,4,135,28,"JPNLL2"
1990,4,140,84,"JPNLL2"
1990,4,145,115,"JPNLL2"
1990,4,150,220,"JPNLL2"
1990,4,155,237,"JPNLL2"
1990,4,160,395,"JPNLL2"
1990,4,165,191,"JPNLL2"
1990,4,170,322,"JPNLL2"
1990,4,175,293,"JPNLL2"
1990,4,180,475,"JPNLL2"
1990,4,185,186,"JPNLL2"
1990,4,190,101,"JPNLL2"
1990,4,195,142,"JPNLL2"
1990,4,200,62,"JPNLL2"
1990,4,205,188,"JPNLL2"
1990,4,210,27,"JPNLL2"
1990,4,215,66,"JPNLL2"
1990,4,220,11,"JPNLL2"
1990,4,225,61,"JPNLL2"
1990,4,230,2,"JPNLL2"
1990,4,235,31,"JPNLL2"
1990,4,240,10,"JPNLL2"
1990,4,245,38,"JPNLL2"
1990,4,250,4,"JPNLL2"
1990,4,255,7,"JPNLL2"
1990,4,260,26,"JPNLL2"
1990,4,265,3,"JPNLL2"
1990,4,270,16,"JPNLL2"
1990,4,275,1,"JPNLL2"
1990,4,280,7,"JPNLL2"
1990,4,285,1,"JPNLL2"
1990,4,290,7,"JPNLL2"
1990,4,295,1,"JPNLL2"
1990,4,300,1,"JPNLL2"
1990,4,310,3,"JPNLL2"
1990,4,325,1,"JPNLL2"
1990,4,335,1,"JPNLL2"
1991,5,105,5,"JPNLL3"
1991,5,110,5,"JPNLL3"
1991,5,115,14,"JPNLL3"
1991,5,120,6,"JPNLL3"
1991,5,125,21,"JPNLL3"
1991,5,130,1,"JPNLL3"
1991,5,135,28,"JPNLL3"
1991,5,140,151,"JPNLL3"
1991,5,145,130,"JPNLL3"
1991,5,150,199,"JPNLL3"
1991,5,155,216,"JPNLL3"
1991,5,160,366,"JPNLL3"
1991,5,165,323,"JPNLL3"
1991,5,170,511,"JPNLL3"
1991,5,175,444,"JPNLL3"
1991,5,180,413,"JPNLL3"
1991,5,185,338,"JPNLL3"
1991,5,190,142,"JPNLL3"
1991,5,195,340,"JPNLL3"
1991,5,200,160,"JPNLL3"
1991,5,205,165,"JPNLL3"
1991,5,210,81,"JPNLL3"
1991,5,215,84,"JPNLL3"
1991,5,220,74,"JPNLL3"
1991,5,225,50,"JPNLL3"
1991,5,230,16,"JPNLL3"
1991,5,235,28,"JPNLL3"
1991,5,240,28,"JPNLL3"
1991,5,245,29,"JPNLL3"
1991,5,250,12,"JPNLL3"
1991,5,255,6,"JPNLL3"
1991,5,260,1,"JPNLL3"
1991,5,265,5,"JPNLL3"
1991,5,270,4,"JPNLL3"
1991,5,275,2,"JPNLL3"
1991,5,280,2,"JPNLL3"
1991,5,285,4,"JPNLL3"
1991,5,290,8,"JPNLL3"
1991,5,295,18,"JPNLL3"
1991,5,300,16,"JPNLL3"
1991,5,305,28,"JPNLL3"
1991,5,310,13,"JPNLL3"
1991,5,315,21,"JPNLL3"
1991,5,320,18,"JPNLL3"
1991,5,325,3,"JPNLL3"
1992,5,95,1,"JPNLL3"
1992,5,100,2,"JPNLL3"
1992,5,105,1,"JPNLL3"
1992,5,115,5,"JPNLL3"
1992,5,120,3,"JPNLL3"
1992,5,125,9,"JPNLL3"
1992,5,130,6,"JPNLL3"
1992,5,135,21,"JPNLL3"
1992,5,140,48,"JPNLL3"
1992,5,145,48,"JPNLL3"
1992,5,150,113,"JPNLL3"
1992,5,155,64,"JPNLL3"
1992,5,160,76,"JPNLL3"
1992,5,165,43,"JPNLL3"
1992,5,170,79,"JPNLL3"
1992,5,175,74,"JPNLL3"
1992,5,180,99,"JPNLL3"
1992,5,185,165,"JPNLL3"
1992,5,190,66,"JPNLL3"
1992,5,195,138,"JPNLL3"
1992,5,200,90,"JPNLL3"
1992,5,205,57,"JPNLL3"
1992,5,210,59,"JPNLL3"
1992,5,215,22,"JPNLL3"
1992,5,220,24,"JPNLL3"
1992,5,225,19,"JPNLL3"
1992,5,230,12,"JPNLL3"
1992,5,235,9,"JPNLL3"
1992,5,240,4,"JPNLL3"
1992,5,245,1,"JPNLL3"
1992,5,255,2,"JPNLL3"
1992,5,260,1,"JPNLL3"
1992,5,265,2,"JPNLL3"
1992,5,270,2,"JPNLL3"
1992,5,275,1,"JPNLL3"
1993,5,105,1,"JPNLL3"
1993,5,115,2,"JPNLL3"
1993,5,120,4,"JPNLL3"
1993,5,125,17,"JPNLL3"
1993,5,130,4,"JPNLL3"
1993,5,135,16,"JPNLL3"
1993,5,140,29,"JPNLL3"
1993,5,145,13,"JPNLL3"
1993,5,150,32,"JPNLL3"
1993,5,155,16,"JPNLL3"
1993,5,160,63,"JPNLL3"
1993,5,165,30,"JPNLL3"
1993,5,170,113,"JPNLL3"
1993,5,175,91,"JPNLL3"
1993,5,180,133,"JPNLL3"
1993,5,185,133,"JPNLL3"
1993,5,190,83,"JPNLL3"
1993,5,195,153,"JPNLL3"
1993,5,200,131,"JPNLL3"
1993,5,205,118,"JPNLL3"
1993,5,210,83,"JPNLL3"
1993,5,215,71,"JPNLL3"
1993,5,220,54,"JPNLL3"
1993,5,225,87,"JPNLL3"
1993,5,235,30,"JPNLL3"
1993,5,240,6,"JPNLL3"
1993,5,245,9,"JPNLL3"
1993,5,250,3,"JPNLL3"
1993,5,260,6,"JPNLL3"
1993,5,265,2,"JPNLL3"
1993,5,270,1,"JPNLL3"
1994,5,80,1,"JPNLL3"
1994,5,90,2,"JPNLL3"
1994,5,100,2,"JPNLL3"
1994,5,105,4,"JPNLL3"
1994,5,110,19,"JPNLL3"
1994,5,115,35,"JPNLL3"
1994,5,120,19,"JPNLL3"
1994,5,125,58,"JPNLL3"
1994,5,130,36,"JPNLL3"
1994,5,135,196,"JPNLL3"
1994,5,140,244,"JPNLL3"
1994,5,145,170,"JPNLL3"
1994,5,150,305,"JPNLL3"
1994,5,155,313,"JPNLL3"
1994,5,160,250,"JPNLL3"
1994,5,165,306,"JPNLL3"
1994,5,170,358,"JPNLL3"
1994,5,175,373,"JPNLL3"
1994,5,180,378,"JPNLL3"
1994,5,185,369,"JPNLL3"
1994,5,190,234,"JPNLL3"
1994,5,195,338,"JPNLL3"
1994,5,200,244,"JPNLL3"
1994,5,205,228,"JPNLL3"
1994,5,210,185,"JPNLL3"
1994,5,215,140,"JPNLL3"
1994,5,220,137,"JPNLL3"
1994,5,225,109,"JPNLL3"
1994,5,230,67,"JPNLL3"
1994,5,235,52,"JPNLL3"
1994,5,240,36,"JPNLL3"
1994,5,245,40,"JPNLL3"
1994,5,250,17,"JPNLL3"
1994,5,255,13,"JPNLL3"
1994,5,260,14,"JPNLL3"
1994,5,265,8,"JPNLL3"
1994,5,270,14,"JPNLL3"
1994,5,275,2,"JPNLL3"
1994,5,280,3,"JPNLL3"
1994,5,285,1,"JPNLL3"
1994,5,290,3,"JPNLL3"
1994,5,305,1,"JPNLL3"
1994,5,320,1,"JPNLL3"
1994,5,325,1,"JPNLL3"
1994,5,330,1,"JPNLL3"
1994,5,345,1,"JPNLL3"
1994,5,355,2,"JPNLL3"
1994,5,360,1,"JPNLL3"
1995,5,95,1,"JPNLL3"
1995,5,100,9,"JPNLL3"
1995,5,105,8,"JPNLL3"
1995,5,110,29,"JPNLL3"
1995,5,115,16,"JPNLL3"
1995,5,120,29,"JPNLL3"
1995,5,125,73,"JPNLL3"
1995,5,130,53,"JPNLL3"
1995,5,135,222,"JPNLL3"
1995,5,140,250,"JPNLL3"
1995,5,145,194,"JPNLL3"
1995,5,150,314,"JPNLL3"
1995,5,155,274,"JPNLL3"
1995,5,160,224,"JPNLL3"
1995,5,165,265,"JPNLL3"
1995,5,170,323,"JPNLL3"
1995,5,175,357,"JPNLL3"
1995,5,180,276,"JPNLL3"
1995,5,185,299,"JPNLL3"
1995,5,190,211,"JPNLL3"
1995,5,195,313,"JPNLL3"
1995,5,200,194,"JPNLL3"
1995,5,205,163,"JPNLL3"
1995,5,210,190,"JPNLL3"
1995,5,215,149,"JPNLL3"
1995,5,220,109,"JPNLL3"
1995,5,225,128,"JPNLL3"
1995,5,230,50,"JPNLL3"
1995,5,235,68,"JPNLL3"
1995,5,240,40,"JPNLL3"
1995,5,245,27,"JPNLL3"
1995,5,250,11,"JPNLL3"
1995,5,255,13,"JPNLL3"
1995,5,260,22,"JPNLL3"
1995,5,265,6,"JPNLL3"
1995,5,270,5,"JPNLL3"
1995,5,275,1,"JPNLL3"
1995,5,280,11,"JPNLL3"
1995,5,285,1,"JPNLL3"
1995,5,295,1,"JPNLL3"
1995,5,300,1,"JPNLL3"
1995,5,305,1,"JPNLL3"
1995,5,330,1,"JPNLL3"
1995,5,350,1,"JPNLL3"
1996,5,75,1,"JPNLL3"
1996,5,85,1,"JPNLL3"
1996,5,100,3,"JPNLL3"
1996,5,105,3,"JPNLL3"
1996,5,110,19,"JPNLL3"
1996,5,115,39,"JPNLL3"
1996,5,120,69,"JPNLL3"
1996,5,125,123,"JPNLL3"
1996,5,130,88,"JPNLL3"
1996,5,135,245,"JPNLL3"
1996,5,140,273,"JPNLL3"
1996,5,145,254,"JPNLL3"
1996,5,150,365,"JPNLL3"
1996,5,155,346,"JPNLL3"
1996,5,160,278,"JPNLL3"
1996,5,165,371,"JPNLL3"
1996,5,170,362,"JPNLL3"
1996,5,175,348,"JPNLL3"
1996,5,180,286,"JPNLL3"
1996,5,185,244,"JPNLL3"
1996,5,190,214,"JPNLL3"
1996,5,195,305,"JPNLL3"
1996,5,200,182,"JPNLL3"
1996,5,205,173,"JPNLL3"
1996,5,210,164,"JPNLL3"
1996,5,215,111,"JPNLL3"
1996,5,220,94,"JPNLL3"
1996,5,225,82,"JPNLL3"
1996,5,230,31,"JPNLL3"
1996,5,235,33,"JPNLL3"
1996,5,240,32,"JPNLL3"
1996,5,245,18,"JPNLL3"
1996,5,250,9,"JPNLL3"
1996,5,255,5,"JPNLL3"
1996,5,260,7,"JPNLL3"
1996,5,265,4,"JPNLL3"
1996,5,270,2,"JPNLL3"
1996,5,275,1,"JPNLL3"
1996,5,280,1,"JPNLL3"
1996,5,285,1,"JPNLL3"
1996,5,295,1,"JPNLL3"
1996,5,325,1,"JPNLL3"
1997,5,90,6,"JPNLL3"
1997,5,95,2,"JPNLL3"
1997,5,100,2,"JPNLL3"
1997,5,105,7,"JPNLL3"
1997,5,110,14,"JPNLL3"
1997,5,115,33,"JPNLL3"
1997,5,120,32,"JPNLL3"
1997,5,125,70,"JPNLL3"
1997,5,130,61,"JPNLL3"
1997,5,135,202,"JPNLL3"
1997,5,140,204,"JPNLL3"
1997,5,145,247,"JPNLL3"
1997,5,150,306,"JPNLL3"
1997,5,155,346,"JPNLL3"
1997,5,160,278,"JPNLL3"
1997,5,165,323,"JPNLL3"
1997,5,170,364,"JPNLL3"
1997,5,175,318,"JPNLL3"
1997,5,180,279,"JPNLL3"
1997,5,185,257,"JPNLL3"
1997,5,190,219,"JPNLL3"
1997,5,195,266,"JPNLL3"
1997,5,200,168,"JPNLL3"
1997,5,205,156,"JPNLL3"
1997,5,210,130,"JPNLL3"
1997,5,215,100,"JPNLL3"
1997,5,220,73,"JPNLL3"
1997,5,225,62,"JPNLL3"
1997,5,230,44,"JPNLL3"
1997,5,235,36,"JPNLL3"
1997,5,240,27,"JPNLL3"
1997,5,245,22,"JPNLL3"
1997,5,250,10,"JPNLL3"
1997,5,255,7,"JPNLL3"
1997,5,260,5,"JPNLL3"
1997,5,265,3,"JPNLL3"
1997,5,270,1,"JPNLL3"
1997,5,280,1,"JPNLL3"
1998,5,80,2,"JPNLL3"
1998,5,90,8,"JPNLL3"
1998,5,95,1,"JPNLL3"
1998,5,100,6,"JPNLL3"
1998,5,105,7,"JPNLL3"
1998,5,110,20,"JPNLL3"
1998,5,115,30,"JPNLL3"
1998,5,120,22,"JPNLL3"
1998,5,125,52,"JPNLL3"
1998,5,130,56,"JPNLL3"
1998,5,135,125,"JPNLL3"
1998,5,140,153,"JPNLL3"
1998,5,145,95,"JPNLL3"
1998,5,150,207,"JPNLL3"
1998,5,155,153,"JPNLL3"
1998,5,160,165,"JPNLL3"
1998,5,165,207,"JPNLL3"
1998,5,170,190,"JPNLL3"
1998,5,175,206,"JPNLL3"
1998,5,180,176,"JPNLL3"
1998,5,185,191,"JPNLL3"
1998,5,190,141,"JPNLL3"
1998,5,195,178,"JPNLL3"
1998,5,200,117,"JPNLL3"
1998,5,205,99,"JPNLL3"
1998,5,210,89,"JPNLL3"
1998,5,215,70,"JPNLL3"
1998,5,220,55,"JPNLL3"
1998,5,225,46,"JPNLL3"
1998,5,230,35,"JPNLL3"
1998,5,235,26,"JPNLL3"
1998,5,240,19,"JPNLL3"
1998,5,245,9,"JPNLL3"
1998,5,250,11,"JPNLL3"
1998,5,255,4,"JPNLL3"
1998,5,260,5,"JPNLL3"
1998,5,265,2,"JPNLL3"
1998,5,270,1,"JPNLL3"
1998,5,275,3,"JPNLL3"
1998,5,280,1,"JPNLL3"
1998,5,285,1,"JPNLL3"
1998,5,300,1,"JPNLL3"
1998,5,305,1,"JPNLL3"
1999,5,80,3,"JPNLL3"
1999,5,90,3,"JPNLL3"
1999,5,95,4,"JPNLL3"
1999,5,100,10,"JPNLL3"
1999,5,105,6,"JPNLL3"
1999,5,110,28,"JPNLL3"
1999,5,115,25,"JPNLL3"
1999,5,120,20,"JPNLL3"
1999,5,125,54,"JPNLL3"
1999,5,130,46,"JPNLL3"
1999,5,135,111,"JPNLL3"
1999,5,140,141,"JPNLL3"
1999,5,145,100,"JPNLL3"
1999,5,150,168,"JPNLL3"
1999,5,155,172,"JPNLL3"
1999,5,160,161,"JPNLL3"
1999,5,165,154,"JPNLL3"
1999,5,170,184,"JPNLL3"
1999,5,175,156,"JPNLL3"
1999,5,180,151,"JPNLL3"
1999,5,185,158,"JPNLL3"
1999,5,190,117,"JPNLL3"
1999,5,195,112,"JPNLL3"
1999,5,200,93,"JPNLL3"
1999,5,205,76,"JPNLL3"
1999,5,210,63,"JPNLL3"
1999,5,215,48,"JPNLL3"
1999,5,220,45,"JPNLL3"
1999,5,225,55,"JPNLL3"
1999,5,230,32,"JPNLL3"
1999,5,235,33,"JPNLL3"
1999,5,240,19,"JPNLL3"
1999,5,245,14,"JPNLL3"
1999,5,250,10,"JPNLL3"
1999,5,255,3,"JPNLL3"
1999,5,260,5,"JPNLL3"
1999,5,265,1,"JPNLL3"
1999,5,270,1,"JPNLL3"
2000,5,75,2,"JPNLL3"
2000,5,80,3,"JPNLL3"
2000,5,85,4,"JPNLL3"
2000,5,90,2,"JPNLL3"
2000,5,95,4,"JPNLL3"
2000,5,100,11,"JPNLL3"
2000,5,105,6,"JPNLL3"
2000,5,110,49,"JPNLL3"
2000,5,115,33,"JPNLL3"
2000,5,120,24,"JPNLL3"
2000,5,125,58,"JPNLL3"
2000,5,130,71,"JPNLL3"
2000,5,135,105,"JPNLL3"
2000,5,140,166,"JPNLL3"
2000,5,145,96,"JPNLL3"
2000,5,150,141,"JPNLL3"
2000,5,155,168,"JPNLL3"
2000,5,160,145,"JPNLL3"
2000,5,165,188,"JPNLL3"
2000,5,170,209,"JPNLL3"
2000,5,175,203,"JPNLL3"
2000,5,180,181,"JPNLL3"
2000,5,185,140,"JPNLL3"
2000,5,190,120,"JPNLL3"
2000,5,195,130,"JPNLL3"
2000,5,200,81,"JPNLL3"
2000,5,205,76,"JPNLL3"
2000,5,210,75,"JPNLL3"
2000,5,215,61,"JPNLL3"
2000,5,220,48,"JPNLL3"
2000,5,225,49,"JPNLL3"
2000,5,230,28,"JPNLL3"
2000,5,235,27,"JPNLL3"
2000,5,240,17,"JPNLL3"
2000,5,245,16,"JPNLL3"
2000,5,250,12,"JPNLL3"
2000,5,255,9,"JPNLL3"
2000,5,260,5,"JPNLL3"
2000,5,265,3,"JPNLL3"
2000,5,275,1,"JPNLL3"
2000,5,295,1,"JPNLL3"
2001,5,75,2,"JPNLL3"
2001,5,80,3,"JPNLL3"
2001,5,90,2,"JPNLL3"
2001,5,95,1,"JPNLL3"
2001,5,100,4,"JPNLL3"
2001,5,105,1,"JPNLL3"
2001,5,110,16,"JPNLL3"
2001,5,115,16,"JPNLL3"
2001,5,120,27,"JPNLL3"
2001,5,125,33,"JPNLL3"
2001,5,130,37,"JPNLL3"
2001,5,135,65,"JPNLL3"
2001,5,140,57,"JPNLL3"
2001,5,145,63,"JPNLL3"
2001,5,150,81,"JPNLL3"
2001,5,155,89,"JPNLL3"
2001,5,160,62,"JPNLL3"
2001,5,165,93,"JPNLL3"
2001,5,170,95,"JPNLL3"
2001,5,175,76,"JPNLL3"
2001,5,180,70,"JPNLL3"
2001,5,185,65,"JPNLL3"
2001,5,190,54,"JPNLL3"
2001,5,195,62,"JPNLL3"
2001,5,200,54,"JPNLL3"
2001,5,205,39,"JPNLL3"
2001,5,210,34,"JPNLL3"
2001,5,215,30,"JPNLL3"
2001,5,220,19,"JPNLL3"
2001,5,225,21,"JPNLL3"
2001,5,230,16,"JPNLL3"
2001,5,235,16,"JPNLL3"
2001,5,240,9,"JPNLL3"
2001,5,245,12,"JPNLL3"
2001,5,250,5,"JPNLL3"
2001,5,255,2,"JPNLL3"
2001,5,260,1,"JPNLL3"
2001,5,265,4,"JPNLL3"
2002,5,85,1,"JPNLL3"
2002,5,90,3,"JPNLL3"
2002,5,95,5,"JPNLL3"
2002,5,100,10,"JPNLL3"
2002,5,105,6,"JPNLL3"
2002,5,110,10,"JPNLL3"
2002,5,115,16,"JPNLL3"
2002,5,120,16,"JPNLL3"
2002,5,125,14,"JPNLL3"
2002,5,130,32,"JPNLL3"
2002,5,135,63,"JPNLL3"
2002,5,140,110,"JPNLL3"
2002,5,145,95,"JPNLL3"
2002,5,150,111,"JPNLL3"
2002,5,155,178,"JPNLL3"
2002,5,160,154,"JPNLL3"
2002,5,165,137,"JPNLL3"
2002,5,170,171,"JPNLL3"
2002,5,175,127,"JPNLL3"
2002,5,180,117,"JPNLL3"
2002,5,185,153,"JPNLL3"
2002,5,190,101,"JPNLL3"
2002,5,195,115,"JPNLL3"
2002,5,200,80,"JPNLL3"
2002,5,205,47,"JPNLL3"
2002,5,210,59,"JPNLL3"
2002,5,215,30,"JPNLL3"
2002,5,220,42,"JPNLL3"
2002,5,225,20,"JPNLL3"
2002,5,230,14,"JPNLL3"
2002,5,235,11,"JPNLL3"
2002,5,240,24,"JPNLL3"
2002,5,245,11,"JPNLL3"
2002,5,250,9,"JPNLL3"
2002,5,255,4,"JPNLL3"
2002,5,260,8,"JPNLL3"
2002,5,265,4,"JPNLL3"
2002,5,270,6,"JPNLL3"
2002,5,285,4,"JPNLL3"
2002,5,290,3,"JPNLL3"
2002,5,295,2,"JPNLL3"
2002,5,300,3,"JPNLL3"
2002,5,305,1,"JPNLL3"
2002,5,320,1,"JPNLL3"
2002,5,340,1,"JPNLL3"
2003,5,75,1,"JPNLL3"
2003,5,80,1,"JPNLL3"
2003,5,90,4,"JPNLL3"
2003,5,95,5,"JPNLL3"
2003,5,100,8,"JPNLL3"
2003,5,105,7,"JPNLL3"
2003,5,110,34,"JPNLL3"
2003,5,115,36,"JPNLL3"
2003,5,120,42,"JPNLL3"
2003,5,125,75,"JPNLL3"
2003,5,130,67,"JPNLL3"
2003,5,135,110,"JPNLL3"
2003,5,140,142,"JPNLL3"
2003,5,145,130,"JPNLL3"
2003,5,150,218,"JPNLL3"
2003,5,155,175,"JPNLL3"
2003,5,160,163,"JPNLL3"
2003,5,165,246,"JPNLL3"
2003,5,170,261,"JPNLL3"
2003,5,175,209,"JPNLL3"
2003,5,180,190,"JPNLL3"
2003,5,185,153,"JPNLL3"
2003,5,190,99,"JPNLL3"
2003,5,195,148,"JPNLL3"
2003,5,200,113,"JPNLL3"
2003,5,205,71,"JPNLL3"
2003,5,210,76,"JPNLL3"
2003,5,215,64,"JPNLL3"
2003,5,220,71,"JPNLL3"
2003,5,225,56,"JPNLL3"
2003,5,230,38,"JPNLL3"
2003,5,235,31,"JPNLL3"
2003,5,240,19,"JPNLL3"
2003,5,245,21,"JPNLL3"
2003,5,250,4,"JPNLL3"
2003,5,255,2,"JPNLL3"
2003,5,260,3,"JPNLL3"
2003,5,265,3,"JPNLL3"
2003,5,270,2,"JPNLL3"
2003,5,275,3,"JPNLL3"
2003,5,285,1,"JPNLL3"
2003,5,290,1,"JPNLL3"
2003,5,300,1,"JPNLL3"
2003,5,305,1,"JPNLL3"
2003,5,330,1,"JPNLL3"
2004,5,75,7,"JPNLL3"
2004,5,80,5,"JPNLL3"
2004,5,85,3,"JPNLL3"
2004,5,90,8,"JPNLL3"
2004,5,95,13,"JPNLL3"
2004,5,100,12,"JPNLL3"
2004,5,105,4,"JPNLL3"
2004,5,110,41,"JPNLL3"
2004,5,115,44,"JPNLL3"
2004,5,120,44,"JPNLL3"
2004,5,125,62,"JPNLL3"
2004,5,130,67,"JPNLL3"
2004,5,135,126,"JPNLL3"
2004,5,140,134,"JPNLL3"
2004,5,145,150,"JPNLL3"
2004,5,150,206,"JPNLL3"
2004,5,155,242,"JPNLL3"
2004,5,160,178,"JPNLL3"
2004,5,165,219,"JPNLL3"
2004,5,170,247,"JPNLL3"
2004,5,175,169,"JPNLL3"
2004,5,180,149,"JPNLL3"
2004,5,185,130,"JPNLL3"
2004,5,190,113,"JPNLL3"
2004,5,195,96,"JPNLL3"
2004,5,200,62,"JPNLL3"
2004,5,205,62,"JPNLL3"
2004,5,210,66,"JPNLL3"
2004,5,215,49,"JPNLL3"
2004,5,220,37,"JPNLL3"
2004,5,225,26,"JPNLL3"
2004,5,230,14,"JPNLL3"
2004,5,235,19,"JPNLL3"
2004,5,240,17,"JPNLL3"
2004,5,245,14,"JPNLL3"
2004,5,250,12,"JPNLL3"
2004,5,255,6,"JPNLL3"
2004,5,260,3,"JPNLL3"
2004,5,265,3,"JPNLL3"
2004,5,270,3,"JPNLL3"
2004,5,275,1,"JPNLL3"
2004,5,280,3,"JPNLL3"
2004,5,285,2,"JPNLL3"
2004,5,290,1,"JPNLL3"
2005,5,50,4,"JPNLL3"
2005,5,55,6,"JPNLL3"
2005,5,60,11,"JPNLL3"
2005,5,65,5,"JPNLL3"
2005,5,70,5,"JPNLL3"
2005,5,75,7,"JPNLL3"
2005,5,80,5,"JPNLL3"
2005,5,85,12,"JPNLL3"
2005,5,90,13,"JPNLL3"
2005,5,95,17,"JPNLL3"
2005,5,100,18,"JPNLL3"
2005,5,105,8,"JPNLL3"
2005,5,110,27,"JPNLL3"
2005,5,115,29,"JPNLL3"
2005,5,120,21,"JPNLL3"
2005,5,125,48,"JPNLL3"
2005,5,130,34,"JPNLL3"
2005,5,135,80,"JPNLL3"
2005,5,140,51,"JPNLL3"
2005,5,145,78,"JPNLL3"
2005,5,150,106,"JPNLL3"
2005,5,155,124,"JPNLL3"
2005,5,160,92,"JPNLL3"
2005,5,165,94,"JPNLL3"
2005,5,170,189,"JPNLL3"
2005,5,175,103,"JPNLL3"
2005,5,180,105,"JPNLL3"
2005,5,185,106,"JPNLL3"
2005,5,190,58,"JPNLL3"
2005,5,195,57,"JPNLL3"
2005,5,200,50,"JPNLL3"
2005,5,205,47,"JPNLL3"
2005,5,210,28,"JPNLL3"
2005,5,215,19,"JPNLL3"
2005,5,220,16,"JPNLL3"
2005,5,225,19,"JPNLL3"
2005,5,230,6,"JPNLL3"
2005,5,235,14,"JPNLL3"
2005,5,240,8,"JPNLL3"
2005,5,245,6,"JPNLL3"
2005,5,250,4,"JPNLL3"
2005,5,255,2,"JPNLL3"
2005,5,260,3,"JPNLL3"
2005,5,265,1,"JPNLL3"
2005,5,270,4,"JPNLL3"
2006,5,50,1,"JPNLL3"
2006,5,65,2,"JPNLL3"
2006,5,75,3,"JPNLL3"
2006,5,80,2,"JPNLL3"
2006,5,85,1,"JPNLL3"
2006,5,90,4,"JPNLL3"
2006,5,95,6,"JPNLL3"
2006,5,100,13,"JPNLL3"
2006,5,105,6,"JPNLL3"
2006,5,110,57,"JPNLL3"
2006,5,115,37,"JPNLL3"
2006,5,120,37,"JPNLL3"
2006,5,125,74,"JPNLL3"
2006,5,130,68,"JPNLL3"
2006,5,135,91,"JPNLL3"
2006,5,140,99,"JPNLL3"
2006,5,145,83,"JPNLL3"
2006,5,150,87,"JPNLL3"
2006,5,155,104,"JPNLL3"
2006,5,160,104,"JPNLL3"
2006,5,165,104,"JPNLL3"
2006,5,170,139,"JPNLL3"
2006,5,175,130,"JPNLL3"
2006,5,180,108,"JPNLL3"
2006,5,185,99,"JPNLL3"
2006,5,190,64,"JPNLL3"
2006,5,195,70,"JPNLL3"
2006,5,200,56,"JPNLL3"
2006,5,205,62,"JPNLL3"
2006,5,210,50,"JPNLL3"
2006,5,215,34,"JPNLL3"
2006,5,220,25,"JPNLL3"
2006,5,225,29,"JPNLL3"
2006,5,230,23,"JPNLL3"
2006,5,235,19,"JPNLL3"
2006,5,240,13,"JPNLL3"
2006,5,245,16,"JPNLL3"
2006,5,250,6,"JPNLL3"
2006,5,255,8,"JPNLL3"
2006,5,260,4,"JPNLL3"
2006,5,265,5,"JPNLL3"
2006,5,270,4,"JPNLL3"
2006,5,275,1,"JPNLL3"
2006,5,285,2,"JPNLL3"
2007,5,65,1,"JPNLL3"
2007,5,75,2,"JPNLL3"
2007,5,80,3,"JPNLL3"
2007,5,90,3,"JPNLL3"
2007,5,95,2,"JPNLL3"
2007,5,100,15,"JPNLL3"
2007,5,105,9,"JPNLL3"
2007,5,110,62,"JPNLL3"
2007,5,115,74,"JPNLL3"
2007,5,120,60,"JPNLL3"
2007,5,125,99,"JPNLL3"
2007,5,130,93,"JPNLL3"
2007,5,135,113,"JPNLL3"
2007,5,140,163,"JPNLL3"
2007,5,145,102,"JPNLL3"
2007,5,150,144,"JPNLL3"
2007,5,155,133,"JPNLL3"
2007,5,160,130,"JPNLL3"
2007,5,165,112,"JPNLL3"
2007,5,170,143,"JPNLL3"
2007,5,175,158,"JPNLL3"
2007,5,180,206,"JPNLL3"
2007,5,185,145,"JPNLL3"
2007,5,190,95,"JPNLL3"
2007,5,195,138,"JPNLL3"
2007,5,200,88,"JPNLL3"
2007,5,205,78,"JPNLL3"
2007,5,210,70,"JPNLL3"
2007,5,215,43,"JPNLL3"
2007,5,220,45,"JPNLL3"
2007,5,225,26,"JPNLL3"
2007,5,230,24,"JPNLL3"
2007,5,235,23,"JPNLL3"
2007,5,240,15,"JPNLL3"
2007,5,245,17,"JPNLL3"
2007,5,250,11,"JPNLL3"
2007,5,255,7,"JPNLL3"
2007,5,260,3,"JPNLL3"
2007,5,265,3,"JPNLL3"
2007,5,270,2,"JPNLL3"
2007,5,275,3,"JPNLL3"
2007,5,285,1,"JPNLL3"
2007,5,310,1,"JPNLL3"
2008,5,65,1,"JPNLL3"
2008,5,75,4,"JPNLL3"
2008,5,80,8,"JPNLL3"
2008,5,85,3,"JPNLL3"
2008,5,90,15,"JPNLL3"
2008,5,95,12,"JPNLL3"
2008,5,100,30,"JPNLL3"
2008,5,105,13,"JPNLL3"
2008,5,110,78,"JPNLL3"
2008,5,115,72,"JPNLL3"
2008,5,120,72,"JPNLL3"
2008,5,125,127,"JPNLL3"
2008,5,130,120,"JPNLL3"
2008,5,135,136,"JPNLL3"
2008,5,140,173,"JPNLL3"
2008,5,145,149,"JPNLL3"
2008,5,150,159,"JPNLL3"
2008,5,155,146,"JPNLL3"
2008,5,160,141,"JPNLL3"
2008,5,165,134,"JPNLL3"
2008,5,170,153,"JPNLL3"
2008,5,175,176,"JPNLL3"
2008,5,180,153,"JPNLL3"
2008,5,185,172,"JPNLL3"
2008,5,190,138,"JPNLL3"
2008,5,195,126,"JPNLL3"
2008,5,200,106,"JPNLL3"
2008,5,205,88,"JPNLL3"
2008,5,210,75,"JPNLL3"
2008,5,215,68,"JPNLL3"
2008,5,220,42,"JPNLL3"
2008,5,225,34,"JPNLL3"
2008,5,230,31,"JPNLL3"
2008,5,235,28,"JPNLL3"
2008,5,240,14,"JPNLL3"
2008,5,245,19,"JPNLL3"
2008,5,250,13,"JPNLL3"
2008,5,255,9,"JPNLL3"
2008,5,260,10,"JPNLL3"
2008,5,265,4,"JPNLL3"
2008,5,270,1,"JPNLL3"
2008,5,275,1,"JPNLL3"
2008,5,280,1,"JPNLL3"
2008,5,285,1,"JPNLL3"
2008,5,290,1,"JPNLL3"
2009,5,65,5,"JPNLL3"
2009,5,75,19,"JPNLL3"
2009,5,80,16,"JPNLL3"
2009,5,85,4,"JPNLL3"
2009,5,90,16,"JPNLL3"
2009,5,95,15,"JPNLL3"
2009,5,100,35,"JPNLL3"
2009,5,105,13,"JPNLL3"
2009,5,110,66,"JPNLL3"
2009,5,115,108,"JPNLL3"
2009,5,120,71,"JPNLL3"
2009,5,125,125,"JPNLL3"
2009,5,130,114,"JPNLL3"
2009,5,135,190,"JPNLL3"
2009,5,140,211,"JPNLL3"
2009,5,145,141,"JPNLL3"
2009,5,150,182,"JPNLL3"
2009,5,155,182,"JPNLL3"
2009,5,160,193,"JPNLL3"
2009,5,165,144,"JPNLL3"
2009,5,170,144,"JPNLL3"
2009,5,175,135,"JPNLL3"
2009,5,180,127,"JPNLL3"
2009,5,185,111,"JPNLL3"
2009,5,190,92,"JPNLL3"
2009,5,195,91,"JPNLL3"
2009,5,200,95,"JPNLL3"
2009,5,205,60,"JPNLL3"
2009,5,210,70,"JPNLL3"
2009,5,215,41,"JPNLL3"
2009,5,220,34,"JPNLL3"
2009,5,225,33,"JPNLL3"
2009,5,230,23,"JPNLL3"
2009,5,235,26,"JPNLL3"
2009,5,240,11,"JPNLL3"
2009,5,245,10,"JPNLL3"
2009,5,250,14,"JPNLL3"
2009,5,255,8,"JPNLL3"
2009,5,265,3,"JPNLL3"
2009,5,270,2,"JPNLL3"
2009,5,280,3,"JPNLL3"
2009,5,285,2,"JPNLL3"
2009,5,305,1,"JPNLL3"
2010,5,65,4,"JPNLL3"
2010,5,75,10,"JPNLL3"
2010,5,80,15,"JPNLL3"
2010,5,90,18,"JPNLL3"
2010,5,95,12,"JPNLL3"
2010,5,100,21,"JPNLL3"
2010,5,105,14,"JPNLL3"
2010,5,110,38,"JPNLL3"
2010,5,115,61,"JPNLL3"
2010,5,120,53,"JPNLL3"
2010,5,125,90,"JPNLL3"
2010,5,130,81,"JPNLL3"
2010,5,135,136,"JPNLL3"
2010,5,140,144,"JPNLL3"
2010,5,145,92,"JPNLL3"
2010,5,150,117,"JPNLL3"
2010,5,155,126,"JPNLL3"
2010,5,160,112,"JPNLL3"
2010,5,165,124,"JPNLL3"
2010,5,170,102,"JPNLL3"
2010,5,175,118,"JPNLL3"
2010,5,180,101,"JPNLL3"
2010,5,185,95,"JPNLL3"
2010,5,190,87,"JPNLL3"
2010,5,195,82,"JPNLL3"
2010,5,200,55,"JPNLL3"
2010,5,205,64,"JPNLL3"
2010,5,210,70,"JPNLL3"
2010,5,215,37,"JPNLL3"
2010,5,220,46,"JPNLL3"
2010,5,225,31,"JPNLL3"
2010,5,230,15,"JPNLL3"
2010,5,235,17,"JPNLL3"
2010,5,240,11,"JPNLL3"
2010,5,245,14,"JPNLL3"
2010,5,250,8,"JPNLL3"
2010,5,255,4,"JPNLL3"
2010,5,260,4,"JPNLL3"
2010,5,265,3,"JPNLL3"
2010,5,270,1,"JPNLL3"
2010,5,275,1,"JPNLL3"
2011,5,65,1,"JPNLL3"
2011,5,75,9,"JPNLL3"
2011,5,80,18,"JPNLL3"
2011,5,85,3,"JPNLL3"
2011,5,90,11,"JPNLL3"
2011,5,95,12,"JPNLL3"
2011,5,100,32,"JPNLL3"
2011,5,105,17,"JPNLL3"
2011,5,110,55,"JPNLL3"
2011,5,115,32,"JPNLL3"
2011,5,120,36,"JPNLL3"
2011,5,125,50,"JPNLL3"
2011,5,130,79,"JPNLL3"
2011,5,135,83,"JPNLL3"
2011,5,140,125,"JPNLL3"
2011,5,145,112,"JPNLL3"
2011,5,150,186,"JPNLL3"
2011,5,155,195,"JPNLL3"
2011,5,160,189,"JPNLL3"
2011,5,165,180,"JPNLL3"
2011,5,170,178,"JPNLL3"
2011,5,175,172,"JPNLL3"
2011,5,180,148,"JPNLL3"
2011,5,185,129,"JPNLL3"
2011,5,190,99,"JPNLL3"
2011,5,195,94,"JPNLL3"
2011,5,200,60,"JPNLL3"
2011,5,205,67,"JPNLL3"
2011,5,210,42,"JPNLL3"
2011,5,215,46,"JPNLL3"
2011,5,220,37,"JPNLL3"
2011,5,225,32,"JPNLL3"
2011,5,230,21,"JPNLL3"
2011,5,235,23,"JPNLL3"
2011,5,240,11,"JPNLL3"
2011,5,245,12,"JPNLL3"
2011,5,250,10,"JPNLL3"
2011,5,255,8,"JPNLL3"
2011,5,260,12,"JPNLL3"
2011,5,265,3,"JPNLL3"
2011,5,270,2,"JPNLL3"
2011,5,275,1,"JPNLL3"
2011,5,280,2,"JPNLL3"
2011,5,290,1,"JPNLL3"
2012,5,120,4,"JPNLL3"
2012,5,125,5,"JPNLL3"
2012,5,130,5,"JPNLL3"
2012,5,135,4,"JPNLL3"
2012,5,140,6,"JPNLL3"
2012,5,145,14,"JPNLL3"
2012,5,150,9,"JPNLL3"
2012,5,155,7,"JPNLL3"
2012,5,160,19,"JPNLL3"
2012,5,165,21,"JPNLL3"
2012,5,170,16,"JPNLL3"
2012,5,175,22,"JPNLL3"
2012,5,180,16,"JPNLL3"
2012,5,185,5,"JPNLL3"
2012,5,190,11,"JPNLL3"
2012,5,195,12,"JPNLL3"
2012,5,200,13,"JPNLL3"
2012,5,205,5,"JPNLL3"
2012,5,210,14,"JPNLL3"
2012,5,215,4,"JPNLL3"
2012,5,220,6,"JPNLL3"
2012,5,225,2,"JPNLL3"
2012,5,230,5,"JPNLL3"
2012,5,235,1,"JPNLL3"
2012,5,240,2,"JPNLL3"
2012,5,250,1,"JPNLL3"
2012,5,255,2,"JPNLL3"
2012,5,265,2,"JPNLL3"
2013,5,75,4,"JPNLL3"
2013,5,80,4,"JPNLL3"
2013,5,85,1,"JPNLL3"
2013,5,90,2,"JPNLL3"
2013,5,95,1,"JPNLL3"
2013,5,100,1,"JPNLL3"
2013,5,105,2,"JPNLL3"
2013,5,115,2,"JPNLL3"
2013,5,120,7,"JPNLL3"
2013,5,125,2,"JPNLL3"
2013,5,130,8,"JPNLL3"
2013,5,135,10,"JPNLL3"
2013,5,140,10,"JPNLL3"
2013,5,145,18,"JPNLL3"
2013,5,150,13,"JPNLL3"
2013,5,155,19,"JPNLL3"
2013,5,160,14,"JPNLL3"
2013,5,170,7,"JPNLL3"
2013,5,175,7,"JPNLL3"
2013,5,180,6,"JPNLL3"
2013,5,185,7,"JPNLL3"
2013,5,190,4,"JPNLL3"
2013,5,195,5,"JPNLL3"
2013,5,200,1,"JPNLL3"
2013,5,205,3,"JPNLL3"
2013,5,210,2,"JPNLL3"
2013,5,215,3,"JPNLL3"
2013,5,220,4,"JPNLL3"
2013,5,225,1,"JPNLL3"
2013,5,230,1,"JPNLL3"
2013,5,240,1,"JPNLL3"
2013,5,245,2,"JPNLL3"
2013,5,250,1,"JPNLL3"
2014,5,75,12,"JPNLL3"
2014,5,80,32,"JPNLL3"
2014,5,85,23,"JPNLL3"
2014,5,90,10,"JPNLL3"
2014,5,95,7,"JPNLL3"
2014,5,100,7,"JPNLL3"
2014,5,105,15,"JPNLL3"
2014,5,110,13,"JPNLL3"
2014,5,115,13,"JPNLL3"
2014,5,120,28,"JPNLL3"
2014,5,125,22,"JPNLL3"
2014,5,130,40,"JPNLL3"
2014,5,135,55,"JPNLL3"
2014,5,140,50,"JPNLL3"
2014,5,145,56,"JPNLL3"
2014,5,150,43,"JPNLL3"
2014,5,155,60,"JPNLL3"
2014,5,160,61,"JPNLL3"
2014,5,165,70,"JPNLL3"
2014,5,170,70,"JPNLL3"
2014,5,175,61,"JPNLL3"
2014,5,180,71,"JPNLL3"
2014,5,185,48,"JPNLL3"
2014,5,190,77,"JPNLL3"
2014,5,195,61,"JPNLL3"
2014,5,200,38,"JPNLL3"
2014,5,205,38,"JPNLL3"
2014,5,210,26,"JPNLL3"
2014,5,215,23,"JPNLL3"
2014,5,220,16,"JPNLL3"
2014,5,225,18,"JPNLL3"
2014,5,230,16,"JPNLL3"
2014,5,235,18,"JPNLL3"
2014,5,240,7,"JPNLL3"
2014,5,245,1,"JPNLL3"
2014,5,250,5,"JPNLL3"
2014,5,255,7,"JPNLL3"
2014,5,260,3,"JPNLL3"
2014,5,265,1,"JPNLL3"
2014,5,275,1,"JPNLL3"
2014,5,295,1,"JPNLL3"
2015,5,75,2,"JPNLL3"
2015,5,80,2,"JPNLL3"
2015,5,85,6,"JPNLL3"
2015,5,90,3,"JPNLL3"
2015,5,95,2,"JPNLL3"
2015,5,105,1,"JPNLL3"
2015,5,110,1,"JPNLL3"
2015,5,115,1,"JPNLL3"
2015,5,125,1,"JPNLL3"
2015,5,130,1,"JPNLL3"
2015,5,135,4,"JPNLL3"
2015,5,140,3,"JPNLL3"
2015,5,145,6,"JPNLL3"
2015,5,150,6,"JPNLL3"
2015,5,155,5,"JPNLL3"
2015,5,160,2,"JPNLL3"
2015,5,165,4,"JPNLL3"
2015,5,170,4,"JPNLL3"
2015,5,175,1,"JPNLL3"
2015,5,180,4,"JPNLL3"
2015,5,185,3,"JPNLL3"
2015,5,190,5,"JPNLL3"
2015,5,195,5,"JPNLL3"
2015,5,200,1,"JPNLL3"
2015,5,210,1,"JPNLL3"
2015,5,220,5,"JPNLL3"
2015,5,225,2,"JPNLL3"
2015,5,265,1,"JPNLL3"
2015,5,280,1,"JPNLL3"
2016,5,75,1,"JPNLL3"
2016,5,80,1,"JPNLL3"
2016,5,85,3,"JPNLL3"
2016,5,110,1,"JPNLL3"
2016,5,120,1,"JPNLL3"
2016,5,130,4,"JPNLL3"
2016,5,135,6,"JPNLL3"
2016,5,140,8,"JPNLL3"
2016,5,145,3,"JPNLL3"
2016,5,150,8,"JPNLL3"
2016,5,155,6,"JPNLL3"
2016,5,160,5,"JPNLL3"
2016,5,165,11,"JPNLL3"
2016,5,170,8,"JPNLL3"
2016,5,175,14,"JPNLL3"
2016,5,180,10,"JPNLL3"
2016,5,185,8,"JPNLL3"
2016,5,190,10,"JPNLL3"
2016,5,195,5,"JPNLL3"
2016,5,200,4,"JPNLL3"
2016,5,205,6,"JPNLL3"
2016,5,210,7,"JPNLL3"
2016,5,215,8,"JPNLL3"
2016,5,220,6,"JPNLL3"
2016,5,225,3,"JPNLL3"
2016,5,235,3,"JPNLL3"
2016,5,245,1,"JPNLL3"
2016,5,250,1,"JPNLL3"
2016,5,270,1,"JPNLL3"
2016,5,275,1,"JPNLL3"
2017,5,75,4,"JPNLL3"
2017,5,80,12,"JPNLL3"
2017,5,85,13,"JPNLL3"
2017,5,90,4,"JPNLL3"
2017,5,95,9,"JPNLL3"
2017,5,100,3,"JPNLL3"
2017,5,105,7,"JPNLL3"
2017,5,110,5,"JPNLL3"
2017,5,115,6,"JPNLL3"
2017,5,120,3,"JPNLL3"
2017,5,125,3,"JPNLL3"
2017,5,130,11,"JPNLL3"
2017,5,135,19,"JPNLL3"
2017,5,140,14,"JPNLL3"
2017,5,145,11,"JPNLL3"
2017,5,150,14,"JPNLL3"
2017,5,155,15,"JPNLL3"
2017,5,160,25,"JPNLL3"
2017,5,165,12,"JPNLL3"
2017,5,170,15,"JPNLL3"
2017,5,175,18,"JPNLL3"
2017,5,180,15,"JPNLL3"
2017,5,185,12,"JPNLL3"
2017,5,190,14,"JPNLL3"
2017,5,195,15,"JPNLL3"
2017,5,200,16,"JPNLL3"
2017,5,205,12,"JPNLL3"
2017,5,210,10,"JPNLL3"
2017,5,215,9,"JPNLL3"
2017,5,220,5,"JPNLL3"
2017,5,225,8,"JPNLL3"
2017,5,230,4,"JPNLL3"
2017,5,235,5,"JPNLL3"
2017,5,240,1,"JPNLL3"
2017,5,245,2,"JPNLL3"
2017,5,250,2,"JPNLL3"
2017,5,255,3,"JPNLL3"
2017,5,260,2,"JPNLL3"
2017,5,270,2,"JPNLL3"
2017,5,275,1,"JPNLL3"
2018,5,75,6,"JPNLL3"
2018,5,80,13,"JPNLL3"
2018,5,85,4,"JPNLL3"
2018,5,90,4,"JPNLL3"
2018,5,95,1,"JPNLL3"
2018,5,100,2,"JPNLL3"
2018,5,105,4,"JPNLL3"
2018,5,110,4,"JPNLL3"
2018,5,115,5,"JPNLL3"
2018,5,120,4,"JPNLL3"
2018,5,125,1,"JPNLL3"
2018,5,130,5,"JPNLL3"
2018,5,135,7,"JPNLL3"
2018,5,140,10,"JPNLL3"
2018,5,145,13,"JPNLL3"
2018,5,150,7,"JPNLL3"
2018,5,155,17,"JPNLL3"
2018,5,160,13,"JPNLL3"
2018,5,165,27,"JPNLL3"
2018,5,170,14,"JPNLL3"
2018,5,175,19,"JPNLL3"
2018,5,180,24,"JPNLL3"
2018,5,185,19,"JPNLL3"
2018,5,190,14,"JPNLL3"
2018,5,195,9,"JPNLL3"
2018,5,200,6,"JPNLL3"
2018,5,205,8,"JPNLL3"
2018,5,210,10,"JPNLL3"
2018,5,215,11,"JPNLL3"
2018,5,220,4,"JPNLL3"
2018,5,230,3,"JPNLL3"
2018,5,235,1,"JPNLL3"
2018,5,250,2,"JPNLL3"
2018,5,255,1,"JPNLL3"
2019,5,70,1,"JPNLL3"
2019,5,85,1,"JPNLL3"
2019,5,90,1,"JPNLL3"
2019,5,95,1,"JPNLL3"
2019,5,105,1,"JPNLL3"
2019,5,115,4,"JPNLL3"
2019,5,120,3,"JPNLL3"
2019,5,125,2,"JPNLL3"
2019,5,130,2,"JPNLL3"
2019,5,135,2,"JPNLL3"
2019,5,140,3,"JPNLL3"
2019,5,145,1,"JPNLL3"
2019,5,150,3,"JPNLL3"
2019,5,155,4,"JPNLL3"
2019,5,160,3,"JPNLL3"
2019,5,165,1,"JPNLL3"
2019,5,170,3,"JPNLL3"
2019,5,175,3,"JPNLL3"
2019,5,180,3,"JPNLL3"
2019,5,185,1,"JPNLL3"
2019,5,190,4,"JPNLL3"
2019,5,195,2,"JPNLL3"
2019,5,200,2,"JPNLL3"
2019,5,215,2,"JPNLL3"
2019,5,235,1,"JPNLL3"
2019,5,245,1,"JPNLL3"
2020,5,60,2,"JPNLL3"
2020,5,65,3,"JPNLL3"
2020,5,70,7,"JPNLL3"
2020,5,75,3,"JPNLL3"
2020,5,80,7,"JPNLL3"
2020,5,90,5,"JPNLL3"
2020,5,100,4,"JPNLL3"
2020,5,105,3,"JPNLL3"
2020,5,110,1,"JPNLL3"
2020,5,115,4,"JPNLL3"
2020,5,120,12,"JPNLL3"
2020,5,125,5,"JPNLL3"
2020,5,130,7,"JPNLL3"
2020,5,135,7,"JPNLL3"
2020,5,140,8,"JPNLL3"
2020,5,145,9,"JPNLL3"
2020,5,150,8,"JPNLL3"
2020,5,155,7,"JPNLL3"
2020,5,160,8,"JPNLL3"
2020,5,165,8,"JPNLL3"
2020,5,170,8,"JPNLL3"
2020,5,175,7,"JPNLL3"
2020,5,180,4,"JPNLL3"
2020,5,185,3,"JPNLL3"
2020,5,190,5,"JPNLL3"
2020,5,195,3,"JPNLL3"
2020,5,200,4,"JPNLL3"
2020,5,205,5,"JPNLL3"
2020,5,210,6,"JPNLL3"
2020,5,215,3,"JPNLL3"
2020,5,230,2,"JPNLL3"
2023,5,65,6,"JPNLL3"
2023,5,70,3,"JPNLL3"
2023,5,75,3,"JPNLL3"
2023,5,80,2,"JPNLL3"
2023,5,95,4,"JPNLL3"
2023,5,100,4,"JPNLL3"
2023,5,105,2,"JPNLL3"
2023,5,110,1,"JPNLL3"
2023,5,120,1,"JPNLL3"
2023,5,125,2,"JPNLL3"
2023,5,135,2,"JPNLL3"
2023,5,140,3,"JPNLL3"
2023,5,145,6,"JPNLL3"
2023,5,150,2,"JPNLL3"
2023,5,155,2,"JPNLL3"
2023,5,160,1,"JPNLL3"
2023,5,165,1,"JPNLL3"
2023,5,175,2,"JPNLL3"
2023,5,185,4,"JPNLL3"
2023,5,190,2,"JPNLL3"
2023,5,195,2,"JPNLL3"
2023,5,200,1,"JPNLL3"
2024,5,105,1,"JPNLL3"
2024,5,130,1,"JPNLL3"
2024,5,135,2,"JPNLL3"
2024,5,140,3,"JPNLL3"
2024,5,145,5,"JPNLL3"
2024,5,150,5,"JPNLL3"
2024,5,155,1,"JPNLL3"
2024,5,160,1,"JPNLL3"
2024,5,165,4,"JPNLL3"
2024,5,170,2,"JPNLL3"
2024,5,175,1,"JPNLL3"
2024,5,180,4,"JPNLL3"
2024,5,185,2,"JPNLL3"
2024,5,190,1,"JPNLL3"
2024,5,200,1,"JPNLL3"
2024,5,230,1,"JPNLL3"
1980,6,100,27,"CTPLL1"
1980,6,105,3,"CTPLL1"
1980,6,110,3,"CTPLL1"
1980,6,115,3,"CTPLL1"
1980,6,120,7,"CTPLL1"
1980,6,125,16,"CTPLL1"
1980,6,130,13,"CTPLL1"
1980,6,135,19,"CTPLL1"
1980,6,140,12,"CTPLL1"
1980,6,145,14,"CTPLL1"
1980,6,150,21,"CTPLL1"
1980,6,155,7,"CTPLL1"
1980,6,160,5,"CTPLL1"
1980,6,165,3,"CTPLL1"
1980,6,170,2,"CTPLL1"
1980,6,180,1,"CTPLL1"
1980,6,185,2,"CTPLL1"
1980,6,190,3,"CTPLL1"
1980,6,195,1,"CTPLL1"
1980,6,200,6,"CTPLL1"
1980,6,205,1,"CTPLL1"
1980,6,210,4,"CTPLL1"
1980,6,215,1,"CTPLL1"
1980,6,220,6,"CTPLL1"
1980,6,225,2,"CTPLL1"
1980,6,230,1,"CTPLL1"
1980,6,235,2,"CTPLL1"
1980,6,240,16,"CTPLL1"
1980,6,245,15,"CTPLL1"
1980,6,250,36,"CTPLL1"
1980,6,255,8,"CTPLL1"
1980,6,260,43,"CTPLL1"
1980,6,265,27,"CTPLL1"
1980,6,270,19,"CTPLL1"
1980,6,275,10,"CTPLL1"
1980,6,280,47,"CTPLL1"
1980,6,285,14,"CTPLL1"
1980,6,290,5,"CTPLL1"
1980,6,300,1,"CTPLL1"
1980,6,320,1,"CTPLL1"
1980,6,325,1,"CTPLL1"
1980,6,330,1,"CTPLL1"
1980,6,335,2,"CTPLL1"
1980,6,340,15,"CTPLL1"
1980,6,350,4,"CTPLL1"
1981,6,120,48,"CTPLL1"
1981,6,125,52,"CTPLL1"
1981,6,130,62,"CTPLL1"
1981,6,135,54,"CTPLL1"
1981,6,140,96,"CTPLL1"
1981,6,145,41,"CTPLL1"
1981,6,150,133,"CTPLL1"
1981,6,155,68,"CTPLL1"
1981,6,160,91,"CTPLL1"
1981,6,165,55,"CTPLL1"
1981,6,170,86,"CTPLL1"
1981,6,175,71,"CTPLL1"
1981,6,180,71,"CTPLL1"
1981,6,185,48,"CTPLL1"
1981,6,190,24,"CTPLL1"
1981,6,195,11,"CTPLL1"
1981,6,200,15,"CTPLL1"
1981,6,205,12,"CTPLL1"
1981,6,210,11,"CTPLL1"
1981,6,215,4,"CTPLL1"
1981,6,220,5,"CTPLL1"
1981,6,230,6,"CTPLL1"
1981,6,235,2,"CTPLL1"
1981,6,240,2,"CTPLL1"
1981,6,250,5,"CTPLL1"
1981,6,255,4,"CTPLL1"
1982,6,120,56,"CTPLL1"
1982,6,125,47,"CTPLL1"
1982,6,130,53,"CTPLL1"
1982,6,135,44,"CTPLL1"
1982,6,140,79,"CTPLL1"
1982,6,145,82,"CTPLL1"
1982,6,150,97,"CTPLL1"
1982,6,155,46,"CTPLL1"
1982,6,160,54,"CTPLL1"
1982,6,165,53,"CTPLL1"
1982,6,170,59,"CTPLL1"
1982,6,175,36,"CTPLL1"
1982,6,180,37,"CTPLL1"
1982,6,185,22,"CTPLL1"
1982,6,190,14,"CTPLL1"
1982,6,195,8,"CTPLL1"
1982,6,200,17,"CTPLL1"
1982,6,205,14,"CTPLL1"
1982,6,210,12,"CTPLL1"
1982,6,215,8,"CTPLL1"
1982,6,220,7,"CTPLL1"
1982,6,225,3,"CTPLL1"
1982,6,230,7,"CTPLL1"
1982,6,235,6,"CTPLL1"
1982,6,240,5,"CTPLL1"
1982,6,245,3,"CTPLL1"
1982,6,250,11,"CTPLL1"
1982,6,255,2,"CTPLL1"
1982,6,260,5,"CTPLL1"
1982,6,265,1,"CTPLL1"
1983,6,120,10,"CTPLL1"
1983,6,125,8,"CTPLL1"
1983,6,130,32,"CTPLL1"
1983,6,135,21,"CTPLL1"
1983,6,140,34,"CTPLL1"
1983,6,145,23,"CTPLL1"
1983,6,150,42,"CTPLL1"
1983,6,155,53,"CTPLL1"
1983,6,160,30,"CTPLL1"
1983,6,165,18,"CTPLL1"
1983,6,170,21,"CTPLL1"
1983,6,175,17,"CTPLL1"
1983,6,180,9,"CTPLL1"
1983,6,185,13,"CTPLL1"
1983,6,190,7,"CTPLL1"
1983,6,195,9,"CTPLL1"
1983,6,200,6,"CTPLL1"
1983,6,205,4,"CTPLL1"
1983,6,210,4,"CTPLL1"
1983,6,215,4,"CTPLL1"
1983,6,220,1,"CTPLL1"
1983,6,230,1,"CTPLL1"
1983,6,235,1,"CTPLL1"
1983,6,240,1,"CTPLL1"
1983,6,245,1,"CTPLL1"
1983,6,250,3,"CTPLL1"
1983,6,255,2,"CTPLL1"
1983,6,260,2,"CTPLL1"
1984,6,120,11,"CTPLL1"
1984,6,125,6,"CTPLL1"
1984,6,130,29,"CTPLL1"
1984,6,135,105,"CTPLL1"
1984,6,140,106,"CTPLL1"
1984,6,145,66,"CTPLL1"
1984,6,150,72,"CTPLL1"
1984,6,155,78,"CTPLL1"
1984,6,160,129,"CTPLL1"
1984,6,165,98,"CTPLL1"
1984,6,170,145,"CTPLL1"
1984,6,175,114,"CTPLL1"
1984,6,180,140,"CTPLL1"
1984,6,185,55,"CTPLL1"
1984,6,190,65,"CTPLL1"
1984,6,195,35,"CTPLL1"
1984,6,200,30,"CTPLL1"
1984,6,205,13,"CTPLL1"
1984,6,210,17,"CTPLL1"
1984,6,215,3,"CTPLL1"
1984,6,220,4,"CTPLL1"
1984,6,225,1,"CTPLL1"
1984,6,230,1,"CTPLL1"
1984,6,245,1,"CTPLL1"
1984,6,250,2,"CTPLL1"
1985,6,120,11,"CTPLL1"
1985,6,125,16,"CTPLL1"
1985,6,130,65,"CTPLL1"
1985,6,135,69,"CTPLL1"
1985,6,140,73,"CTPLL1"
1985,6,145,49,"CTPLL1"
1985,6,150,74,"CTPLL1"
1985,6,155,55,"CTPLL1"
1985,6,160,73,"CTPLL1"
1985,6,165,47,"CTPLL1"
1985,6,170,69,"CTPLL1"
1985,6,175,46,"CTPLL1"
1985,6,180,54,"CTPLL1"
1985,6,185,29,"CTPLL1"
1985,6,190,20,"CTPLL1"
1985,6,195,21,"CTPLL1"
1985,6,200,20,"CTPLL1"
1985,6,205,11,"CTPLL1"
1985,6,210,12,"CTPLL1"
1985,6,215,5,"CTPLL1"
1985,6,220,2,"CTPLL1"
1985,6,225,4,"CTPLL1"
1985,6,230,3,"CTPLL1"
1985,6,235,2,"CTPLL1"
1985,6,240,6,"CTPLL1"
1985,6,245,3,"CTPLL1"
1985,6,250,6,"CTPLL1"
1985,6,260,1,"CTPLL1"
1986,6,120,3,"CTPLL1"
1986,6,125,23,"CTPLL1"
1986,6,130,43,"CTPLL1"
1986,6,135,55,"CTPLL1"
1986,6,140,71,"CTPLL1"
1986,6,145,32,"CTPLL1"
1986,6,150,41,"CTPLL1"
1986,6,155,25,"CTPLL1"
1986,6,160,35,"CTPLL1"
1986,6,165,19,"CTPLL1"
1986,6,170,17,"CTPLL1"
1986,6,175,12,"CTPLL1"
1986,6,180,25,"CTPLL1"
1986,6,185,20,"CTPLL1"
1986,6,190,10,"CTPLL1"
1986,6,195,11,"CTPLL1"
1986,6,200,5,"CTPLL1"
1986,6,205,1,"CTPLL1"
1986,6,210,8,"CTPLL1"
1986,6,215,7,"CTPLL1"
1986,6,220,8,"CTPLL1"
1986,6,225,1,"CTPLL1"
1986,6,230,1,"CTPLL1"
1986,6,235,2,"CTPLL1"
1986,6,240,6,"CTPLL1"
1986,6,245,2,"CTPLL1"
1986,6,250,1,"CTPLL1"
1986,6,255,1,"CTPLL1"
1987,6,120,5,"CTPLL1"
1987,6,125,11,"CTPLL1"
1987,6,130,20,"CTPLL1"
1987,6,135,16,"CTPLL1"
1987,6,140,24,"CTPLL1"
1987,6,145,32,"CTPLL1"
1987,6,150,50,"CTPLL1"
1987,6,155,35,"CTPLL1"
1987,6,160,60,"CTPLL1"
1987,6,165,60,"CTPLL1"
1987,6,170,61,"CTPLL1"
1987,6,175,22,"CTPLL1"
1987,6,180,19,"CTPLL1"
1987,6,185,13,"CTPLL1"
1987,6,190,11,"CTPLL1"
1987,6,195,4,"CTPLL1"
1987,6,200,3,"CTPLL1"
1987,6,205,2,"CTPLL1"
1987,6,210,10,"CTPLL1"
1987,6,215,2,"CTPLL1"
1987,6,220,4,"CTPLL1"
1987,6,225,1,"CTPLL1"
1987,6,230,1,"CTPLL1"
1987,6,250,1,"CTPLL1"
1988,6,125,3,"CTPLL1"
1988,6,130,20,"CTPLL1"
1988,6,135,26,"CTPLL1"
1988,6,140,35,"CTPLL1"
1988,6,145,4,"CTPLL1"
1988,6,150,18,"CTPLL1"
1988,6,155,19,"CTPLL1"
1988,6,160,29,"CTPLL1"
1988,6,165,15,"CTPLL1"
1988,6,170,18,"CTPLL1"
1988,6,175,11,"CTPLL1"
1988,6,180,16,"CTPLL1"
1988,6,185,10,"CTPLL1"
1988,6,190,3,"CTPLL1"
1988,6,195,4,"CTPLL1"
1988,6,200,1,"CTPLL1"
1988,6,205,2,"CTPLL1"
1988,6,210,6,"CTPLL1"
1988,6,215,1,"CTPLL1"
1989,6,120,6,"CTPLL1"
1989,6,125,11,"CTPLL1"
1989,6,130,35,"CTPLL1"
1989,6,135,62,"CTPLL1"
1989,6,140,105,"CTPLL1"
1989,6,145,61,"CTPLL1"
1989,6,150,74,"CTPLL1"
1989,6,155,36,"CTPLL1"
1989,6,160,78,"CTPLL1"
1989,6,165,60,"CTPLL1"
1989,6,170,29,"CTPLL1"
1989,6,175,6,"CTPLL1"
1989,6,180,5,"CTPLL1"
1989,6,185,1,"CTPLL1"
1989,6,260,1,"CTPLL1"
1990,6,120,5,"CTPLL1"
1990,6,125,17,"CTPLL1"
1990,6,130,34,"CTPLL1"
1990,6,135,28,"CTPLL1"
1990,6,140,96,"CTPLL1"
1990,6,145,94,"CTPLL1"
1990,6,150,94,"CTPLL1"
1990,6,155,33,"CTPLL1"
1990,6,160,41,"CTPLL1"
1990,6,165,12,"CTPLL1"
1990,6,170,7,"CTPLL1"
1990,6,175,4,"CTPLL1"
1990,6,180,11,"CTPLL1"
1990,6,185,4,"CTPLL1"
1990,6,190,4,"CTPLL1"
1990,6,195,5,"CTPLL1"
1990,6,200,10,"CTPLL1"
1990,6,205,5,"CTPLL1"
1990,6,210,4,"CTPLL1"
1990,6,215,3,"CTPLL1"
1990,6,220,4,"CTPLL1"
1990,6,225,1,"CTPLL1"
1990,6,230,4,"CTPLL1"
1990,6,235,1,"CTPLL1"
1990,6,240,1,"CTPLL1"
1991,7,120,1,"CTPLL2"
1991,7,125,7,"CTPLL2"
1991,7,130,11,"CTPLL2"
1991,7,135,22,"CTPLL2"
1991,7,140,49,"CTPLL2"
1991,7,145,42,"CTPLL2"
1991,7,150,95,"CTPLL2"
1991,7,155,112,"CTPLL2"
1991,7,160,226,"CTPLL2"
1991,7,165,152,"CTPLL2"
1991,7,170,132,"CTPLL2"
1991,7,175,64,"CTPLL2"
1991,7,180,29,"CTPLL2"
1991,7,185,13,"CTPLL2"
1991,7,190,1,"CTPLL2"
1992,7,120,13,"CTPLL2"
1992,7,125,37,"CTPLL2"
1992,7,130,56,"CTPLL2"
1992,7,135,60,"CTPLL2"
1992,7,140,73,"CTPLL2"
1992,7,145,80,"CTPLL2"
1992,7,150,259,"CTPLL2"
1992,7,155,318,"CTPLL2"
1992,7,160,544,"CTPLL2"
1992,7,165,291,"CTPLL2"
1992,7,170,197,"CTPLL2"
1992,7,175,74,"CTPLL2"
1992,7,180,50,"CTPLL2"
1992,7,185,40,"CTPLL2"
1992,7,190,11,"CTPLL2"
1992,7,195,7,"CTPLL2"
1993,7,120,3,"CTPLL2"
1993,7,125,5,"CTPLL2"
1993,7,130,18,"CTPLL2"
1993,7,135,32,"CTPLL2"
1993,7,140,74,"CTPLL2"
1993,7,145,128,"CTPLL2"
1993,7,150,279,"CTPLL2"
1993,7,155,202,"CTPLL2"
1993,7,160,211,"CTPLL2"
1993,7,165,134,"CTPLL2"
1993,7,170,77,"CTPLL2"
1993,7,175,35,"CTPLL2"
1993,7,180,29,"CTPLL2"
1993,7,185,39,"CTPLL2"
1993,7,190,17,"CTPLL2"
1993,7,195,13,"CTPLL2"
1993,7,200,6,"CTPLL2"
1993,7,205,2,"CTPLL2"
1993,7,210,2,"CTPLL2"
1993,7,215,2,"CTPLL2"
1993,7,230,1,"CTPLL2"
1993,7,235,1,"CTPLL2"
1993,7,260,1,"CTPLL2"
1994,7,120,58,"CTPLL2"
1994,7,125,58,"CTPLL2"
1994,7,130,79,"CTPLL2"
1994,7,135,113,"CTPLL2"
1994,7,140,137,"CTPLL2"
1994,7,145,145,"CTPLL2"
1994,7,150,225,"CTPLL2"
1994,7,155,227,"CTPLL2"
1994,7,160,332,"CTPLL2"
1994,7,165,196,"CTPLL2"
1994,7,170,144,"CTPLL2"
1994,7,175,49,"CTPLL2"
1994,7,180,63,"CTPLL2"
1994,7,185,31,"CTPLL2"
1994,7,190,23,"CTPLL2"
1994,7,195,7,"CTPLL2"
1994,7,200,17,"CTPLL2"
1994,7,205,4,"CTPLL2"
1994,7,210,3,"CTPLL2"
1994,7,215,3,"CTPLL2"
1994,7,230,1,"CTPLL2"
1994,7,245,1,"CTPLL2"
1995,7,120,61,"CTPLL2"
1995,7,125,49,"CTPLL2"
1995,7,130,219,"CTPLL2"
1995,7,135,177,"CTPLL2"
1995,7,140,246,"CTPLL2"
1995,7,145,302,"CTPLL2"
1995,7,150,417,"CTPLL2"
1995,7,155,345,"CTPLL2"
1995,7,160,502,"CTPLL2"
1995,7,165,316,"CTPLL2"
1995,7,170,245,"CTPLL2"
1995,7,175,147,"CTPLL2"
1995,7,180,184,"CTPLL2"
1995,7,185,73,"CTPLL2"
1995,7,190,38,"CTPLL2"
1995,7,195,42,"CTPLL2"
1995,7,200,18,"CTPLL2"
1995,7,205,11,"CTPLL2"
1995,7,210,7,"CTPLL2"
1995,7,215,7,"CTPLL2"
1995,7,220,9,"CTPLL2"
1995,7,225,7,"CTPLL2"
1995,7,230,6,"CTPLL2"
1995,7,235,4,"CTPLL2"
1995,7,240,1,"CTPLL2"
1995,7,245,1,"CTPLL2"
1995,7,255,1,"CTPLL2"
1996,7,120,97,"CTPLL2"
1996,7,125,249,"CTPLL2"
1996,7,130,482,"CTPLL2"
1996,7,135,524,"CTPLL2"
1996,7,140,489,"CTPLL2"
1996,7,145,384,"CTPLL2"
1996,7,150,565,"CTPLL2"
1996,7,155,312,"CTPLL2"
1996,7,160,383,"CTPLL2"
1996,7,165,194,"CTPLL2"
1996,7,170,182,"CTPLL2"
1996,7,175,166,"CTPLL2"
1996,7,180,111,"CTPLL2"
1996,7,185,69,"CTPLL2"
1996,7,190,40,"CTPLL2"
1996,7,195,17,"CTPLL2"
1996,7,200,13,"CTPLL2"
1996,7,205,3,"CTPLL2"
1996,7,210,7,"CTPLL2"
1996,7,215,5,"CTPLL2"
1996,7,220,1,"CTPLL2"
1996,7,225,3,"CTPLL2"
1996,7,230,1,"CTPLL2"
1996,7,235,1,"CTPLL2"
1996,7,245,1,"CTPLL2"
1996,7,255,1,"CTPLL2"
1997,7,120,10,"CTPLL2"
1997,7,125,36,"CTPLL2"
1997,7,130,92,"CTPLL2"
1997,7,135,109,"CTPLL2"
1997,7,140,134,"CTPLL2"
1997,7,145,258,"CTPLL2"
1997,7,150,235,"CTPLL2"
1997,7,155,216,"CTPLL2"
1997,7,160,332,"CTPLL2"
1997,7,165,409,"CTPLL2"
1997,7,170,581,"CTPLL2"
1997,7,175,364,"CTPLL2"
1997,7,180,298,"CTPLL2"
1997,7,185,195,"CTPLL2"
1997,7,190,136,"CTPLL2"
1997,7,195,68,"CTPLL2"
1997,7,200,79,"CTPLL2"
1997,7,205,36,"CTPLL2"
1997,7,210,61,"CTPLL2"
1997,7,215,39,"CTPLL2"
1997,7,220,37,"CTPLL2"
1997,7,225,42,"CTPLL2"
1997,7,230,75,"CTPLL2"
1997,7,235,56,"CTPLL2"
1997,7,240,60,"CTPLL2"
1997,7,245,55,"CTPLL2"
1997,7,250,30,"CTPLL2"
1997,7,255,32,"CTPLL2"
1997,7,260,12,"CTPLL2"
1998,7,120,16,"CTPLL2"
1998,7,125,34,"CTPLL2"
1998,7,130,158,"CTPLL2"
1998,7,135,183,"CTPLL2"
1998,7,140,206,"CTPLL2"
1998,7,145,224,"CTPLL2"
1998,7,150,236,"CTPLL2"
1998,7,155,131,"CTPLL2"
1998,7,160,139,"CTPLL2"
1998,7,165,228,"CTPLL2"
1998,7,170,331,"CTPLL2"
1998,7,175,179,"CTPLL2"
1998,7,180,75,"CTPLL2"
1998,7,185,24,"CTPLL2"
1998,7,190,28,"CTPLL2"
1998,7,195,21,"CTPLL2"
1998,7,200,21,"CTPLL2"
1998,7,205,6,"CTPLL2"
1998,7,210,17,"CTPLL2"
1998,7,215,2,"CTPLL2"
1998,7,220,9,"CTPLL2"
1998,7,225,4,"CTPLL2"
1998,7,230,6,"CTPLL2"
1998,7,235,5,"CTPLL2"
1998,7,240,3,"CTPLL2"
1998,7,245,1,"CTPLL2"
1998,7,250,3,"CTPLL2"
1998,7,255,1,"CTPLL2"
1998,7,260,1,"CTPLL2"
1999,7,120,74,"CTPLL2"
1999,7,125,155,"CTPLL2"
1999,7,130,322,"CTPLL2"
1999,7,135,207,"CTPLL2"
1999,7,140,249,"CTPLL2"
1999,7,145,193,"CTPLL2"
1999,7,150,182,"CTPLL2"
1999,7,155,171,"CTPLL2"
1999,7,160,190,"CTPLL2"
1999,7,165,125,"CTPLL2"
1999,7,170,176,"CTPLL2"
1999,7,175,136,"CTPLL2"
1999,7,180,172,"CTPLL2"
1999,7,185,107,"CTPLL2"
1999,7,190,122,"CTPLL2"
1999,7,195,79,"CTPLL2"
1999,7,200,77,"CTPLL2"
1999,7,205,31,"CTPLL2"
1999,7,210,30,"CTPLL2"
1999,7,215,13,"CTPLL2"
1999,7,220,13,"CTPLL2"
1999,7,225,11,"CTPLL2"
1999,7,230,7,"CTPLL2"
1999,7,235,1,"CTPLL2"
1999,7,240,1,"CTPLL2"
1999,7,245,1,"CTPLL2"
1999,7,250,1,"CTPLL2"
2000,7,120,219,"CTPLL2"
2000,7,125,396,"CTPLL2"
2000,7,130,399,"CTPLL2"
2000,7,135,105,"CTPLL2"
2000,7,140,130,"CTPLL2"
2000,7,145,135,"CTPLL2"
2000,7,150,128,"CTPLL2"
2000,7,155,94,"CTPLL2"
2000,7,160,118,"CTPLL2"
2000,7,165,95,"CTPLL2"
2000,7,170,130,"CTPLL2"
2000,7,175,108,"CTPLL2"
2000,7,180,97,"CTPLL2"
2000,7,185,69,"CTPLL2"
2000,7,190,81,"CTPLL2"
2000,7,195,59,"CTPLL2"
2000,7,200,86,"CTPLL2"
2000,7,205,44,"CTPLL2"
2000,7,210,10,"CTPLL2"
2000,7,215,4,"CTPLL2"
2001,7,120,64,"CTPLL2"
2001,7,125,261,"CTPLL2"
2001,7,130,112,"CTPLL2"
2001,7,135,57,"CTPLL2"
2001,7,140,70,"CTPLL2"
2001,7,145,54,"CTPLL2"
2001,7,150,68,"CTPLL2"
2001,7,155,25,"CTPLL2"
2001,7,160,28,"CTPLL2"
2001,7,165,29,"CTPLL2"
2001,7,170,13,"CTPLL2"
2001,7,175,9,"CTPLL2"
2001,7,180,18,"CTPLL2"
2001,7,185,13,"CTPLL2"
2001,7,190,8,"CTPLL2"
2001,7,195,8,"CTPLL2"
2001,7,200,2,"CTPLL2"
2001,7,210,1,"CTPLL2"
2002,7,120,92,"CTPLL2"
2002,7,125,186,"CTPLL2"
2002,7,130,319,"CTPLL2"
2002,7,135,149,"CTPLL2"
2002,7,140,251,"CTPLL2"
2002,7,145,199,"CTPLL2"
2002,7,150,204,"CTPLL2"
2002,7,155,103,"CTPLL2"
2002,7,160,156,"CTPLL2"
2002,7,165,121,"CTPLL2"
2002,7,170,166,"CTPLL2"
2002,7,175,110,"CTPLL2"
2002,7,180,158,"CTPLL2"
2002,7,185,90,"CTPLL2"
2002,7,190,107,"CTPLL2"
2002,7,195,36,"CTPLL2"
2002,7,200,31,"CTPLL2"
2002,7,205,8,"CTPLL2"
2002,7,210,12,"CTPLL2"
2002,7,215,4,"CTPLL2"
2002,7,220,2,"CTPLL2"
2002,7,225,1,"CTPLL2"
2002,7,230,1,"CTPLL2"
2002,7,240,1,"CTPLL2"
2002,7,250,1,"CTPLL2"
2003,7,120,31,"CTPLL2"
2003,7,125,117,"CTPLL2"
2003,7,130,138,"CTPLL2"
2003,7,135,162,"CTPLL2"
2003,7,140,250,"CTPLL2"
2003,7,145,244,"CTPLL2"
2003,7,150,459,"CTPLL2"
2003,7,155,387,"CTPLL2"
2003,7,160,515,"CTPLL2"
2003,7,165,427,"CTPLL2"
2003,7,170,478,"CTPLL2"
2003,7,175,321,"CTPLL2"
2003,7,180,305,"CTPLL2"
2003,7,185,178,"CTPLL2"
2003,7,190,151,"CTPLL2"
2003,7,195,145,"CTPLL2"
2003,7,200,66,"CTPLL2"
2003,7,205,37,"CTPLL2"
2003,7,210,33,"CTPLL2"
2003,7,215,15,"CTPLL2"
2003,7,220,17,"CTPLL2"
2003,7,225,13,"CTPLL2"
2003,7,230,13,"CTPLL2"
2003,7,235,11,"CTPLL2"
2003,7,240,5,"CTPLL2"
2003,7,245,5,"CTPLL2"
2003,7,250,5,"CTPLL2"
2003,7,255,3,"CTPLL2"
2003,7,260,1,"CTPLL2"
2004,7,120,67,"CTPLL2"
2004,7,125,154,"CTPLL2"
2004,7,130,171,"CTPLL2"
2004,7,135,203,"CTPLL2"
2004,7,140,266,"CTPLL2"
2004,7,145,344,"CTPLL2"
2004,7,150,429,"CTPLL2"
2004,7,155,368,"CTPLL2"
2004,7,160,491,"CTPLL2"
2004,7,165,428,"CTPLL2"
2004,7,170,428,"CTPLL2"
2004,7,175,264,"CTPLL2"
2004,7,180,257,"CTPLL2"
2004,7,185,157,"CTPLL2"
2004,7,190,142,"CTPLL2"
2004,7,195,107,"CTPLL2"
2004,7,200,55,"CTPLL2"
2004,7,205,58,"CTPLL2"
2004,7,210,41,"CTPLL2"
2004,7,215,47,"CTPLL2"
2004,7,220,26,"CTPLL2"
2004,7,225,16,"CTPLL2"
2004,7,230,10,"CTPLL2"
2004,7,235,14,"CTPLL2"
2004,7,240,6,"CTPLL2"
2004,7,245,3,"CTPLL2"
2004,7,250,3,"CTPLL2"
2004,7,255,4,"CTPLL2"
2004,7,260,1,"CTPLL2"
2004,7,270,1,"CTPLL2"
2004,7,275,2,"CTPLL2"
2004,7,280,1,"CTPLL2"
2004,7,300,1,"CTPLL2"
2005,7,120,47,"CTPLL2"
2005,7,125,124,"CTPLL2"
2005,7,130,243,"CTPLL2"
2005,7,135,293,"CTPLL2"
2005,7,140,322,"CTPLL2"
2005,7,145,322,"CTPLL2"
2005,7,150,387,"CTPLL2"
2005,7,155,429,"CTPLL2"
2005,7,160,361,"CTPLL2"
2005,7,165,338,"CTPLL2"
2005,7,170,343,"CTPLL2"
2005,7,175,278,"CTPLL2"
2005,7,180,360,"CTPLL2"
2005,7,185,389,"CTPLL2"
2005,7,190,306,"CTPLL2"
2005,7,195,213,"CTPLL2"
2005,7,200,140,"CTPLL2"
2005,7,205,79,"CTPLL2"
2005,7,210,63,"CTPLL2"
2005,7,215,57,"CTPLL2"
2005,7,220,38,"CTPLL2"
2005,7,225,27,"CTPLL2"
2005,7,230,32,"CTPLL2"
2005,7,235,23,"CTPLL2"
2005,7,240,20,"CTPLL2"
2005,7,245,12,"CTPLL2"
2005,7,250,10,"CTPLL2"
2005,7,255,9,"CTPLL2"
2005,7,260,9,"CTPLL2"
2005,7,265,3,"CTPLL2"
2005,7,275,1,"CTPLL2"
2005,7,280,1,"CTPLL2"
2005,7,285,2,"CTPLL2"
2005,7,295,2,"CTPLL2"
2006,7,120,32,"CTPLL2"
2006,7,125,81,"CTPLL2"
2006,7,130,105,"CTPLL2"
2006,7,135,108,"CTPLL2"
2006,7,140,127,"CTPLL2"
2006,7,145,136,"CTPLL2"
2006,7,150,162,"CTPLL2"
2006,7,155,181,"CTPLL2"
2006,7,160,205,"CTPLL2"
2006,7,165,192,"CTPLL2"
2006,7,170,153,"CTPLL2"
2006,7,175,152,"CTPLL2"
2006,7,180,127,"CTPLL2"
2006,7,185,137,"CTPLL2"
2006,7,190,106,"CTPLL2"
2006,7,195,106,"CTPLL2"
2006,7,200,62,"CTPLL2"
2006,7,205,72,"CTPLL2"
2006,7,210,52,"CTPLL2"
2006,7,215,49,"CTPLL2"
2006,7,220,34,"CTPLL2"
2006,7,225,27,"CTPLL2"
2006,7,230,18,"CTPLL2"
2006,7,235,14,"CTPLL2"
2006,7,240,11,"CTPLL2"
2006,7,245,18,"CTPLL2"
2006,7,250,4,"CTPLL2"
2006,7,255,6,"CTPLL2"
2006,7,260,3,"CTPLL2"
2006,7,265,2,"CTPLL2"
2006,7,270,5,"CTPLL2"
2006,7,280,1,"CTPLL2"
2006,7,300,1,"CTPLL2"
2007,7,120,71,"CTPLL2"
2007,7,125,100,"CTPLL2"
2007,7,130,186,"CTPLL2"
2007,7,135,198,"CTPLL2"
2007,7,140,276,"CTPLL2"
2007,7,145,245,"CTPLL2"
2007,7,150,423,"CTPLL2"
2007,7,155,375,"CTPLL2"
2007,7,160,426,"CTPLL2"
2007,7,165,435,"CTPLL2"
2007,7,170,479,"CTPLL2"
2007,7,175,405,"CTPLL2"
2007,7,180,405,"CTPLL2"
2007,7,185,325,"CTPLL2"
2007,7,190,300,"CTPLL2"
2007,7,195,213,"CTPLL2"
2007,7,200,180,"CTPLL2"
2007,7,205,122,"CTPLL2"
2007,7,210,117,"CTPLL2"
2007,7,215,82,"CTPLL2"
2007,7,220,63,"CTPLL2"
2007,7,225,49,"CTPLL2"
2007,7,230,39,"CTPLL2"
2007,7,235,37,"CTPLL2"
2007,7,240,29,"CTPLL2"
2007,7,245,14,"CTPLL2"
2007,7,250,21,"CTPLL2"
2007,7,255,19,"CTPLL2"
2007,7,260,12,"CTPLL2"
2007,7,265,11,"CTPLL2"
2007,7,270,7,"CTPLL2"
2007,7,275,6,"CTPLL2"
2007,7,280,3,"CTPLL2"
2007,7,285,4,"CTPLL2"
2007,7,290,2,"CTPLL2"
2007,7,300,2,"CTPLL2"
2007,7,305,2,"CTPLL2"
2008,7,120,81,"CTPLL2"
2008,7,125,137,"CTPLL2"
2008,7,130,235,"CTPLL2"
2008,7,135,272,"CTPLL2"
2008,7,140,380,"CTPLL2"
2008,7,145,345,"CTPLL2"
2008,7,150,409,"CTPLL2"
2008,7,155,401,"CTPLL2"
2008,7,160,466,"CTPLL2"
2008,7,165,500,"CTPLL2"
2008,7,170,581,"CTPLL2"
2008,7,175,502,"CTPLL2"
2008,7,180,502,"CTPLL2"
2008,7,185,373,"CTPLL2"
2008,7,190,360,"CTPLL2"
2008,7,195,287,"CTPLL2"
2008,7,200,257,"CTPLL2"
2008,7,205,174,"CTPLL2"
2008,7,210,166,"CTPLL2"
2008,7,215,102,"CTPLL2"
2008,7,220,103,"CTPLL2"
2008,7,225,67,"CTPLL2"
2008,7,230,57,"CTPLL2"
2008,7,235,41,"CTPLL2"
2008,7,240,26,"CTPLL2"
2008,7,245,28,"CTPLL2"
2008,7,250,28,"CTPLL2"
2008,7,255,12,"CTPLL2"
2008,7,260,14,"CTPLL2"
2008,7,265,3,"CTPLL2"
2008,7,270,12,"CTPLL2"
2008,7,275,5,"CTPLL2"
2008,7,280,7,"CTPLL2"
2008,7,285,2,"CTPLL2"
2008,7,290,2,"CTPLL2"
2008,7,295,1,"CTPLL2"
2008,7,300,1,"CTPLL2"
2008,7,305,1,"CTPLL2"
2009,7,120,119,"CTPLL2"
2009,7,125,163,"CTPLL2"
2009,7,130,282,"CTPLL2"
2009,7,135,257,"CTPLL2"
2009,7,140,406,"CTPLL2"
2009,7,145,321,"CTPLL2"
2009,7,150,418,"CTPLL2"
2009,7,155,369,"CTPLL2"
2009,7,160,488,"CTPLL2"
2009,7,165,470,"CTPLL2"
2009,7,170,552,"CTPLL2"
2009,7,175,410,"CTPLL2"
2009,7,180,488,"CTPLL2"
2009,7,185,357,"CTPLL2"
2009,7,190,313,"CTPLL2"
2009,7,195,224,"CTPLL2"
2009,7,200,266,"CTPLL2"
2009,7,205,178,"CTPLL2"
2009,7,210,198,"CTPLL2"
2009,7,215,140,"CTPLL2"
2009,7,220,110,"CTPLL2"
2009,7,225,95,"CTPLL2"
2009,7,230,61,"CTPLL2"
2009,7,235,37,"CTPLL2"
2009,7,240,35,"CTPLL2"
2009,7,245,28,"CTPLL2"
2009,7,250,21,"CTPLL2"
2009,7,255,13,"CTPLL2"
2009,7,260,10,"CTPLL2"
2009,7,265,6,"CTPLL2"
2009,7,270,4,"CTPLL2"
2009,7,275,1,"CTPLL2"
2009,7,280,4,"CTPLL2"
2009,7,290,3,"CTPLL2"
2009,7,295,1,"CTPLL2"
2009,7,300,1,"CTPLL2"
2009,7,320,1,"CTPLL2"
2009,7,340,1,"CTPLL2"
2010,7,120,20,"CTPLL2"
2010,7,125,70,"CTPLL2"
2010,7,130,85,"CTPLL2"
2010,7,135,122,"CTPLL2"
2010,7,140,228,"CTPLL2"
2010,7,145,233,"CTPLL2"
2010,7,150,351,"CTPLL2"
2010,7,155,313,"CTPLL2"
2010,7,160,367,"CTPLL2"
2010,7,165,277,"CTPLL2"
2010,7,170,301,"CTPLL2"
2010,7,175,241,"CTPLL2"
2010,7,180,314,"CTPLL2"
2010,7,185,184,"CTPLL2"
2010,7,190,172,"CTPLL2"
2010,7,195,115,"CTPLL2"
2010,7,200,150,"CTPLL2"
2010,7,205,70,"CTPLL2"
2010,7,210,102,"CTPLL2"
2010,7,215,54,"CTPLL2"
2010,7,220,67,"CTPLL2"
2010,7,225,38,"CTPLL2"
2010,7,230,38,"CTPLL2"
2010,7,235,17,"CTPLL2"
2010,7,240,25,"CTPLL2"
2010,7,245,8,"CTPLL2"
2010,7,250,11,"CTPLL2"
2010,7,255,7,"CTPLL2"
2010,7,260,9,"CTPLL2"
2010,7,265,2,"CTPLL2"
2010,7,270,6,"CTPLL2"
2010,7,280,4,"CTPLL2"
2010,7,290,2,"CTPLL2"
2010,7,300,1,"CTPLL2"
2010,7,310,1,"CTPLL2"
2010,7,330,1,"CTPLL2"
2011,7,120,28,"CTPLL2"
2011,7,125,62,"CTPLL2"
2011,7,130,140,"CTPLL2"
2011,7,135,165,"CTPLL2"
2011,7,140,262,"CTPLL2"
2011,7,145,257,"CTPLL2"
2011,7,150,370,"CTPLL2"
2011,7,155,369,"CTPLL2"
2011,7,160,436,"CTPLL2"
2011,7,165,374,"CTPLL2"
2011,7,170,389,"CTPLL2"
2011,7,175,279,"CTPLL2"
2011,7,180,343,"CTPLL2"
2011,7,185,174,"CTPLL2"
2011,7,190,155,"CTPLL2"
2011,7,195,134,"CTPLL2"
2011,7,200,149,"CTPLL2"
2011,7,205,69,"CTPLL2"
2011,7,210,84,"CTPLL2"
2011,7,215,39,"CTPLL2"
2011,7,220,49,"CTPLL2"
2011,7,225,33,"CTPLL2"
2011,7,230,32,"CTPLL2"
2011,7,235,35,"CTPLL2"
2011,7,240,21,"CTPLL2"
2011,7,245,18,"CTPLL2"
2011,7,250,21,"CTPLL2"
2011,7,255,6,"CTPLL2"
2011,7,260,3,"CTPLL2"
2011,7,265,6,"CTPLL2"
2011,7,270,4,"CTPLL2"
2011,7,275,2,"CTPLL2"
2011,7,280,2,"CTPLL2"
2011,7,285,4,"CTPLL2"
2011,7,290,3,"CTPLL2"
2011,7,295,6,"CTPLL2"
2011,7,300,3,"CTPLL2"
2011,7,310,3,"CTPLL2"
2011,7,315,3,"CTPLL2"
2011,7,320,5,"CTPLL2"
2011,7,325,3,"CTPLL2"
2011,7,330,1,"CTPLL2"
2011,7,340,1,"CTPLL2"
2011,7,350,1,"CTPLL2"
2011,7,360,4,"CTPLL2"
2011,7,375,1,"CTPLL2"
2011,7,385,1,"CTPLL2"
2011,7,390,2,"CTPLL2"
2011,7,395,1,"CTPLL2"
2012,7,120,15,"CTPLL2"
2012,7,125,89,"CTPLL2"
2012,7,130,125,"CTPLL2"
2012,7,135,133,"CTPLL2"
2012,7,140,196,"CTPLL2"
2012,7,145,244,"CTPLL2"
2012,7,150,325,"CTPLL2"
2012,7,155,289,"CTPLL2"
2012,7,160,392,"CTPLL2"
2012,7,165,306,"CTPLL2"
2012,7,170,367,"CTPLL2"
2012,7,175,272,"CTPLL2"
2012,7,180,227,"CTPLL2"
2012,7,185,160,"CTPLL2"
2012,7,190,146,"CTPLL2"
2012,7,195,107,"CTPLL2"
2012,7,200,109,"CTPLL2"
2012,7,205,86,"CTPLL2"
2012,7,210,74,"CTPLL2"
2012,7,215,51,"CTPLL2"
2012,7,220,47,"CTPLL2"
2012,7,225,32,"CTPLL2"
2012,7,230,31,"CTPLL2"
2012,7,235,25,"CTPLL2"
2012,7,240,24,"CTPLL2"
2012,7,245,13,"CTPLL2"
2012,7,250,23,"CTPLL2"
2012,7,255,6,"CTPLL2"
2012,7,260,9,"CTPLL2"
2012,7,265,8,"CTPLL2"
2012,7,270,7,"CTPLL2"
2012,7,275,3,"CTPLL2"
2012,7,280,7,"CTPLL2"
2012,7,285,1,"CTPLL2"
2012,7,290,3,"CTPLL2"
2012,7,300,4,"CTPLL2"
2012,7,310,1,"CTPLL2"
2012,7,315,2,"CTPLL2"
2012,7,320,2,"CTPLL2"
2012,7,330,1,"CTPLL2"
2012,7,335,1,"CTPLL2"
2013,7,120,29,"CTPLL2"
2013,7,125,92,"CTPLL2"
2013,7,130,81,"CTPLL2"
2013,7,135,111,"CTPLL2"
2013,7,140,239,"CTPLL2"
2013,7,145,290,"CTPLL2"
2013,7,150,330,"CTPLL2"
2013,7,155,348,"CTPLL2"
2013,7,160,338,"CTPLL2"
2013,7,165,366,"CTPLL2"
2013,7,170,408,"CTPLL2"
2013,7,175,289,"CTPLL2"
2013,7,180,394,"CTPLL2"
2013,7,185,253,"CTPLL2"
2013,7,190,242,"CTPLL2"
2013,7,195,152,"CTPLL2"
2013,7,200,216,"CTPLL2"
2013,7,205,127,"CTPLL2"
2013,7,210,161,"CTPLL2"
2013,7,215,154,"CTPLL2"
2013,7,220,71,"CTPLL2"
2013,7,225,58,"CTPLL2"
2013,7,230,61,"CTPLL2"
2013,7,235,30,"CTPLL2"
2013,7,240,32,"CTPLL2"
2013,7,245,22,"CTPLL2"
2013,7,250,16,"CTPLL2"
2013,7,255,11,"CTPLL2"
2013,7,260,18,"CTPLL2"
2013,7,265,10,"CTPLL2"
2013,7,270,11,"CTPLL2"
2013,7,275,6,"CTPLL2"
2013,7,280,5,"CTPLL2"
2013,7,285,2,"CTPLL2"
2013,7,290,4,"CTPLL2"
2013,7,300,1,"CTPLL2"
2013,7,310,3,"CTPLL2"
2014,7,120,13,"CTPLL2"
2014,7,125,38,"CTPLL2"
2014,7,130,46,"CTPLL2"
2014,7,135,26,"CTPLL2"
2014,7,140,78,"CTPLL2"
2014,7,145,117,"CTPLL2"
2014,7,150,190,"CTPLL2"
2014,7,155,220,"CTPLL2"
2014,7,160,281,"CTPLL2"
2014,7,165,261,"CTPLL2"
2014,7,170,365,"CTPLL2"
2014,7,175,267,"CTPLL2"
2014,7,180,334,"CTPLL2"
2014,7,185,221,"CTPLL2"
2014,7,190,217,"CTPLL2"
2014,7,195,136,"CTPLL2"
2014,7,200,121,"CTPLL2"
2014,7,205,76,"CTPLL2"
2014,7,210,104,"CTPLL2"
2014,7,215,56,"CTPLL2"
2014,7,220,51,"CTPLL2"
2014,7,225,34,"CTPLL2"
2014,7,230,36,"CTPLL2"
2014,7,235,28,"CTPLL2"
2014,7,240,14,"CTPLL2"
2014,7,245,10,"CTPLL2"
2014,7,250,11,"CTPLL2"
2014,7,255,14,"CTPLL2"
2014,7,260,6,"CTPLL2"
2014,7,265,7,"CTPLL2"
2014,7,270,7,"CTPLL2"
2014,7,275,4,"CTPLL2"
2014,7,280,4,"CTPLL2"
2014,7,285,1,"CTPLL2"
2014,7,290,2,"CTPLL2"
2014,7,295,4,"CTPLL2"
2014,7,305,1,"CTPLL2"
2014,7,315,1,"CTPLL2"
2015,7,120,3,"CTPLL2"
2015,7,125,14,"CTPLL2"
2015,7,130,39,"CTPLL2"
2015,7,135,47,"CTPLL2"
2015,7,140,95,"CTPLL2"
2015,7,145,114,"CTPLL2"
2015,7,150,180,"CTPLL2"
2015,7,155,224,"CTPLL2"
2015,7,160,316,"CTPLL2"
2015,7,165,297,"CTPLL2"
2015,7,170,445,"CTPLL2"
2015,7,175,300,"CTPLL2"
2015,7,180,333,"CTPLL2"
2015,7,185,281,"CTPLL2"
2015,7,190,269,"CTPLL2"
2015,7,195,172,"CTPLL2"
2015,7,200,189,"CTPLL2"
2015,7,205,100,"CTPLL2"
2015,7,210,103,"CTPLL2"
2015,7,215,56,"CTPLL2"
2015,7,220,49,"CTPLL2"
2015,7,225,30,"CTPLL2"
2015,7,230,39,"CTPLL2"
2015,7,235,33,"CTPLL2"
2015,7,240,21,"CTPLL2"
2015,7,245,10,"CTPLL2"
2015,7,250,27,"CTPLL2"
2015,7,255,12,"CTPLL2"
2015,7,260,13,"CTPLL2"
2015,7,265,12,"CTPLL2"
2015,7,270,8,"CTPLL2"
2015,7,275,3,"CTPLL2"
2015,7,280,13,"CTPLL2"
2015,7,285,16,"CTPLL2"
2015,7,290,10,"CTPLL2"
2015,7,295,6,"CTPLL2"
2015,7,300,6,"CTPLL2"
2015,7,310,1,"CTPLL2"
2015,7,315,1,"CTPLL2"
2015,7,330,1,"CTPLL2"
2016,7,120,9,"CTPLL2"
2016,7,125,35,"CTPLL2"
2016,7,130,74,"CTPLL2"
2016,7,135,67,"CTPLL2"
2016,7,140,189,"CTPLL2"
2016,7,145,175,"CTPLL2"
2016,7,150,187,"CTPLL2"
2016,7,155,264,"CTPLL2"
2016,7,160,312,"CTPLL2"
2016,7,165,350,"CTPLL2"
2016,7,170,385,"CTPLL2"
2016,7,175,369,"CTPLL2"
2016,7,180,328,"CTPLL2"
2016,7,185,234,"CTPLL2"
2016,7,190,271,"CTPLL2"
2016,7,195,195,"CTPLL2"
2016,7,200,192,"CTPLL2"
2016,7,205,142,"CTPLL2"
2016,7,210,121,"CTPLL2"
2016,7,215,101,"CTPLL2"
2016,7,220,76,"CTPLL2"
2016,7,225,35,"CTPLL2"
2016,7,230,41,"CTPLL2"
2016,7,235,34,"CTPLL2"
2016,7,240,35,"CTPLL2"
2016,7,245,16,"CTPLL2"
2016,7,250,23,"CTPLL2"
2016,7,255,9,"CTPLL2"
2016,7,260,22,"CTPLL2"
2016,7,265,8,"CTPLL2"
2016,7,270,4,"CTPLL2"
2016,7,275,2,"CTPLL2"
2016,7,280,5,"CTPLL2"
2016,7,285,4,"CTPLL2"
2016,7,290,5,"CTPLL2"
2016,7,295,3,"CTPLL2"
2016,7,300,5,"CTPLL2"
2016,7,310,1,"CTPLL2"
2016,7,315,1,"CTPLL2"
2016,7,320,2,"CTPLL2"
2016,7,330,2,"CTPLL2"
2016,7,350,3,"CTPLL2"
2016,7,355,1,"CTPLL2"
2016,7,360,1,"CTPLL2"
2016,7,365,2,"CTPLL2"
2017,7,120,3,"CTPLL2"
2017,7,125,28,"CTPLL2"
2017,7,130,67,"CTPLL2"
2017,7,135,60,"CTPLL2"
2017,7,140,86,"CTPLL2"
2017,7,145,114,"CTPLL2"
2017,7,150,143,"CTPLL2"
2017,7,155,239,"CTPLL2"
2017,7,160,251,"CTPLL2"
2017,7,165,303,"CTPLL2"
2017,7,170,373,"CTPLL2"
2017,7,175,273,"CTPLL2"
2017,7,180,315,"CTPLL2"
2017,7,185,223,"CTPLL2"
2017,7,190,217,"CTPLL2"
2017,7,195,168,"CTPLL2"
2017,7,200,124,"CTPLL2"
2017,7,205,81,"CTPLL2"
2017,7,210,66,"CTPLL2"
2017,7,215,50,"CTPLL2"
2017,7,220,34,"CTPLL2"
2017,7,225,36,"CTPLL2"
2017,7,230,25,"CTPLL2"
2017,7,235,18,"CTPLL2"
2017,7,240,16,"CTPLL2"
2017,7,245,17,"CTPLL2"
2017,7,250,8,"CTPLL2"
2017,7,255,11,"CTPLL2"
2017,7,260,11,"CTPLL2"
2017,7,265,12,"CTPLL2"
2017,7,270,9,"CTPLL2"
2017,7,275,4,"CTPLL2"
2017,7,280,7,"CTPLL2"
2017,7,285,6,"CTPLL2"
2017,7,290,7,"CTPLL2"
2017,7,295,8,"CTPLL2"
2017,7,300,7,"CTPLL2"
2017,7,305,4,"CTPLL2"
2017,7,310,4,"CTPLL2"
2017,7,315,3,"CTPLL2"
2017,7,320,3,"CTPLL2"
2017,7,325,2,"CTPLL2"
2017,7,350,1,"CTPLL2"
2018,7,120,6,"CTPLL2"
2018,7,125,6,"CTPLL2"
2018,7,130,27,"CTPLL2"
2018,7,135,36,"CTPLL2"
2018,7,140,122,"CTPLL2"
2018,7,145,184,"CTPLL2"
2018,7,150,270,"CTPLL2"
2018,7,155,295,"CTPLL2"
2018,7,160,341,"CTPLL2"
2018,7,165,336,"CTPLL2"
2018,7,170,394,"CTPLL2"
2018,7,175,303,"CTPLL2"
2018,7,180,319,"CTPLL2"
2018,7,185,251,"CTPLL2"
2018,7,190,223,"CTPLL2"
2018,7,195,176,"CTPLL2"
2018,7,200,132,"CTPLL2"
2018,7,205,108,"CTPLL2"
2018,7,210,79,"CTPLL2"
2018,7,215,67,"CTPLL2"
2018,7,220,61,"CTPLL2"
2018,7,225,45,"CTPLL2"
2018,7,230,39,"CTPLL2"
2018,7,235,28,"CTPLL2"
2018,7,240,37,"CTPLL2"
2018,7,245,35,"CTPLL2"
2018,7,250,19,"CTPLL2"
2018,7,255,17,"CTPLL2"
2018,7,260,14,"CTPLL2"
2018,7,265,12,"CTPLL2"
2018,7,270,9,"CTPLL2"
2018,7,275,8,"CTPLL2"
2018,7,280,4,"CTPLL2"
2018,7,285,3,"CTPLL2"
2018,7,290,1,"CTPLL2"
2018,7,295,5,"CTPLL2"
2018,7,300,3,"CTPLL2"
2018,7,310,1,"CTPLL2"
2018,7,320,2,"CTPLL2"
2019,7,120,24,"CTPLL2"
2019,7,125,33,"CTPLL2"
2019,7,130,75,"CTPLL2"
2019,7,135,73,"CTPLL2"
2019,7,140,215,"CTPLL2"
2019,7,145,147,"CTPLL2"
2019,7,150,197,"CTPLL2"
2019,7,155,318,"CTPLL2"
2019,7,160,328,"CTPLL2"
2019,7,165,412,"CTPLL2"
2019,7,170,391,"CTPLL2"
2019,7,175,390,"CTPLL2"
2019,7,180,368,"CTPLL2"
2019,7,185,299,"CTPLL2"
2019,7,190,244,"CTPLL2"
2019,7,195,233,"CTPLL2"
2019,7,200,141,"CTPLL2"
2019,7,205,101,"CTPLL2"
2019,7,210,85,"CTPLL2"
2019,7,215,94,"CTPLL2"
2019,7,220,64,"CTPLL2"
2019,7,225,43,"CTPLL2"
2019,7,230,40,"CTPLL2"
2019,7,235,31,"CTPLL2"
2019,7,240,14,"CTPLL2"
2019,7,245,14,"CTPLL2"
2019,7,250,12,"CTPLL2"
2019,7,255,6,"CTPLL2"
2019,7,260,6,"CTPLL2"
2019,7,265,6,"CTPLL2"
2019,7,270,5,"CTPLL2"
2019,7,275,2,"CTPLL2"
2019,7,280,2,"CTPLL2"
2019,7,285,2,"CTPLL2"
2019,7,295,1,"CTPLL2"
2019,7,300,1,"CTPLL2"
2020,7,120,33,"CTPLL2"
2020,7,125,43,"CTPLL2"
2020,7,130,39,"CTPLL2"
2020,7,135,44,"CTPLL2"
2020,7,140,107,"CTPLL2"
2020,7,145,205,"CTPLL2"
2020,7,150,213,"CTPLL2"
2020,7,155,304,"CTPLL2"
2020,7,160,278,"CTPLL2"
2020,7,165,351,"CTPLL2"
2020,7,170,372,"CTPLL2"
2020,7,175,416,"CTPLL2"
2020,7,180,246,"CTPLL2"
2020,7,185,230,"CTPLL2"
2020,7,190,178,"CTPLL2"
2020,7,195,155,"CTPLL2"
2020,7,200,74,"CTPLL2"
2020,7,205,92,"CTPLL2"
2020,7,210,64,"CTPLL2"
2020,7,215,46,"CTPLL2"
2020,7,220,31,"CTPLL2"
2020,7,225,25,"CTPLL2"
2020,7,230,13,"CTPLL2"
2020,7,235,15,"CTPLL2"
2020,7,240,13,"CTPLL2"
2020,7,245,6,"CTPLL2"
2020,7,250,9,"CTPLL2"
2020,7,255,2,"CTPLL2"
2020,7,265,3,"CTPLL2"
2020,7,280,1,"CTPLL2"
2021,7,120,2,"CTPLL2"
2021,7,125,4,"CTPLL2"
2021,7,130,9,"CTPLL2"
2021,7,135,54,"CTPLL2"
2021,7,140,77,"CTPLL2"
2021,7,145,91,"CTPLL2"
2021,7,150,162,"CTPLL2"
2021,7,155,156,"CTPLL2"
2021,7,160,203,"CTPLL2"
2021,7,165,180,"CTPLL2"
2021,7,170,234,"CTPLL2"
2021,7,175,183,"CTPLL2"
2021,7,180,207,"CTPLL2"
2021,7,185,171,"CTPLL2"
2021,7,190,158,"CTPLL2"
2021,7,195,104,"CTPLL2"
2021,7,200,83,"CTPLL2"
2021,7,205,42,"CTPLL2"
2021,7,210,54,"CTPLL2"
2021,7,215,33,"CTPLL2"
2021,7,220,29,"CTPLL2"
2021,7,225,16,"CTPLL2"
2021,7,230,26,"CTPLL2"
2021,7,235,7,"CTPLL2"
2021,7,240,11,"CTPLL2"
2021,7,245,6,"CTPLL2"
2021,7,250,8,"CTPLL2"
2021,7,255,6,"CTPLL2"
2021,7,260,1,"CTPLL2"
2021,7,265,1,"CTPLL2"
2021,7,270,3,"CTPLL2"
2021,7,275,1,"CTPLL2"
2021,7,285,1,"CTPLL2"
2022,7,120,3,"CTPLL2"
2022,7,125,2,"CTPLL2"
2022,7,130,9,"CTPLL2"
2022,7,135,27,"CTPLL2"
2022,7,140,42,"CTPLL2"
2022,7,145,89,"CTPLL2"
2022,7,150,124,"CTPLL2"
2022,7,155,136,"CTPLL2"
2022,7,160,146,"CTPLL2"
2022,7,165,196,"CTPLL2"
2022,7,170,244,"CTPLL2"
2022,7,175,238,"CTPLL2"
2022,7,180,194,"CTPLL2"
2022,7,185,192,"CTPLL2"
2022,7,190,182,"CTPLL2"
2022,7,195,147,"CTPLL2"
2022,7,200,142,"CTPLL2"
2022,7,205,68,"CTPLL2"
2022,7,210,83,"CTPLL2"
2022,7,215,64,"CTPLL2"
2022,7,220,48,"CTPLL2"
2022,7,225,36,"CTPLL2"
2022,7,230,40,"CTPLL2"
2022,7,235,19,"CTPLL2"
2022,7,240,13,"CTPLL2"
2022,7,245,10,"CTPLL2"
2022,7,250,9,"CTPLL2"
2022,7,255,4,"CTPLL2"
2022,7,260,1,"CTPLL2"
2022,7,265,2,"CTPLL2"
2022,7,270,1,"CTPLL2"
2022,7,280,1,"CTPLL2"
2022,7,285,2,"CTPLL2"
2022,7,290,1,"CTPLL2"
2023,7,120,2,"CTPLL2"
2023,7,125,5,"CTPLL2"
2023,7,130,5,"CTPLL2"
2023,7,135,16,"CTPLL2"
2023,7,140,109,"CTPLL2"
2023,7,145,110,"CTPLL2"
2023,7,150,159,"CTPLL2"
2023,7,155,226,"CTPLL2"
2023,7,160,212,"CTPLL2"
2023,7,165,225,"CTPLL2"
2023,7,170,385,"CTPLL2"
2023,7,175,282,"CTPLL2"
2023,7,180,226,"CTPLL2"
2023,7,185,225,"CTPLL2"
2023,7,190,162,"CTPLL2"
2023,7,195,144,"CTPLL2"
2023,7,200,96,"CTPLL2"
2023,7,205,63,"CTPLL2"
2023,7,210,56,"CTPLL2"
2023,7,215,61,"CTPLL2"
2023,7,220,34,"CTPLL2"
2023,7,225,31,"CTPLL2"
2023,7,230,19,"CTPLL2"
2023,7,235,16,"CTPLL2"
2023,7,240,7,"CTPLL2"
2023,7,245,5,"CTPLL2"
2023,7,250,3,"CTPLL2"
2023,7,255,5,"CTPLL2"
2023,7,260,5,"CTPLL2"
2023,7,265,2,"CTPLL2"
2023,7,270,1,"CTPLL2"
2023,7,280,2,"CTPLL2"
2023,7,300,1,"CTPLL2"
2023,7,315,2,"CTPLL2"
2023,7,350,1,"CTPLL2"
2024,7,115,1,"CTPLL2"
2024,7,120,3,"CTPLL2"
2024,7,125,10,"CTPLL2"
2024,7,130,17,"CTPLL2"
2024,7,135,71,"CTPLL2"
2024,7,140,65,"CTPLL2"
2024,7,145,93,"CTPLL2"
2024,7,150,109,"CTPLL2"
2024,7,155,162,"CTPLL2"
2024,7,160,123,"CTPLL2"
2024,7,165,227,"CTPLL2"
2024,7,170,211,"CTPLL2"
2024,7,175,248,"CTPLL2"
2024,7,180,161,"CTPLL2"
2024,7,185,179,"CTPLL2"
2024,7,190,105,"CTPLL2"
2024,7,195,87,"CTPLL2"
2024,7,200,58,"CTPLL2"
2024,7,205,55,"CTPLL2"
2024,7,210,46,"CTPLL2"
2024,7,215,45,"CTPLL2"
2024,7,220,17,"CTPLL2"
2024,7,225,18,"CTPLL2"
2024,7,230,9,"CTPLL2"
2024,7,235,4,"CTPLL2"
2024,7,240,2,"CTPLL2"
2024,7,245,2,"CTPLL2"
2024,7,250,2,"CTPLL2"
2024,7,255,2,"CTPLL2"
2024,7,270,1,"CTPLL2"
2024,7,275,1,"CTPLL2"
2024,7,285,2,"CTPLL2"
1998,8,70,2,"ZAFLL"
1998,8,75,4,"ZAFLL"
1998,8,80,13,"ZAFLL"
1998,8,85,19,"ZAFLL"
1998,8,90,20,"ZAFLL"
1998,8,95,26,"ZAFLL"
1998,8,100,23,"ZAFLL"
1998,8,105,24,"ZAFLL"
1998,8,110,13,"ZAFLL"
1998,8,115,13,"ZAFLL"
1998,8,120,21,"ZAFLL"
1998,8,125,16,"ZAFLL"
1998,8,130,29,"ZAFLL"
1998,8,135,30,"ZAFLL"
1998,8,140,42,"ZAFLL"
1998,8,145,37,"ZAFLL"
1998,8,150,24,"ZAFLL"
1998,8,155,15,"ZAFLL"
1998,8,160,17,"ZAFLL"
1998,8,165,18,"ZAFLL"
1998,8,170,13,"ZAFLL"
1998,8,175,12,"ZAFLL"
1998,8,180,7,"ZAFLL"
1998,8,185,8,"ZAFLL"
1998,8,190,2,"ZAFLL"
1998,8,195,2,"ZAFLL"
1998,8,205,1,"ZAFLL"
1998,8,215,1,"ZAFLL"
1998,8,225,3,"ZAFLL"
1999,8,50,1,"ZAFLL"
1999,8,100,1,"ZAFLL"
1999,8,110,3,"ZAFLL"
1999,8,115,8,"ZAFLL"
1999,8,120,14,"ZAFLL"
1999,8,125,34,"ZAFLL"
1999,8,130,33,"ZAFLL"
1999,8,135,52,"ZAFLL"
1999,8,140,32,"ZAFLL"
1999,8,145,64,"ZAFLL"
1999,8,150,38,"ZAFLL"
1999,8,155,63,"ZAFLL"
1999,8,160,46,"ZAFLL"
1999,8,165,42,"ZAFLL"
1999,8,170,68,"ZAFLL"
1999,8,175,47,"ZAFLL"
1999,8,180,55,"ZAFLL"
1999,8,185,39,"ZAFLL"
1999,8,190,95,"ZAFLL"
1999,8,195,49,"ZAFLL"
1999,8,200,48,"ZAFLL"
1999,8,205,64,"ZAFLL"
1999,8,210,53,"ZAFLL"
1999,8,215,111,"ZAFLL"
1999,8,220,31,"ZAFLL"
1999,8,225,54,"ZAFLL"
1999,8,230,90,"ZAFLL"
1999,8,235,36,"ZAFLL"
1999,8,240,38,"ZAFLL"
1999,8,245,74,"ZAFLL"
1999,8,250,50,"ZAFLL"
1999,8,255,40,"ZAFLL"
1999,8,260,96,"ZAFLL"
1999,8,265,37,"ZAFLL"
1999,8,270,29,"ZAFLL"
1999,8,275,65,"ZAFLL"
1999,8,280,23,"ZAFLL"
1999,8,285,31,"ZAFLL"
1999,8,290,56,"ZAFLL"
1999,8,295,25,"ZAFLL"
1999,8,300,27,"ZAFLL"
1999,8,305,25,"ZAFLL"
1999,8,310,16,"ZAFLL"
1999,8,315,9,"ZAFLL"
1999,8,320,15,"ZAFLL"
1999,8,325,10,"ZAFLL"
1999,8,330,8,"ZAFLL"
1999,8,335,13,"ZAFLL"
1999,8,340,5,"ZAFLL"
1999,8,345,7,"ZAFLL"
1999,8,350,3,"ZAFLL"
1999,8,355,2,"ZAFLL"
1999,8,360,3,"ZAFLL"
1999,8,365,3,"ZAFLL"
1999,8,370,1,"ZAFLL"
1999,8,380,2,"ZAFLL"
1999,8,390,2,"ZAFLL"
1999,8,410,2,"ZAFLL"
1999,8,440,1,"ZAFLL"
2000,8,70,1,"ZAFLL"
2000,8,95,3,"ZAFLL"
2000,8,100,1,"ZAFLL"
2000,8,105,2,"ZAFLL"
2000,8,110,10,"ZAFLL"
2000,8,115,15,"ZAFLL"
2000,8,120,13,"ZAFLL"
2000,8,125,27,"ZAFLL"
2000,8,130,8,"ZAFLL"
2000,8,135,12,"ZAFLL"
2000,8,140,10,"ZAFLL"
2000,8,145,13,"ZAFLL"
2000,8,150,11,"ZAFLL"
2000,8,155,7,"ZAFLL"
2000,8,160,14,"ZAFLL"
2000,8,165,21,"ZAFLL"
2000,8,170,18,"ZAFLL"
2000,8,175,16,"ZAFLL"
2000,8,180,23,"ZAFLL"
2000,8,185,18,"ZAFLL"
2000,8,190,11,"ZAFLL"
2000,8,195,10,"ZAFLL"
2000,8,200,11,"ZAFLL"
2000,8,205,11,"ZAFLL"
2000,8,210,9,"ZAFLL"
2000,8,215,5,"ZAFLL"
2000,8,220,8,"ZAFLL"
2000,8,225,6,"ZAFLL"
2000,8,230,5,"ZAFLL"
2000,8,235,3,"ZAFLL"
2000,8,240,4,"ZAFLL"
2000,8,245,4,"ZAFLL"
2000,8,250,4,"ZAFLL"
2000,8,255,4,"ZAFLL"
2000,8,260,1,"ZAFLL"
2000,8,265,5,"ZAFLL"
2000,8,270,1,"ZAFLL"
2000,8,275,4,"ZAFLL"
2000,8,280,2,"ZAFLL"
2000,8,285,3,"ZAFLL"
2000,8,295,1,"ZAFLL"
2000,8,300,1,"ZAFLL"
2000,8,315,1,"ZAFLL"
2000,8,395,1,"ZAFLL"
2002,8,70,1,"ZAFLL"
2002,8,80,1,"ZAFLL"
2002,8,90,2,"ZAFLL"
2002,8,95,5,"ZAFLL"
2002,8,100,5,"ZAFLL"
2002,8,105,2,"ZAFLL"
2002,8,110,7,"ZAFLL"
2002,8,115,5,"ZAFLL"
2002,8,120,16,"ZAFLL"
2002,8,125,7,"ZAFLL"
2002,8,130,27,"ZAFLL"
2002,8,135,29,"ZAFLL"
2002,8,140,44,"ZAFLL"
2002,8,145,30,"ZAFLL"
2002,8,150,47,"ZAFLL"
2002,8,155,34,"ZAFLL"
2002,8,160,57,"ZAFLL"
2002,8,165,31,"ZAFLL"
2002,8,170,45,"ZAFLL"
2002,8,175,24,"ZAFLL"
2002,8,180,63,"ZAFLL"
2002,8,185,26,"ZAFLL"
2002,8,190,49,"ZAFLL"
2002,8,195,21,"ZAFLL"
2002,8,200,42,"ZAFLL"
2002,8,205,16,"ZAFLL"
2002,8,210,28,"ZAFLL"
2002,8,215,10,"ZAFLL"
2002,8,220,10,"ZAFLL"
2002,8,225,7,"ZAFLL"
2002,8,230,12,"ZAFLL"
2002,8,235,4,"ZAFLL"
2002,8,240,5,"ZAFLL"
2002,8,245,4,"ZAFLL"
2002,8,250,6,"ZAFLL"
2002,8,255,5,"ZAFLL"
2002,8,260,3,"ZAFLL"
2002,8,265,3,"ZAFLL"
2002,8,270,1,"ZAFLL"
2002,8,275,1,"ZAFLL"
2002,8,280,3,"ZAFLL"
2002,8,285,1,"ZAFLL"
2002,8,290,1,"ZAFLL"
2003,8,70,2,"ZAFLL"
2003,8,75,1,"ZAFLL"
2003,8,80,3,"ZAFLL"
2003,8,85,3,"ZAFLL"
2003,8,90,8,"ZAFLL"
2003,8,95,3,"ZAFLL"
2003,8,100,4,"ZAFLL"
2003,8,110,3,"ZAFLL"
2003,8,120,3,"ZAFLL"
2003,8,125,6,"ZAFLL"
2003,8,130,33,"ZAFLL"
2003,8,135,18,"ZAFLL"
2003,8,140,65,"ZAFLL"
2003,8,145,35,"ZAFLL"
2003,8,150,79,"ZAFLL"
2003,8,155,38,"ZAFLL"
2003,8,160,57,"ZAFLL"
2003,8,165,37,"ZAFLL"
2003,8,170,42,"ZAFLL"
2003,8,175,37,"ZAFLL"
2003,8,180,43,"ZAFLL"
2003,8,185,26,"ZAFLL"
2003,8,190,26,"ZAFLL"
2003,8,195,19,"ZAFLL"
2003,8,200,27,"ZAFLL"
2003,8,205,8,"ZAFLL"
2003,8,210,14,"ZAFLL"
2003,8,215,9,"ZAFLL"
2003,8,220,8,"ZAFLL"
2003,8,225,9,"ZAFLL"
2003,8,230,3,"ZAFLL"
2003,8,240,2,"ZAFLL"
2003,8,245,1,"ZAFLL"
2003,8,250,1,"ZAFLL"
2003,8,255,1,"ZAFLL"
2004,8,90,1,"ZAFLL"
2004,8,105,1,"ZAFLL"
2004,8,110,1,"ZAFLL"
2004,8,130,3,"ZAFLL"
2004,8,135,3,"ZAFLL"
2004,8,140,4,"ZAFLL"
2004,8,145,3,"ZAFLL"
2004,8,150,3,"ZAFLL"
2004,8,155,5,"ZAFLL"
2004,8,160,8,"ZAFLL"
2004,8,165,6,"ZAFLL"
2004,8,170,9,"ZAFLL"
2004,8,175,5,"ZAFLL"
2004,8,180,13,"ZAFLL"
2004,8,185,7,"ZAFLL"
2004,8,190,7,"ZAFLL"
2004,8,195,1,"ZAFLL"
2004,8,200,5,"ZAFLL"
2004,8,205,3,"ZAFLL"
2004,8,210,4,"ZAFLL"
2004,8,215,3,"ZAFLL"
2004,8,220,4,"ZAFLL"
2004,8,230,2,"ZAFLL"
2004,8,240,1,"ZAFLL"
2004,8,260,1,"ZAFLL"
2004,8,280,1,"ZAFLL"
2005,8,75,1,"ZAFLL"
2005,8,80,1,"ZAFLL"
2005,8,85,4,"ZAFLL"
2005,8,95,1,"ZAFLL"
2005,8,105,2,"ZAFLL"
2005,8,110,4,"ZAFLL"
2005,8,115,6,"ZAFLL"
2005,8,120,19,"ZAFLL"
2005,8,125,21,"ZAFLL"
2005,8,130,30,"ZAFLL"
2005,8,135,40,"ZAFLL"
2005,8,140,40,"ZAFLL"
2005,8,145,50,"ZAFLL"
2005,8,150,68,"ZAFLL"
2005,8,155,49,"ZAFLL"
2005,8,160,52,"ZAFLL"
2005,8,165,48,"ZAFLL"
2005,8,170,46,"ZAFLL"
2005,8,175,50,"ZAFLL"
2005,8,180,64,"ZAFLL"
2005,8,185,48,"ZAFLL"
2005,8,190,43,"ZAFLL"
2005,8,195,50,"ZAFLL"
2005,8,200,37,"ZAFLL"
2005,8,205,20,"ZAFLL"
2005,8,210,24,"ZAFLL"
2005,8,215,16,"ZAFLL"
2005,8,220,11,"ZAFLL"
2005,8,225,12,"ZAFLL"
2005,8,230,7,"ZAFLL"
2005,8,235,11,"ZAFLL"
2005,8,240,4,"ZAFLL"
2005,8,245,4,"ZAFLL"
2005,8,250,2,"ZAFLL"
2005,8,255,2,"ZAFLL"
2005,8,260,1,"ZAFLL"
2005,8,265,1,"ZAFLL"
2005,8,280,1,"ZAFLL"
2005,8,285,1,"ZAFLL"
2006,8,85,1,"ZAFLL"
2006,8,105,1,"ZAFLL"
2006,8,115,1,"ZAFLL"
2006,8,120,4,"ZAFLL"
2006,8,125,5,"ZAFLL"
2006,8,130,9,"ZAFLL"
2006,8,135,13,"ZAFLL"
2006,8,140,27,"ZAFLL"
2006,8,145,29,"ZAFLL"
2006,8,150,24,"ZAFLL"
2006,8,155,41,"ZAFLL"
2006,8,160,24,"ZAFLL"
2006,8,165,27,"ZAFLL"
2006,8,170,25,"ZAFLL"
2006,8,175,23,"ZAFLL"
2006,8,180,23,"ZAFLL"
2006,8,185,20,"ZAFLL"
2006,8,190,17,"ZAFLL"
2006,8,195,8,"ZAFLL"
2006,8,200,16,"ZAFLL"
2006,8,205,17,"ZAFLL"
2006,8,210,14,"ZAFLL"
2006,8,215,7,"ZAFLL"
2006,8,220,2,"ZAFLL"
2006,8,225,6,"ZAFLL"
2006,8,230,5,"ZAFLL"
2006,8,235,3,"ZAFLL"
2006,8,240,1,"ZAFLL"
2006,8,245,4,"ZAFLL"
2006,8,250,2,"ZAFLL"
2006,8,255,2,"ZAFLL"
2006,8,260,1,"ZAFLL"
2006,8,280,1,"ZAFLL"
2007,8,80,3,"ZAFLL"
2007,8,85,3,"ZAFLL"
2007,8,90,3,"ZAFLL"
2007,8,100,1,"ZAFLL"
2007,8,110,2,"ZAFLL"
2007,8,115,1,"ZAFLL"
2007,8,120,3,"ZAFLL"
2007,8,125,2,"ZAFLL"
2007,8,130,3,"ZAFLL"
2007,8,135,2,"ZAFLL"
2007,8,140,9,"ZAFLL"
2007,8,145,3,"ZAFLL"
2007,8,150,5,"ZAFLL"
2007,8,155,4,"ZAFLL"
2007,8,160,8,"ZAFLL"
2007,8,165,6,"ZAFLL"
2007,8,170,5,"ZAFLL"
2007,8,175,3,"ZAFLL"
2007,8,180,1,"ZAFLL"
2007,8,185,5,"ZAFLL"
2007,8,190,2,"ZAFLL"
2007,8,195,3,"ZAFLL"
2007,8,200,5,"ZAFLL"
2007,8,205,1,"ZAFLL"
2007,8,210,1,"ZAFLL"
2007,8,215,1,"ZAFLL"
2007,8,220,2,"ZAFLL"
2007,8,225,1,"ZAFLL"
2007,8,230,2,"ZAFLL"
2007,8,235,1,"ZAFLL"
2007,8,240,1,"ZAFLL"
2007,8,245,3,"ZAFLL"
2007,8,250,2,"ZAFLL"
2007,8,265,1,"ZAFLL"
2008,8,75,2,"ZAFLL"
2008,8,85,1,"ZAFLL"
2008,8,110,3,"ZAFLL"
2008,8,115,1,"ZAFLL"
2008,8,120,3,"ZAFLL"
2008,8,125,4,"ZAFLL"
2008,8,130,5,"ZAFLL"
2008,8,135,11,"ZAFLL"
2008,8,140,12,"ZAFLL"
2008,8,145,14,"ZAFLL"
2008,8,150,21,"ZAFLL"
2008,8,155,21,"ZAFLL"
2008,8,160,23,"ZAFLL"
2008,8,165,13,"ZAFLL"
2008,8,170,18,"ZAFLL"
2008,8,175,20,"ZAFLL"
2008,8,180,19,"ZAFLL"
2008,8,185,11,"ZAFLL"
2008,8,190,9,"ZAFLL"
2008,8,195,7,"ZAFLL"
2008,8,200,15,"ZAFLL"
2008,8,205,7,"ZAFLL"
2008,8,210,4,"ZAFLL"
2008,8,215,5,"ZAFLL"
2008,8,220,1,"ZAFLL"
2008,8,225,3,"ZAFLL"
2008,8,230,3,"ZAFLL"
2008,8,235,2,"ZAFLL"
2008,8,240,1,"ZAFLL"
2008,8,245,1,"ZAFLL"
2008,8,255,1,"ZAFLL"
2009,8,65,1,"ZAFLL"
2009,8,70,1,"ZAFLL"
2009,8,75,2,"ZAFLL"
2009,8,90,1,"ZAFLL"
2009,8,100,1,"ZAFLL"
2009,8,105,1,"ZAFLL"
2009,8,110,1,"ZAFLL"
2009,8,115,2,"ZAFLL"
2009,8,120,7,"ZAFLL"
2009,8,125,1,"ZAFLL"
2009,8,130,11,"ZAFLL"
2009,8,135,12,"ZAFLL"
2009,8,140,20,"ZAFLL"
2009,8,145,14,"ZAFLL"
2009,8,150,14,"ZAFLL"
2009,8,155,22,"ZAFLL"
2009,8,160,14,"ZAFLL"
2009,8,165,10,"ZAFLL"
2009,8,170,20,"ZAFLL"
2009,8,175,21,"ZAFLL"
2009,8,180,22,"ZAFLL"
2009,8,185,16,"ZAFLL"
2009,8,190,17,"ZAFLL"
2009,8,195,14,"ZAFLL"
2009,8,200,9,"ZAFLL"
2009,8,205,11,"ZAFLL"
2009,8,210,5,"ZAFLL"
2009,8,215,7,"ZAFLL"
2009,8,220,7,"ZAFLL"
2009,8,225,2,"ZAFLL"
2009,8,230,4,"ZAFLL"
2009,8,235,3,"ZAFLL"
2009,8,240,2,"ZAFLL"
2009,8,245,1,"ZAFLL"
2009,8,250,2,"ZAFLL"
2009,8,260,2,"ZAFLL"
2009,8,270,1,"ZAFLL"
2010,8,80,1,"ZAFLL"
2010,8,85,1,"ZAFLL"
2010,8,95,3,"ZAFLL"
2010,8,105,1,"ZAFLL"
2010,8,110,1,"ZAFLL"
2010,8,115,3,"ZAFLL"
2010,8,120,6,"ZAFLL"
2010,8,125,7,"ZAFLL"
2010,8,130,6,"ZAFLL"
2010,8,135,21,"ZAFLL"
2010,8,140,21,"ZAFLL"
2010,8,145,23,"ZAFLL"
2010,8,150,16,"ZAFLL"
2010,8,155,19,"ZAFLL"
2010,8,160,16,"ZAFLL"
2010,8,165,21,"ZAFLL"
2010,8,170,17,"ZAFLL"
2010,8,175,11,"ZAFLL"
2010,8,180,15,"ZAFLL"
2010,8,185,25,"ZAFLL"
2010,8,190,11,"ZAFLL"
2010,8,195,13,"ZAFLL"
2010,8,200,13,"ZAFLL"
2010,8,205,8,"ZAFLL"
2010,8,210,8,"ZAFLL"
2010,8,215,3,"ZAFLL"
2010,8,220,4,"ZAFLL"
2010,8,225,5,"ZAFLL"
2010,8,230,2,"ZAFLL"
2010,8,235,3,"ZAFLL"
2010,8,240,2,"ZAFLL"
2010,8,245,2,"ZAFLL"
2010,8,255,2,"ZAFLL"
2010,8,260,2,"ZAFLL"
2012,8,130,1,"ZAFLL"
2012,8,135,1,"ZAFLL"
2012,8,145,1,"ZAFLL"
2012,8,150,1,"ZAFLL"
2012,8,155,1,"ZAFLL"
2012,8,195,1,"ZAFLL"
2012,8,200,2,"ZAFLL"
2012,8,205,1,"ZAFLL"
2012,8,230,1,"ZAFLL"
2013,8,140,5,"ZAFLL"
2013,8,145,3,"ZAFLL"
2013,8,150,3,"ZAFLL"
2013,8,160,5,"ZAFLL"
2013,8,165,1,"ZAFLL"
2013,8,170,2,"ZAFLL"
2013,8,185,1,"ZAFLL"
2013,8,195,1,"ZAFLL"
2013,8,200,2,"ZAFLL"
2013,8,205,1,"ZAFLL"
2013,8,225,1,"ZAFLL"
2013,8,240,2,"ZAFLL"
2013,8,245,1,"ZAFLL"
2013,8,250,2,"ZAFLL"
2013,8,260,1,"ZAFLL"
2014,8,105,1,"ZAFLL"
2014,8,110,4,"ZAFLL"
2014,8,115,2,"ZAFLL"
2014,8,120,2,"ZAFLL"
2014,8,130,4,"ZAFLL"
2014,8,135,2,"ZAFLL"
2014,8,140,2,"ZAFLL"
2014,8,145,3,"ZAFLL"
2014,8,150,1,"ZAFLL"
2014,8,160,1,"ZAFLL"
2014,8,165,1,"ZAFLL"
2014,8,170,4,"ZAFLL"
2014,8,175,2,"ZAFLL"
2014,8,180,4,"ZAFLL"
2014,8,185,5,"ZAFLL"
2014,8,190,8,"ZAFLL"
2014,8,195,5,"ZAFLL"
2014,8,200,12,"ZAFLL"
2014,8,205,7,"ZAFLL"
2014,8,210,4,"ZAFLL"
2014,8,215,2,"ZAFLL"
2014,8,225,5,"ZAFLL"
2014,8,230,2,"ZAFLL"
2014,8,235,1,"ZAFLL"
2014,8,240,2,"ZAFLL"
2014,8,245,1,"ZAFLL"
2014,8,255,2,"ZAFLL"
2014,8,270,1,"ZAFLL"
2015,8,115,1,"ZAFLL"
2015,8,120,1,"ZAFLL"
2015,8,130,1,"ZAFLL"
2015,8,145,1,"ZAFLL"
2015,8,150,3,"ZAFLL"
2015,8,155,3,"ZAFLL"
2015,8,165,2,"ZAFLL"
2015,8,170,6,"ZAFLL"
2015,8,180,2,"ZAFLL"
2015,8,185,1,"ZAFLL"
2015,8,190,2,"ZAFLL"
2015,8,195,3,"ZAFLL"
2015,8,200,2,"ZAFLL"
2015,8,205,1,"ZAFLL"
2015,8,220,1,"ZAFLL"
2015,8,235,1,"ZAFLL"
2015,8,245,1,"ZAFLL"
2016,8,125,1,"ZAFLL"
2016,8,135,1,"ZAFLL"
2016,8,140,1,"ZAFLL"
2016,8,155,2,"ZAFLL"
2016,8,165,7,"ZAFLL"
2016,8,170,6,"ZAFLL"
2016,8,175,2,"ZAFLL"
2016,8,180,2,"ZAFLL"
2016,8,185,3,"ZAFLL"
2016,8,190,1,"ZAFLL"
2016,8,195,4,"ZAFLL"
2016,8,200,3,"ZAFLL"
2016,8,205,2,"ZAFLL"
2016,8,210,1,"ZAFLL"
2016,8,220,1,"ZAFLL"
2016,8,225,1,"ZAFLL"
2016,8,230,1,"ZAFLL"
2016,8,240,1,"ZAFLL"
2016,8,270,1,"ZAFLL"
2017,8,105,1,"ZAFLL"
2017,8,115,2,"ZAFLL"
2017,8,120,6,"ZAFLL"
2017,8,125,1,"ZAFLL"
2017,8,130,6,"ZAFLL"
2017,8,135,1,"ZAFLL"
2017,8,140,3,"ZAFLL"
2017,8,145,6,"ZAFLL"
2017,8,150,3,"ZAFLL"
2017,8,155,2,"ZAFLL"
2017,8,160,2,"ZAFLL"
2017,8,165,2,"ZAFLL"
2017,8,170,4,"ZAFLL"
2017,8,175,1,"ZAFLL"
2017,8,180,1,"ZAFLL"
2017,8,185,4,"ZAFLL"
2017,8,190,4,"ZAFLL"
2017,8,195,5,"ZAFLL"
2017,8,200,3,"ZAFLL"
2017,8,205,2,"ZAFLL"
2017,8,210,4,"ZAFLL"
2017,8,220,1,"ZAFLL"
2017,8,225,1,"ZAFLL"
2017,8,230,3,"ZAFLL"
2017,8,235,1,"ZAFLL"
2017,8,240,2,"ZAFLL"
2017,8,255,1,"ZAFLL"
2017,8,265,1,"ZAFLL"
2018,8,85,2,"ZAFLL"
2018,8,90,1,"ZAFLL"
2018,8,95,1,"ZAFLL"
2018,8,110,5,"ZAFLL"
2018,8,115,4,"ZAFLL"
2018,8,120,12,"ZAFLL"
2018,8,125,8,"ZAFLL"
2018,8,130,10,"ZAFLL"
2018,8,135,9,"ZAFLL"
2018,8,140,3,"ZAFLL"
2018,8,145,5,"ZAFLL"
2018,8,150,4,"ZAFLL"
2018,8,155,8,"ZAFLL"
2018,8,160,9,"ZAFLL"
2018,8,165,19,"ZAFLL"
2018,8,170,16,"ZAFLL"
2018,8,175,20,"ZAFLL"
2018,8,180,12,"ZAFLL"
2018,8,185,20,"ZAFLL"
2018,8,190,12,"ZAFLL"
2018,8,195,16,"ZAFLL"
2018,8,200,28,"ZAFLL"
2018,8,205,25,"ZAFLL"
2018,8,210,16,"ZAFLL"
2018,8,215,13,"ZAFLL"
2018,8,220,12,"ZAFLL"
2018,8,225,11,"ZAFLL"
2018,8,230,4,"ZAFLL"
2018,8,235,3,"ZAFLL"
2018,8,240,9,"ZAFLL"
2018,8,245,4,"ZAFLL"
2018,8,250,5,"ZAFLL"
2019,8,70,1,"ZAFLL"
2019,8,80,1,"ZAFLL"
2019,8,85,1,"ZAFLL"
2019,8,90,2,"ZAFLL"
2019,8,100,2,"ZAFLL"
2019,8,105,2,"ZAFLL"
2019,8,110,3,"ZAFLL"
2019,8,115,2,"ZAFLL"
2019,8,120,1,"ZAFLL"
2019,8,125,9,"ZAFLL"
2019,8,130,10,"ZAFLL"
2019,8,135,14,"ZAFLL"
2019,8,140,18,"ZAFLL"
2019,8,145,18,"ZAFLL"
2019,8,150,14,"ZAFLL"
2019,8,155,13,"ZAFLL"
2019,8,160,11,"ZAFLL"
2019,8,165,17,"ZAFLL"
2019,8,170,10,"ZAFLL"
2019,8,175,13,"ZAFLL"
2019,8,180,20,"ZAFLL"
2019,8,185,15,"ZAFLL"
2019,8,190,15,"ZAFLL"
2019,8,195,14,"ZAFLL"
2019,8,200,12,"ZAFLL"
2019,8,205,12,"ZAFLL"
2019,8,210,6,"ZAFLL"
2019,8,215,15,"ZAFLL"
2019,8,220,8,"ZAFLL"
2019,8,225,1,"ZAFLL"
2019,8,230,1,"ZAFLL"
2019,8,235,1,"ZAFLL"
2019,8,240,2,"ZAFLL"
2019,8,245,2,"ZAFLL"
2019,8,250,2,"ZAFLL"
2019,8,255,1,"ZAFLL"
2019,8,265,1,"ZAFLL"
2019,8,275,1,"ZAFLL"
2019,8,280,1,"ZAFLL"
2020,8,85,1,"ZAFLL"
2020,8,95,4,"ZAFLL"
2020,8,100,1,"ZAFLL"
2020,8,105,2,"ZAFLL"
2020,8,110,1,"ZAFLL"
2020,8,115,1,"ZAFLL"
2020,8,120,1,"ZAFLL"
2020,8,125,7,"ZAFLL"
2020,8,130,9,"ZAFLL"
2020,8,135,8,"ZAFLL"
2020,8,140,8,"ZAFLL"
2020,8,145,14,"ZAFLL"
2020,8,150,15,"ZAFLL"
2020,8,155,19,"ZAFLL"
2020,8,160,20,"ZAFLL"
2020,8,165,17,"ZAFLL"
2020,8,170,24,"ZAFLL"
2020,8,175,27,"ZAFLL"
2020,8,180,32,"ZAFLL"
2020,8,185,9,"ZAFLL"
2020,8,190,21,"ZAFLL"
2020,8,195,11,"ZAFLL"
2020,8,200,12,"ZAFLL"
2020,8,205,18,"ZAFLL"
2020,8,210,22,"ZAFLL"
2020,8,215,11,"ZAFLL"
2020,8,220,3,"ZAFLL"
2020,8,225,10,"ZAFLL"
2020,8,230,7,"ZAFLL"
2020,8,235,6,"ZAFLL"
2020,8,240,7,"ZAFLL"
2020,8,245,2,"ZAFLL"
2020,8,255,1,"ZAFLL"
2020,8,260,1,"ZAFLL"
2020,8,265,1,"ZAFLL"
2020,8,275,1,"ZAFLL"
2020,8,280,2,"ZAFLL"
2021,8,100,4,"ZAFLL"
2021,8,115,3,"ZAFLL"
2021,8,120,5,"ZAFLL"
2021,8,125,8,"ZAFLL"
2021,8,130,7,"ZAFLL"
2021,8,135,12,"ZAFLL"
2021,8,140,3,"ZAFLL"
2021,8,145,5,"ZAFLL"
2021,8,150,5,"ZAFLL"
2021,8,155,9,"ZAFLL"
2021,8,160,9,"ZAFLL"
2021,8,165,11,"ZAFLL"
2021,8,170,17,"ZAFLL"
2021,8,175,17,"ZAFLL"
2021,8,180,12,"ZAFLL"
2021,8,185,9,"ZAFLL"
2021,8,190,7,"ZAFLL"
2021,8,195,6,"ZAFLL"
2021,8,200,7,"ZAFLL"
2021,8,205,5,"ZAFLL"
2021,8,210,1,"ZAFLL"
2021,8,215,1,"ZAFLL"
2021,8,220,3,"ZAFLL"
2021,8,225,2,"ZAFLL"
2021,8,230,2,"ZAFLL"
2021,8,235,1,"ZAFLL"
2021,8,245,2,"ZAFLL"
2021,8,255,2,"ZAFLL"
2021,8,275,1,"ZAFLL"
2021,8,305,1,"ZAFLL"
2022,8,80,1,"ZAFLL"
2022,8,85,1,"ZAFLL"
2022,8,90,3,"ZAFLL"
2022,8,95,5,"ZAFLL"
2022,8,100,13,"ZAFLL"
2022,8,105,7,"ZAFLL"
2022,8,110,10,"ZAFLL"
2022,8,115,9,"ZAFLL"
2022,8,120,3,"ZAFLL"
2022,8,125,8,"ZAFLL"
2022,8,130,9,"ZAFLL"
2022,8,135,11,"ZAFLL"
2022,8,140,15,"ZAFLL"
2022,8,145,12,"ZAFLL"
2022,8,150,17,"ZAFLL"
2022,8,155,4,"ZAFLL"
2022,8,160,21,"ZAFLL"
2022,8,165,5,"ZAFLL"
2022,8,170,9,"ZAFLL"
2022,8,175,10,"ZAFLL"
2022,8,180,14,"ZAFLL"
2022,8,185,7,"ZAFLL"
2022,8,190,10,"ZAFLL"
2022,8,195,5,"ZAFLL"
2022,8,200,7,"ZAFLL"
2022,8,205,2,"ZAFLL"
2022,8,210,5,"ZAFLL"
2022,8,215,5,"ZAFLL"
2022,8,220,4,"ZAFLL"
2022,8,225,3,"ZAFLL"
2022,8,230,2,"ZAFLL"
2022,8,235,1,"ZAFLL"
2022,8,245,1,"ZAFLL"
2022,8,275,1,"ZAFLL"
2022,8,280,1,"ZAFLL"
2023,8,55,1,"ZAFLL"
2023,8,90,1,"ZAFLL"
2023,8,110,4,"ZAFLL"
2023,8,115,2,"ZAFLL"
2023,8,120,10,"ZAFLL"
2023,8,125,7,"ZAFLL"
2023,8,130,19,"ZAFLL"
2023,8,135,34,"ZAFLL"
2023,8,140,32,"ZAFLL"
2023,8,145,23,"ZAFLL"
2023,8,150,25,"ZAFLL"
2023,8,155,27,"ZAFLL"
2023,8,160,22,"ZAFLL"
2023,8,165,27,"ZAFLL"
2023,8,170,34,"ZAFLL"
2023,8,175,21,"ZAFLL"
2023,8,180,23,"ZAFLL"
2023,8,185,24,"ZAFLL"
2023,8,190,19,"ZAFLL"
2023,8,195,16,"ZAFLL"
2023,8,200,17,"ZAFLL"
2023,8,205,9,"ZAFLL"
2023,8,210,10,"ZAFLL"
2023,8,215,3,"ZAFLL"
2023,8,220,12,"ZAFLL"
2023,8,225,4,"ZAFLL"
2023,8,230,1,"ZAFLL"
2023,8,235,4,"ZAFLL"
2023,8,240,2,"ZAFLL"
2023,8,245,2,"ZAFLL"
2023,8,250,2,"ZAFLL"
2023,8,260,1,"ZAFLL"
2023,8,270,1,"ZAFLL"
2023,8,325,1,"ZAFLL"
2024,8,80,3,"ZAFLL"
2024,8,90,1,"ZAFLL"
2024,8,95,2,"ZAFLL"
2024,8,100,1,"ZAFLL"
2024,8,105,2,"ZAFLL"
2024,8,110,5,"ZAFLL"
2024,8,115,14,"ZAFLL"
2024,8,120,19,"ZAFLL"
2024,8,125,26,"ZAFLL"
2024,8,130,28,"ZAFLL"
2024,8,135,32,"ZAFLL"
2024,8,140,29,"ZAFLL"
2024,8,145,33,"ZAFLL"
2024,8,150,40,"ZAFLL"
2024,8,155,50,"ZAFLL"
2024,8,160,50,"ZAFLL"
2024,8,165,41,"ZAFLL"
2024,8,170,32,"ZAFLL"
2024,8,175,41,"ZAFLL"
2024,8,180,35,"ZAFLL"
2024,8,185,35,"ZAFLL"
2024,8,190,29,"ZAFLL"
2024,8,195,26,"ZAFLL"
2024,8,200,27,"ZAFLL"
2024,8,205,17,"ZAFLL"
2024,8,210,18,"ZAFLL"
2024,8,215,9,"ZAFLL"
2024,8,220,18,"ZAFLL"
2024,8,225,11,"ZAFLL"
2024,8,230,6,"ZAFLL"
2024,8,235,2,"ZAFLL"
2024,8,240,4,"ZAFLL"
2024,8,245,3,"ZAFLL"
2024,8,250,1,"ZAFLL"
2024,8,255,3,"ZAFLL"
2024,8,260,1,"ZAFLL"
2024,8,265,1,"ZAFLL"
2024,8,270,1,"ZAFLL"
2024,8,290,1,"ZAFLL"
2024,8,315,1,"ZAFLL"
1974,9,100,9,"OtherLL"
1974,9,110,16,"OtherLL"
1974,9,120,19,"OtherLL"
1974,9,130,7,"OtherLL"
1974,9,135,18,"OtherLL"
1974,9,145,21,"OtherLL"
1974,9,150,22,"OtherLL"
1974,9,155,15,"OtherLL"
1974,9,160,29,"OtherLL"
1974,9,165,18,"OtherLL"
1974,9,170,24,"OtherLL"
1974,9,175,16,"OtherLL"
1974,9,180,43,"OtherLL"
1974,9,185,10,"OtherLL"
1974,9,190,10,"OtherLL"
1974,9,195,5,"OtherLL"
1974,9,200,6,"OtherLL"
1975,9,100,8,"OtherLL"
1975,9,110,17,"OtherLL"
1975,9,120,9,"OtherLL"
1975,9,130,20,"OtherLL"
1975,9,135,31,"OtherLL"
1975,9,145,34,"OtherLL"
1975,9,150,48,"OtherLL"
1975,9,155,45,"OtherLL"
1975,9,160,37,"OtherLL"
1975,9,165,33,"OtherLL"
1975,9,170,26,"OtherLL"
1975,9,175,14,"OtherLL"
1975,9,180,32,"OtherLL"
1975,9,185,10,"OtherLL"
1975,9,190,14,"OtherLL"
1975,9,195,1,"OtherLL"
1975,9,200,2,"OtherLL"
1975,9,210,2,"OtherLL"
1975,9,220,1,"OtherLL"
1982,9,110,1,"OtherLL"
1982,9,130,5,"OtherLL"
1982,9,135,3,"OtherLL"
1982,9,140,6,"OtherLL"
1982,9,145,5,"OtherLL"
1982,9,150,5,"OtherLL"
1982,9,160,2,"OtherLL"
1982,9,170,10,"OtherLL"
1982,9,175,8,"OtherLL"
1982,9,180,6,"OtherLL"
1982,9,190,2,"OtherLL"
1982,9,195,3,"OtherLL"
1982,9,200,3,"OtherLL"
1982,9,205,8,"OtherLL"
1982,9,210,8,"OtherLL"
1982,9,220,3,"OtherLL"
1982,9,225,1,"OtherLL"
1982,9,230,2,"OtherLL"
1982,9,235,1,"OtherLL"
1982,9,250,2,"OtherLL"
1982,9,260,1,"OtherLL"
1983,9,120,1,"OtherLL"
1983,9,125,3,"OtherLL"
1983,9,130,19,"OtherLL"
1983,9,135,12,"OtherLL"
1983,9,140,21,"OtherLL"
1983,9,145,14,"OtherLL"
1983,9,150,33,"OtherLL"
1983,9,155,27,"OtherLL"
1983,9,160,42,"OtherLL"
1983,9,165,22,"OtherLL"
1983,9,170,60,"OtherLL"
1983,9,175,34,"OtherLL"
1983,9,180,38,"OtherLL"
1983,9,185,23,"OtherLL"
1983,9,190,45,"OtherLL"
1983,9,195,17,"OtherLL"
1983,9,200,30,"OtherLL"
1983,9,205,24,"OtherLL"
1983,9,210,19,"OtherLL"
1983,9,215,16,"OtherLL"
1983,9,220,12,"OtherLL"
1983,9,225,8,"OtherLL"
1983,9,230,8,"OtherLL"
1983,9,235,3,"OtherLL"
1983,9,240,7,"OtherLL"
1983,9,245,5,"OtherLL"
1983,9,250,3,"OtherLL"
1983,9,255,1,"OtherLL"
1983,9,260,4,"OtherLL"
1983,9,270,2,"OtherLL"
1984,9,100,2,"OtherLL"
1984,9,110,1,"OtherLL"
1984,9,115,1,"OtherLL"
1984,9,120,4,"OtherLL"
1984,9,125,10,"OtherLL"
1984,9,130,14,"OtherLL"
1984,9,135,7,"OtherLL"
1984,9,140,11,"OtherLL"
1984,9,145,12,"OtherLL"
1984,9,150,35,"OtherLL"
1984,9,155,32,"OtherLL"
1984,9,160,41,"OtherLL"
1984,9,165,20,"OtherLL"
1984,9,170,60,"OtherLL"
1984,9,175,24,"OtherLL"
1984,9,180,28,"OtherLL"
1984,9,185,25,"OtherLL"
1984,9,190,35,"OtherLL"
1984,9,195,11,"OtherLL"
1984,9,200,22,"OtherLL"
1984,9,205,9,"OtherLL"
1984,9,210,13,"OtherLL"
1984,9,215,7,"OtherLL"
1984,9,220,15,"OtherLL"
1984,9,225,1,"OtherLL"
1984,9,230,7,"OtherLL"
1984,9,235,1,"OtherLL"
1984,9,240,2,"OtherLL"
1985,9,105,2,"OtherLL"
1985,9,110,2,"OtherLL"
1985,9,120,7,"OtherLL"
1985,9,125,3,"OtherLL"
1985,9,130,5,"OtherLL"
1985,9,135,7,"OtherLL"
1985,9,140,15,"OtherLL"
1985,9,145,12,"OtherLL"
1985,9,150,19,"OtherLL"
1985,9,155,10,"OtherLL"
1985,9,160,22,"OtherLL"
1985,9,165,21,"OtherLL"
1985,9,170,35,"OtherLL"
1985,9,175,24,"OtherLL"
1985,9,180,16,"OtherLL"
1985,9,185,11,"OtherLL"
1985,9,190,10,"OtherLL"
1985,9,195,8,"OtherLL"
1985,9,200,6,"OtherLL"
1985,9,205,1,"OtherLL"
1985,9,210,1,"OtherLL"
1985,9,215,2,"OtherLL"
1985,9,220,1,"OtherLL"
1986,9,100,2,"OtherLL"
1986,9,105,1,"OtherLL"
1986,9,110,1,"OtherLL"
1986,9,115,2,"OtherLL"
1986,9,120,1,"OtherLL"
1986,9,125,5,"OtherLL"
1986,9,130,12,"OtherLL"
1986,9,135,5,"OtherLL"
1986,9,140,7,"OtherLL"
1986,9,145,3,"OtherLL"
1986,9,150,11,"OtherLL"
1986,9,155,8,"OtherLL"
1986,9,160,14,"OtherLL"
1986,9,165,9,"OtherLL"
1986,9,170,9,"OtherLL"
1986,9,175,2,"OtherLL"
1986,9,180,6,"OtherLL"
1986,9,185,1,"OtherLL"
1986,9,190,3,"OtherLL"
1986,9,205,1,"OtherLL"
1986,9,210,3,"OtherLL"
1986,9,215,1,"OtherLL"
1986,9,220,3,"OtherLL"
1986,9,225,2,"OtherLL"
1986,9,230,2,"OtherLL"
1988,9,130,3,"OtherLL"
1988,9,135,4,"OtherLL"
1988,9,140,2,"OtherLL"
1988,9,145,10,"OtherLL"
1988,9,150,42,"OtherLL"
1988,9,155,28,"OtherLL"
1988,9,160,19,"OtherLL"
1988,9,165,2,"OtherLL"
1988,9,170,12,"OtherLL"
1988,9,175,5,"OtherLL"
1988,9,180,8,"OtherLL"
1988,9,185,3,"OtherLL"
1988,9,190,9,"OtherLL"
1988,9,195,2,"OtherLL"
1988,9,200,1,"OtherLL"
1988,9,205,1,"OtherLL"
1988,9,210,2,"OtherLL"
1988,9,215,2,"OtherLL"
1988,9,220,1,"OtherLL"
1988,9,225,1,"OtherLL"
1989,9,100,2,"OtherLL"
1989,9,115,6,"OtherLL"
1989,9,120,8,"OtherLL"
1989,9,125,6,"OtherLL"
1989,9,130,5,"OtherLL"
1989,9,135,7,"OtherLL"
1989,9,140,11,"OtherLL"
1989,9,145,5,"OtherLL"
1989,9,150,16,"OtherLL"
1989,9,155,13,"OtherLL"
1989,9,160,15,"OtherLL"
1989,9,165,9,"OtherLL"
1989,9,170,16,"OtherLL"
1989,9,175,6,"OtherLL"
1989,9,180,24,"OtherLL"
1989,9,185,6,"OtherLL"
1989,9,190,10,"OtherLL"
1989,9,195,1,"OtherLL"
1989,9,205,2,"OtherLL"
1989,9,210,2,"OtherLL"
1989,9,225,1,"OtherLL"
1990,9,115,3,"OtherLL"
1990,9,120,2,"OtherLL"
1990,9,125,2,"OtherLL"
1990,9,135,4,"OtherLL"
1990,9,140,4,"OtherLL"
1990,9,145,5,"OtherLL"
1990,9,150,2,"OtherLL"
1990,9,155,4,"OtherLL"
1990,9,160,7,"OtherLL"
1990,9,165,11,"OtherLL"
1990,9,170,4,"OtherLL"
1990,9,175,9,"OtherLL"
1990,9,180,4,"OtherLL"
1990,9,185,13,"OtherLL"
1990,9,190,4,"OtherLL"
1990,9,195,7,"OtherLL"
1990,9,200,7,"OtherLL"
1990,9,205,5,"OtherLL"
1990,9,210,4,"OtherLL"
1990,9,215,8,"OtherLL"
1990,9,220,4,"OtherLL"
1990,9,225,4,"OtherLL"
1990,9,230,1,"OtherLL"
1991,9,135,1,"OtherLL"
1991,9,140,2,"OtherLL"
1991,9,145,2,"OtherLL"
1991,9,150,3,"OtherLL"
1991,9,155,2,"OtherLL"
1991,9,160,3,"OtherLL"
1991,9,170,5,"OtherLL"
1991,9,175,3,"OtherLL"
1991,9,180,7,"OtherLL"
1991,9,185,2,"OtherLL"
1991,9,190,8,"OtherLL"
1991,9,195,4,"OtherLL"
1991,9,200,7,"OtherLL"
1991,9,205,3,"OtherLL"
1991,9,210,4,"OtherLL"
1991,9,220,3,"OtherLL"
1991,9,225,1,"OtherLL"
1991,9,230,2,"OtherLL"
1991,9,235,1,"OtherLL"
1991,9,240,1,"OtherLL"
1991,9,250,1,"OtherLL"
1996,9,175,2,"OtherLL"
1997,9,115,2,"OtherLL"
1997,9,120,430,"OtherLL"
1997,9,125,150,"OtherLL"
1997,9,130,233,"OtherLL"
1997,9,135,150,"OtherLL"
1997,9,140,150,"OtherLL"
1997,9,145,152,"OtherLL"
1997,9,150,161,"OtherLL"
1997,9,155,151,"OtherLL"
1997,9,160,152,"OtherLL"
1997,9,165,163,"OtherLL"
1997,9,170,121,"OtherLL"
1997,9,175,153,"OtherLL"
1997,9,180,110,"OtherLL"
1997,9,185,164,"OtherLL"
1997,9,190,1,"OtherLL"
1997,9,195,55,"OtherLL"
1997,9,200,76,"OtherLL"
1997,9,205,32,"OtherLL"
1997,9,210,15,"OtherLL"
1997,9,215,16,"OtherLL"
1997,9,220,3,"OtherLL"
1997,9,225,7,"OtherLL"
1997,9,230,1,"OtherLL"
1997,9,235,3,"OtherLL"
1997,9,240,1,"OtherLL"
1997,9,245,1,"OtherLL"
1997,9,250,1,"OtherLL"
1997,9,255,2,"OtherLL"
1997,9,260,1,"OtherLL"
1998,9,70,1,"OtherLL"
1998,9,85,3,"OtherLL"
1998,9,90,4,"OtherLL"
1998,9,95,17,"OtherLL"
1998,9,100,3,"OtherLL"
1998,9,105,62,"OtherLL"
1998,9,110,7,"OtherLL"
1998,9,115,110,"OtherLL"
1998,9,120,253,"OtherLL"
1998,9,125,353,"OtherLL"
1998,9,130,501,"OtherLL"
1998,9,135,382,"OtherLL"
1998,9,140,612,"OtherLL"
1998,9,145,571,"OtherLL"
1998,9,150,762,"OtherLL"
1998,9,155,667,"OtherLL"
1998,9,160,672,"OtherLL"
1998,9,165,688,"OtherLL"
1998,9,170,556,"OtherLL"
1998,9,175,390,"OtherLL"
1998,9,180,258,"OtherLL"
1998,9,185,333,"OtherLL"
1998,9,190,64,"OtherLL"
1998,9,195,127,"OtherLL"
1998,9,200,152,"OtherLL"
1998,9,205,69,"OtherLL"
1998,9,210,47,"OtherLL"
1998,9,215,42,"OtherLL"
1998,9,220,28,"OtherLL"
1998,9,225,23,"OtherLL"
1998,9,230,10,"OtherLL"
1998,9,235,19,"OtherLL"
1998,9,240,8,"OtherLL"
1998,9,245,10,"OtherLL"
1998,9,250,7,"OtherLL"
1998,9,255,4,"OtherLL"
1998,9,260,1,"OtherLL"
1998,9,265,7,"OtherLL"
1998,9,270,6,"OtherLL"
1998,9,275,6,"OtherLL"
1998,9,280,1,"OtherLL"
1998,9,290,1,"OtherLL"
1998,9,300,1,"OtherLL"
1999,9,100,1,"OtherLL"
1999,9,110,5,"OtherLL"
1999,9,115,2,"OtherLL"
1999,9,120,135,"OtherLL"
1999,9,125,52,"OtherLL"
1999,9,130,196,"OtherLL"
1999,9,135,160,"OtherLL"
1999,9,140,386,"OtherLL"
1999,9,145,559,"OtherLL"
1999,9,150,896,"OtherLL"
1999,9,155,670,"OtherLL"
1999,9,160,666,"OtherLL"
1999,9,165,717,"OtherLL"
1999,9,170,674,"OtherLL"
1999,9,175,399,"OtherLL"
1999,9,180,391,"OtherLL"
1999,9,185,361,"OtherLL"
1999,9,190,105,"OtherLL"
1999,9,195,138,"OtherLL"
1999,9,200,213,"OtherLL"
1999,9,205,114,"OtherLL"
1999,9,210,60,"OtherLL"
1999,9,215,84,"OtherLL"
1999,9,220,28,"OtherLL"
1999,9,225,47,"OtherLL"
1999,9,230,23,"OtherLL"
1999,9,235,35,"OtherLL"
1999,9,240,20,"OtherLL"
1999,9,245,17,"OtherLL"
1999,9,250,5,"OtherLL"
1999,9,255,10,"OtherLL"
1999,9,260,3,"OtherLL"
1999,9,265,9,"OtherLL"
1999,9,270,1,"OtherLL"
1999,9,275,4,"OtherLL"
1999,9,280,1,"OtherLL"
1999,9,285,1,"OtherLL"
1999,9,295,1,"OtherLL"
1999,9,315,1,"OtherLL"
2000,9,120,121,"OtherLL"
2000,9,125,54,"OtherLL"
2000,9,130,159,"OtherLL"
2000,9,135,108,"OtherLL"
2000,9,140,181,"OtherLL"
2000,9,145,143,"OtherLL"
2000,9,150,274,"OtherLL"
2000,9,155,229,"OtherLL"
2000,9,160,208,"OtherLL"
2000,9,165,251,"OtherLL"
2000,9,170,284,"OtherLL"
2000,9,175,178,"OtherLL"
2000,9,180,179,"OtherLL"
2000,9,185,233,"OtherLL"
2000,9,190,83,"OtherLL"
2000,9,195,105,"OtherLL"
2000,9,200,119,"OtherLL"
2000,9,205,88,"OtherLL"
2000,9,210,52,"OtherLL"
2000,9,215,61,"OtherLL"
2000,9,220,32,"OtherLL"
2000,9,225,45,"OtherLL"
2000,9,230,26,"OtherLL"
2000,9,235,35,"OtherLL"
2000,9,240,14,"OtherLL"
2000,9,245,13,"OtherLL"
2000,9,250,4,"OtherLL"
2000,9,255,8,"OtherLL"
2000,9,260,3,"OtherLL"
2000,9,275,1,"OtherLL"
2001,9,60,1,"OtherLL"
2001,9,65,2,"OtherLL"
2001,9,70,13,"OtherLL"
2001,9,75,21,"OtherLL"
2001,9,80,12,"OtherLL"
2001,9,85,9,"OtherLL"
2001,9,90,4,"OtherLL"
2001,9,95,12,"OtherLL"
2001,9,100,36,"OtherLL"
2001,9,105,46,"OtherLL"
2001,9,110,37,"OtherLL"
2001,9,115,35,"OtherLL"
2001,9,120,119,"OtherLL"
2001,9,125,66,"OtherLL"
2001,9,130,312,"OtherLL"
2001,9,135,176,"OtherLL"
2001,9,140,417,"OtherLL"
2001,9,145,300,"OtherLL"
2001,9,150,543,"OtherLL"
2001,9,155,320,"OtherLL"
2001,9,160,367,"OtherLL"
2001,9,165,484,"OtherLL"
2001,9,170,285,"OtherLL"
2001,9,175,405,"OtherLL"
2001,9,180,263,"OtherLL"
2001,9,185,384,"OtherLL"
2001,9,190,169,"OtherLL"
2001,9,195,264,"OtherLL"
2001,9,200,178,"OtherLL"
2001,9,205,209,"OtherLL"
2001,9,210,84,"OtherLL"
2001,9,215,132,"OtherLL"
2001,9,220,56,"OtherLL"
2001,9,225,66,"OtherLL"
2001,9,230,17,"OtherLL"
2001,9,235,57,"OtherLL"
2001,9,240,15,"OtherLL"
2001,9,245,19,"OtherLL"
2001,9,250,6,"OtherLL"
2001,9,255,3,"OtherLL"
2001,9,260,5,"OtherLL"
2001,9,270,3,"OtherLL"
2001,9,275,1,"OtherLL"
2001,9,280,4,"OtherLL"
2002,9,80,3,"OtherLL"
2002,9,85,2,"OtherLL"
2002,9,90,7,"OtherLL"
2002,9,95,4,"OtherLL"
2002,9,100,10,"OtherLL"
2002,9,105,17,"OtherLL"
2002,9,110,7,"OtherLL"
2002,9,115,14,"OtherLL"
2002,9,120,17,"OtherLL"
2002,9,125,66,"OtherLL"
2002,9,130,61,"OtherLL"
2002,9,135,65,"OtherLL"
2002,9,140,96,"OtherLL"
2002,9,145,116,"OtherLL"
2002,9,150,141,"OtherLL"
2002,9,155,85,"OtherLL"
2002,9,160,83,"OtherLL"
2002,9,165,89,"OtherLL"
2002,9,170,85,"OtherLL"
2002,9,175,52,"OtherLL"
2002,9,180,41,"OtherLL"
2002,9,185,18,"OtherLL"
2002,9,190,32,"OtherLL"
2002,9,195,12,"OtherLL"
2002,9,200,23,"OtherLL"
2002,9,205,8,"OtherLL"
2002,9,210,7,"OtherLL"
2002,9,215,4,"OtherLL"
2002,9,220,9,"OtherLL"
2002,9,225,4,"OtherLL"
2002,9,230,1,"OtherLL"
2002,9,235,2,"OtherLL"
2002,9,240,1,"OtherLL"
2002,9,245,1,"OtherLL"
2002,9,250,1,"OtherLL"
2002,9,265,2,"OtherLL"
2002,9,275,1,"OtherLL"
2002,9,280,1,"OtherLL"
2003,9,125,14,"OtherLL"
2003,9,130,22,"OtherLL"
2003,9,135,6,"OtherLL"
2003,9,140,9,"OtherLL"
2003,9,145,14,"OtherLL"
2003,9,150,27,"OtherLL"
2003,9,155,29,"OtherLL"
2003,9,160,27,"OtherLL"
2003,9,165,27,"OtherLL"
2003,9,170,13,"OtherLL"
2003,9,175,11,"OtherLL"
2003,9,180,11,"OtherLL"
2003,9,185,9,"OtherLL"
2003,9,190,8,"OtherLL"
2003,9,195,7,"OtherLL"
2003,9,200,5,"OtherLL"
2003,9,205,3,"OtherLL"
2003,9,210,10,"OtherLL"
2003,9,215,2,"OtherLL"
2003,9,220,2,"OtherLL"
2003,9,225,1,"OtherLL"
2003,9,235,5,"OtherLL"
2003,9,240,2,"OtherLL"
2003,9,245,4,"OtherLL"
2003,9,280,1,"OtherLL"
2003,9,330,1,"OtherLL"
2004,9,105,86,"OtherLL"
2004,9,110,54,"OtherLL"
2004,9,115,62,"OtherLL"
2004,9,120,53,"OtherLL"
2004,9,125,44,"OtherLL"
2004,9,130,10,"OtherLL"
2004,9,135,42,"OtherLL"
2004,9,140,38,"OtherLL"
2004,9,145,51,"OtherLL"
2004,9,150,59,"OtherLL"
2004,9,155,71,"OtherLL"
2004,9,160,62,"OtherLL"
2004,9,165,86,"OtherLL"
2004,9,170,40,"OtherLL"
2004,9,175,37,"OtherLL"
2004,9,180,22,"OtherLL"
2004,9,185,21,"OtherLL"
2004,9,190,17,"OtherLL"
2004,9,195,17,"OtherLL"
2004,9,200,6,"OtherLL"
2004,9,205,3,"OtherLL"
2004,9,210,2,"OtherLL"
2004,9,215,1,"OtherLL"
2004,9,220,1,"OtherLL"
2004,9,225,4,"OtherLL"
2004,9,230,2,"OtherLL"
2004,9,235,1,"OtherLL"
2004,9,240,1,"OtherLL"
2004,9,245,3,"OtherLL"
2004,9,275,1,"OtherLL"
2005,9,60,1,"OtherLL"
2005,9,70,17,"OtherLL"
2005,9,75,16,"OtherLL"
2005,9,80,62,"OtherLL"
2005,9,85,43,"OtherLL"
2005,9,90,84,"OtherLL"
2005,9,95,85,"OtherLL"
2005,9,100,100,"OtherLL"
2005,9,105,67,"OtherLL"
2005,9,110,114,"OtherLL"
2005,9,115,183,"OtherLL"
2005,9,120,372,"OtherLL"
2005,9,125,352,"OtherLL"
2005,9,130,391,"OtherLL"
2005,9,135,261,"OtherLL"
2005,9,140,378,"OtherLL"
2005,9,145,278,"OtherLL"
2005,9,150,387,"OtherLL"
2005,9,155,310,"OtherLL"
2005,9,160,368,"OtherLL"
2005,9,165,250,"OtherLL"
2005,9,170,228,"OtherLL"
2005,9,175,165,"OtherLL"
2005,9,180,188,"OtherLL"
2005,9,185,146,"OtherLL"
2005,9,190,119,"OtherLL"
2005,9,195,66,"OtherLL"
2005,9,200,93,"OtherLL"
2005,9,205,51,"OtherLL"
2005,9,210,50,"OtherLL"
2005,9,215,31,"OtherLL"
2005,9,220,36,"OtherLL"
2005,9,225,17,"OtherLL"
2005,9,230,25,"OtherLL"
2005,9,235,15,"OtherLL"
2005,9,240,23,"OtherLL"
2005,9,245,8,"OtherLL"
2005,9,250,11,"OtherLL"
2005,9,255,5,"OtherLL"
2005,9,260,3,"OtherLL"
2005,9,265,5,"OtherLL"
2005,9,270,2,"OtherLL"
2005,9,280,3,"OtherLL"
2005,9,295,1,"OtherLL"
2006,9,60,2,"OtherLL"
2006,9,65,1,"OtherLL"
2006,9,70,15,"OtherLL"
2006,9,75,32,"OtherLL"
2006,9,80,36,"OtherLL"
2006,9,85,36,"OtherLL"
2006,9,90,50,"OtherLL"
2006,9,95,65,"OtherLL"
2006,9,100,102,"OtherLL"
2006,9,105,83,"OtherLL"
2006,9,110,108,"OtherLL"
2006,9,115,223,"OtherLL"
2006,9,120,184,"OtherLL"
2006,9,125,197,"OtherLL"
2006,9,130,268,"OtherLL"
2006,9,135,283,"OtherLL"
2006,9,140,364,"OtherLL"
2006,9,145,359,"OtherLL"
2006,9,150,419,"OtherLL"
2006,9,155,334,"OtherLL"
2006,9,160,288,"OtherLL"
2006,9,165,205,"OtherLL"
2006,9,170,217,"OtherLL"
2006,9,175,147,"OtherLL"
2006,9,180,132,"OtherLL"
2006,9,185,120,"OtherLL"
2006,9,190,83,"OtherLL"
2006,9,195,73,"OtherLL"
2006,9,200,83,"OtherLL"
2006,9,205,41,"OtherLL"
2006,9,210,54,"OtherLL"
2006,9,215,25,"OtherLL"
2006,9,220,28,"OtherLL"
2006,9,225,18,"OtherLL"
2006,9,230,16,"OtherLL"
2006,9,235,9,"OtherLL"
2006,9,240,10,"OtherLL"
2006,9,245,7,"OtherLL"
2006,9,250,11,"OtherLL"
2006,9,255,4,"OtherLL"
2006,9,260,7,"OtherLL"
2006,9,265,2,"OtherLL"
2006,9,270,7,"OtherLL"
2006,9,280,1,"OtherLL"
2006,9,285,2,"OtherLL"
2007,9,70,3,"OtherLL"
2007,9,75,4,"OtherLL"
2007,9,80,7,"OtherLL"
2007,9,85,6,"OtherLL"
2007,9,90,4,"OtherLL"
2007,9,95,25,"OtherLL"
2007,9,100,14,"OtherLL"
2007,9,105,33,"OtherLL"
2007,9,110,110,"OtherLL"
2007,9,115,130,"OtherLL"
2007,9,120,160,"OtherLL"
2007,9,125,138,"OtherLL"
2007,9,130,152,"OtherLL"
2007,9,135,135,"OtherLL"
2007,9,140,138,"OtherLL"
2007,9,145,144,"OtherLL"
2007,9,150,131,"OtherLL"
2007,9,155,96,"OtherLL"
2007,9,160,125,"OtherLL"
2007,9,165,133,"OtherLL"
2007,9,170,125,"OtherLL"
2007,9,175,91,"OtherLL"
2007,9,180,111,"OtherLL"
2007,9,185,140,"OtherLL"
2007,9,190,35,"OtherLL"
2007,9,195,46,"OtherLL"
2007,9,200,39,"OtherLL"
2007,9,205,43,"OtherLL"
2007,9,210,28,"OtherLL"
2007,9,215,12,"OtherLL"
2007,9,220,17,"OtherLL"
2007,9,225,18,"OtherLL"
2007,9,230,6,"OtherLL"
2007,9,235,6,"OtherLL"
2007,9,240,4,"OtherLL"
2007,9,245,2,"OtherLL"
2007,9,250,2,"OtherLL"
2007,9,255,3,"OtherLL"
2007,9,260,1,"OtherLL"
2007,9,270,3,"OtherLL"
2007,9,275,3,"OtherLL"
2007,9,285,1,"OtherLL"
2007,9,295,4,"OtherLL"
2008,9,50,1,"OtherLL"
2008,9,65,1,"OtherLL"
2008,9,70,6,"OtherLL"
2008,9,75,10,"OtherLL"
2008,9,80,66,"OtherLL"
2008,9,85,17,"OtherLL"
2008,9,90,42,"OtherLL"
2008,9,95,52,"OtherLL"
2008,9,100,32,"OtherLL"
2008,9,105,26,"OtherLL"
2008,9,110,83,"OtherLL"
2008,9,115,109,"OtherLL"
2008,9,120,425,"OtherLL"
2008,9,125,329,"OtherLL"
2008,9,130,295,"OtherLL"
2008,9,135,464,"OtherLL"
2008,9,140,487,"OtherLL"
2008,9,145,621,"OtherLL"
2008,9,150,414,"OtherLL"
2008,9,155,452,"OtherLL"
2008,9,160,395,"OtherLL"
2008,9,165,449,"OtherLL"
2008,9,170,303,"OtherLL"
2008,9,175,256,"OtherLL"
2008,9,180,242,"OtherLL"
2008,9,185,217,"OtherLL"
2008,9,190,120,"OtherLL"
2008,9,195,128,"OtherLL"
2008,9,200,126,"OtherLL"
2008,9,205,65,"OtherLL"
2008,9,210,60,"OtherLL"
2008,9,215,49,"OtherLL"
2008,9,220,45,"OtherLL"
2008,9,225,44,"OtherLL"
2008,9,230,21,"OtherLL"
2008,9,235,22,"OtherLL"
2008,9,240,17,"OtherLL"
2008,9,245,18,"OtherLL"
2008,9,250,19,"OtherLL"
2008,9,255,11,"OtherLL"
2008,9,260,5,"OtherLL"
2008,9,265,3,"OtherLL"
2008,9,270,4,"OtherLL"
2008,9,275,4,"OtherLL"
2008,9,280,2,"OtherLL"
2008,9,285,6,"OtherLL"
2008,9,290,3,"OtherLL"
2008,9,300,2,"OtherLL"
2008,9,305,1,"OtherLL"
2008,9,310,1,"OtherLL"
2009,9,65,2,"OtherLL"
2009,9,70,6,"OtherLL"
2009,9,75,8,"OtherLL"
2009,9,80,9,"OtherLL"
2009,9,85,29,"OtherLL"
2009,9,90,52,"OtherLL"
2009,9,95,48,"OtherLL"
2009,9,100,56,"OtherLL"
2009,9,105,80,"OtherLL"
2009,9,110,97,"OtherLL"
2009,9,115,126,"OtherLL"
2009,9,120,198,"OtherLL"
2009,9,125,216,"OtherLL"
2009,9,130,293,"OtherLL"
2009,9,135,237,"OtherLL"
2009,9,140,381,"OtherLL"
2009,9,145,291,"OtherLL"
2009,9,150,383,"OtherLL"
2009,9,155,370,"OtherLL"
2009,9,160,372,"OtherLL"
2009,9,165,257,"OtherLL"
2009,9,170,318,"OtherLL"
2009,9,175,249,"OtherLL"
2009,9,180,204,"OtherLL"
2009,9,185,196,"OtherLL"
2009,9,190,90,"OtherLL"
2009,9,195,104,"OtherLL"
2009,9,200,107,"OtherLL"
2009,9,205,81,"OtherLL"
2009,9,210,58,"OtherLL"
2009,9,215,41,"OtherLL"
2009,9,220,40,"OtherLL"
2009,9,225,43,"OtherLL"
2009,9,230,20,"OtherLL"
2009,9,235,13,"OtherLL"
2009,9,240,18,"OtherLL"
2009,9,245,14,"OtherLL"
2009,9,250,8,"OtherLL"
2009,9,255,11,"OtherLL"
2009,9,260,12,"OtherLL"
2009,9,265,5,"OtherLL"
2009,9,270,7,"OtherLL"
2009,9,275,2,"OtherLL"
2009,9,280,4,"OtherLL"
2009,9,285,2,"OtherLL"
2009,9,300,1,"OtherLL"
2009,9,310,1,"OtherLL"
2010,9,60,1,"OtherLL"
2010,9,65,1,"OtherLL"
2010,9,70,3,"OtherLL"
2010,9,75,3,"OtherLL"
2010,9,80,3,"OtherLL"
2010,9,85,12,"OtherLL"
2010,9,90,18,"OtherLL"
2010,9,95,18,"OtherLL"
2010,9,100,31,"OtherLL"
2010,9,105,29,"OtherLL"
2010,9,110,49,"OtherLL"
2010,9,115,63,"OtherLL"
2010,9,120,105,"OtherLL"
2010,9,125,136,"OtherLL"
2010,9,130,239,"OtherLL"
2010,9,135,198,"OtherLL"
2010,9,140,302,"OtherLL"
2010,9,145,193,"OtherLL"
2010,9,150,310,"OtherLL"
2010,9,155,243,"OtherLL"
2010,9,160,290,"OtherLL"
2010,9,165,170,"OtherLL"
2010,9,170,223,"OtherLL"
2010,9,175,174,"OtherLL"
2010,9,180,154,"OtherLL"
2010,9,185,127,"OtherLL"
2010,9,190,112,"OtherLL"
2010,9,195,87,"OtherLL"
2010,9,200,51,"OtherLL"
2010,9,205,35,"OtherLL"
2010,9,210,47,"OtherLL"
2010,9,215,14,"OtherLL"
2010,9,220,31,"OtherLL"
2010,9,225,21,"OtherLL"
2010,9,230,13,"OtherLL"
2010,9,235,17,"OtherLL"
2010,9,240,10,"OtherLL"
2010,9,245,5,"OtherLL"
2010,9,250,8,"OtherLL"
2010,9,255,2,"OtherLL"
2010,9,260,5,"OtherLL"
2010,9,265,2,"OtherLL"
2010,9,270,4,"OtherLL"
2010,9,275,2,"OtherLL"
2010,9,280,2,"OtherLL"
2011,9,55,3,"OtherLL"
2011,9,60,2,"OtherLL"
2011,9,65,7,"OtherLL"
2011,9,70,14,"OtherLL"
2011,9,75,10,"OtherLL"
2011,9,80,28,"OtherLL"
2011,9,85,38,"OtherLL"
2011,9,90,71,"OtherLL"
2011,9,95,79,"OtherLL"
2011,9,100,63,"OtherLL"
2011,9,105,99,"OtherLL"
2011,9,110,101,"OtherLL"
2011,9,115,139,"OtherLL"
2011,9,120,368,"OtherLL"
2011,9,125,289,"OtherLL"
2011,9,130,523,"OtherLL"
2011,9,135,498,"OtherLL"
2011,9,140,782,"OtherLL"
2011,9,145,635,"OtherLL"
2011,9,150,710,"OtherLL"
2011,9,155,445,"OtherLL"
2011,9,160,541,"OtherLL"
2011,9,165,303,"OtherLL"
2011,9,170,428,"OtherLL"
2011,9,175,201,"OtherLL"
2011,9,180,270,"OtherLL"
2011,9,185,141,"OtherLL"
2011,9,190,163,"OtherLL"
2011,9,195,89,"OtherLL"
2011,9,200,100,"OtherLL"
2011,9,205,43,"OtherLL"
2011,9,210,45,"OtherLL"
2011,9,215,31,"OtherLL"
2011,9,220,32,"OtherLL"
2011,9,225,19,"OtherLL"
2011,9,230,32,"OtherLL"
2011,9,235,13,"OtherLL"
2011,9,240,9,"OtherLL"
2011,9,245,7,"OtherLL"
2011,9,250,8,"OtherLL"
2011,9,255,8,"OtherLL"
2011,9,260,6,"OtherLL"
2011,9,265,3,"OtherLL"
2011,9,270,2,"OtherLL"
2011,9,280,3,"OtherLL"
2011,9,290,2,"OtherLL"
2012,9,75,2,"OtherLL"
2012,9,80,4,"OtherLL"
2012,9,85,13,"OtherLL"
2012,9,90,12,"OtherLL"
2012,9,95,15,"OtherLL"
2012,9,100,10,"OtherLL"
2012,9,105,17,"OtherLL"
2012,9,110,14,"OtherLL"
2012,9,115,24,"OtherLL"
2012,9,120,51,"OtherLL"
2012,9,125,46,"OtherLL"
2012,9,130,89,"OtherLL"
2012,9,135,79,"OtherLL"
2012,9,140,79,"OtherLL"
2012,9,145,88,"OtherLL"
2012,9,150,74,"OtherLL"
2012,9,155,128,"OtherLL"
2012,9,160,92,"OtherLL"
2012,9,165,89,"OtherLL"
2012,9,170,91,"OtherLL"
2012,9,175,82,"OtherLL"
2012,9,180,59,"OtherLL"
2012,9,185,40,"OtherLL"
2012,9,190,36,"OtherLL"
2012,9,195,25,"OtherLL"
2012,9,200,22,"OtherLL"
2012,9,205,24,"OtherLL"
2012,9,210,14,"OtherLL"
2012,9,215,12,"OtherLL"
2012,9,220,18,"OtherLL"
2012,9,225,9,"OtherLL"
2012,9,230,7,"OtherLL"
2012,9,235,6,"OtherLL"
2012,9,240,2,"OtherLL"
2012,9,245,6,"OtherLL"
2012,9,250,4,"OtherLL"
2012,9,255,6,"OtherLL"
2012,9,260,1,"OtherLL"
2012,9,265,1,"OtherLL"
2012,9,270,4,"OtherLL"
2012,9,280,1,"OtherLL"
2012,9,300,1,"OtherLL"
2013,9,55,2,"OtherLL"
2013,9,60,6,"OtherLL"
2013,9,65,19,"OtherLL"
2013,9,70,107,"OtherLL"
2013,9,75,108,"OtherLL"
2013,9,80,81,"OtherLL"
2013,9,85,22,"OtherLL"
2013,9,90,18,"OtherLL"
2013,9,95,29,"OtherLL"
2013,9,100,26,"OtherLL"
2013,9,105,42,"OtherLL"
2013,9,110,83,"OtherLL"
2013,9,115,53,"OtherLL"
2013,9,120,127,"OtherLL"
2013,9,125,134,"OtherLL"
2013,9,130,249,"OtherLL"
2013,9,135,229,"OtherLL"
2013,9,140,225,"OtherLL"
2013,9,145,248,"OtherLL"
2013,9,150,242,"OtherLL"
2013,9,155,228,"OtherLL"
2013,9,160,201,"OtherLL"
2013,9,165,169,"OtherLL"
2013,9,170,133,"OtherLL"
2013,9,175,110,"OtherLL"
2013,9,180,74,"OtherLL"
2013,9,185,87,"OtherLL"
2013,9,190,71,"OtherLL"
2013,9,195,48,"OtherLL"
2013,9,200,50,"OtherLL"
2013,9,205,52,"OtherLL"
2013,9,210,35,"OtherLL"
2013,9,215,30,"OtherLL"
2013,9,220,29,"OtherLL"
2013,9,225,11,"OtherLL"
2013,9,230,9,"OtherLL"
2013,9,235,6,"OtherLL"
2013,9,240,8,"OtherLL"
2013,9,245,8,"OtherLL"
2013,9,250,5,"OtherLL"
2013,9,260,4,"OtherLL"
2013,9,265,2,"OtherLL"
2013,9,270,1,"OtherLL"
2013,9,285,1,"OtherLL"
2013,9,290,2,"OtherLL"
2013,9,295,1,"OtherLL"
2014,9,65,2,"OtherLL"
2014,9,70,1,"OtherLL"
2014,9,75,1,"OtherLL"
2014,9,80,9,"OtherLL"
2014,9,85,9,"OtherLL"
2014,9,90,4,"OtherLL"
2014,9,95,3,"OtherLL"
2014,9,100,7,"OtherLL"
2014,9,105,12,"OtherLL"
2014,9,110,14,"OtherLL"
2014,9,115,34,"OtherLL"
2014,9,120,26,"OtherLL"
2014,9,125,28,"OtherLL"
2014,9,130,49,"OtherLL"
2014,9,135,67,"OtherLL"
2014,9,140,113,"OtherLL"
2014,9,145,122,"OtherLL"
2014,9,150,166,"OtherLL"
2014,9,155,174,"OtherLL"
2014,9,160,175,"OtherLL"
2014,9,165,123,"OtherLL"
2014,9,170,93,"OtherLL"
2014,9,175,75,"OtherLL"
2014,9,180,40,"OtherLL"
2014,9,185,29,"OtherLL"
2014,9,190,26,"OtherLL"
2014,9,195,20,"OtherLL"
2014,9,200,17,"OtherLL"
2014,9,205,6,"OtherLL"
2014,9,210,6,"OtherLL"
2014,9,215,7,"OtherLL"
2014,9,220,5,"OtherLL"
2014,9,225,1,"OtherLL"
2014,9,230,2,"OtherLL"
2014,9,235,3,"OtherLL"
2014,9,255,1,"OtherLL"
2014,9,260,1,"OtherLL"
2014,9,265,1,"OtherLL"
2015,9,65,1,"OtherLL"
2015,9,70,8,"OtherLL"
2015,9,75,15,"OtherLL"
2015,9,80,4,"OtherLL"
2015,9,85,3,"OtherLL"
2015,9,90,8,"OtherLL"
2015,9,95,14,"OtherLL"
2015,9,100,24,"OtherLL"
2015,9,105,30,"OtherLL"
2015,9,110,39,"OtherLL"
2015,9,115,40,"OtherLL"
2015,9,120,46,"OtherLL"
2015,9,125,47,"OtherLL"
2015,9,130,57,"OtherLL"
2015,9,135,78,"OtherLL"
2015,9,140,87,"OtherLL"
2015,9,145,82,"OtherLL"
2015,9,150,76,"OtherLL"
2015,9,155,68,"OtherLL"
2015,9,160,129,"OtherLL"
2015,9,165,89,"OtherLL"
2015,9,170,123,"OtherLL"
2015,9,175,401,"OtherLL"
2015,9,180,488,"OtherLL"
2015,9,185,96,"OtherLL"
2015,9,190,167,"OtherLL"
2015,9,195,40,"OtherLL"
2015,9,200,387,"OtherLL"
2015,9,205,26,"OtherLL"
2015,9,210,27,"OtherLL"
2015,9,215,17,"OtherLL"
2015,9,220,9,"OtherLL"
2015,9,225,11,"OtherLL"
2015,9,230,7,"OtherLL"
2015,9,235,2,"OtherLL"
2015,9,240,2,"OtherLL"
2015,9,245,1,"OtherLL"
2015,9,255,3,"OtherLL"
2015,9,275,1,"OtherLL"
2016,9,65,1,"OtherLL"
2016,9,70,2,"OtherLL"
2016,9,75,1,"OtherLL"
2016,9,80,1,"OtherLL"
2016,9,90,3,"OtherLL"
2016,9,95,2,"OtherLL"
2016,9,100,2,"OtherLL"
2016,9,105,6,"OtherLL"
2016,9,110,14,"OtherLL"
2016,9,115,5,"OtherLL"
2016,9,120,10,"OtherLL"
2016,9,125,14,"OtherLL"
2016,9,130,25,"OtherLL"
2016,9,135,44,"OtherLL"
2016,9,140,44,"OtherLL"
2016,9,145,62,"OtherLL"
2016,9,150,92,"OtherLL"
2016,9,155,62,"OtherLL"
2016,9,160,120,"OtherLL"
2016,9,165,65,"OtherLL"
2016,9,170,114,"OtherLL"
2016,9,175,49,"OtherLL"
2016,9,180,68,"OtherLL"
2016,9,185,51,"OtherLL"
2016,9,190,55,"OtherLL"
2016,9,195,30,"OtherLL"
2016,9,200,24,"OtherLL"
2016,9,205,15,"OtherLL"
2016,9,210,19,"OtherLL"
2016,9,215,19,"OtherLL"
2016,9,220,9,"OtherLL"
2016,9,225,5,"OtherLL"
2016,9,230,3,"OtherLL"
2016,9,235,5,"OtherLL"
2016,9,240,2,"OtherLL"
2016,9,245,1,"OtherLL"
2016,9,250,1,"OtherLL"
2016,9,255,1,"OtherLL"
2017,9,30,11,"OtherLL"
2017,9,75,2,"OtherLL"
2017,9,80,10,"OtherLL"
2017,9,85,28,"OtherLL"
2017,9,90,19,"OtherLL"
2017,9,95,2,"OtherLL"
2017,9,100,5,"OtherLL"
2017,9,105,2,"OtherLL"
2017,9,110,2353,"OtherLL"
2017,9,115,13,"OtherLL"
2017,9,120,776,"OtherLL"
2017,9,125,27,"OtherLL"
2017,9,130,31,"OtherLL"
2017,9,135,50,"OtherLL"
2017,9,140,152,"OtherLL"
2017,9,145,189,"OtherLL"
2017,9,150,120,"OtherLL"
2017,9,155,80,"OtherLL"
2017,9,160,598,"OtherLL"
2017,9,165,134,"OtherLL"
2017,9,170,135,"OtherLL"
2017,9,175,119,"OtherLL"
2017,9,180,148,"OtherLL"
2017,9,185,80,"OtherLL"
2017,9,190,57,"OtherLL"
2017,9,195,80,"OtherLL"
2017,9,200,37,"OtherLL"
2017,9,205,36,"OtherLL"
2017,9,210,22,"OtherLL"
2017,9,215,30,"OtherLL"
2017,9,220,13,"OtherLL"
2017,9,225,12,"OtherLL"
2017,9,230,22,"OtherLL"
2017,9,235,4,"OtherLL"
2017,9,245,4,"OtherLL"
2017,9,250,4,"OtherLL"
2017,9,255,2,"OtherLL"
2017,9,260,4,"OtherLL"
2017,9,265,2,"OtherLL"
2017,9,270,5,"OtherLL"
2017,9,275,6,"OtherLL"
2017,9,295,3,"OtherLL"
2018,9,50,9,"OtherLL"
2018,9,60,5,"OtherLL"
2018,9,65,8,"OtherLL"
2018,9,70,10,"OtherLL"
2018,9,75,9,"OtherLL"
2018,9,80,9,"OtherLL"
2018,9,85,12,"OtherLL"
2018,9,90,17,"OtherLL"
2018,9,95,12,"OtherLL"
2018,9,100,185,"OtherLL"
2018,9,105,63,"OtherLL"
2018,9,110,1050,"OtherLL"
2018,9,115,111,"OtherLL"
2018,9,120,460,"OtherLL"
2018,9,125,96,"OtherLL"
2018,9,130,278,"OtherLL"
2018,9,135,539,"OtherLL"
2018,9,140,171,"OtherLL"
2018,9,145,192,"OtherLL"
2018,9,150,235,"OtherLL"
2018,9,155,147,"OtherLL"
2018,9,160,255,"OtherLL"
2018,9,165,158,"OtherLL"
2018,9,170,299,"OtherLL"
2018,9,175,136,"OtherLL"
2018,9,180,340,"OtherLL"
2018,9,185,158,"OtherLL"
2018,9,190,282,"OtherLL"
2018,9,195,80,"OtherLL"
2018,9,200,231,"OtherLL"
2018,9,205,83,"OtherLL"
2018,9,210,134,"OtherLL"
2018,9,215,56,"OtherLL"
2018,9,220,69,"OtherLL"
2018,9,225,28,"OtherLL"
2018,9,230,64,"OtherLL"
2018,9,235,16,"OtherLL"
2018,9,240,48,"OtherLL"
2018,9,245,7,"OtherLL"
2018,9,250,31,"OtherLL"
2018,9,255,1,"OtherLL"
2018,9,260,11,"OtherLL"
2018,9,265,2,"OtherLL"
2018,9,270,10,"OtherLL"
2018,9,275,6,"OtherLL"
2018,9,280,12,"OtherLL"
2018,9,285,4,"OtherLL"
2018,9,290,5,"OtherLL"
2018,9,300,8,"OtherLL"
2019,9,50,14,"OtherLL"
2019,9,70,30,"OtherLL"
2019,9,75,17,"OtherLL"
2019,9,80,20,"OtherLL"
2019,9,85,14,"OtherLL"
2019,9,90,71,"OtherLL"
2019,9,95,34,"OtherLL"
2019,9,100,280,"OtherLL"
2019,9,105,83,"OtherLL"
2019,9,110,897,"OtherLL"
2019,9,115,66,"OtherLL"
2019,9,120,251,"OtherLL"
2019,9,125,184,"OtherLL"
2019,9,130,181,"OtherLL"
2019,9,135,107,"OtherLL"
2019,9,140,315,"OtherLL"
2019,9,145,255,"OtherLL"
2019,9,150,393,"OtherLL"
2019,9,155,195,"OtherLL"
2019,9,160,375,"OtherLL"
2019,9,165,242,"OtherLL"
2019,9,170,314,"OtherLL"
2019,9,175,174,"OtherLL"
2019,9,180,352,"OtherLL"
2019,9,185,142,"OtherLL"
2019,9,190,256,"OtherLL"
2019,9,195,92,"OtherLL"
2019,9,200,230,"OtherLL"
2019,9,205,59,"OtherLL"
2019,9,210,127,"OtherLL"
2019,9,215,69,"OtherLL"
2019,9,220,107,"OtherLL"
2019,9,225,29,"OtherLL"
2019,9,230,70,"OtherLL"
2019,9,235,12,"OtherLL"
2019,9,240,41,"OtherLL"
2019,9,245,6,"OtherLL"
2019,9,250,25,"OtherLL"
2019,9,255,6,"OtherLL"
2019,9,260,22,"OtherLL"
2019,9,265,8,"OtherLL"
2019,9,270,4,"OtherLL"
2019,9,275,6,"OtherLL"
2019,9,280,9,"OtherLL"
2019,9,285,1,"OtherLL"
2019,9,290,5,"OtherLL"
2019,9,295,2,"OtherLL"
2019,9,300,6,"OtherLL"
2019,9,305,3,"OtherLL"
2019,9,310,1,"OtherLL"
2019,9,315,5,"OtherLL"
2019,9,320,2,"OtherLL"
2020,9,70,23,"OtherLL"
2020,9,75,31,"OtherLL"
2020,9,80,3,"OtherLL"
2020,9,85,6,"OtherLL"
2020,9,90,90,"OtherLL"
2020,9,95,11,"OtherLL"
2020,9,100,17,"OtherLL"
2020,9,105,37,"OtherLL"
2020,9,110,51,"OtherLL"
2020,9,115,68,"OtherLL"
2020,9,120,35,"OtherLL"
2020,9,125,22,"OtherLL"
2020,9,130,57,"OtherLL"
2020,9,135,41,"OtherLL"
2020,9,140,48,"OtherLL"
2020,9,145,28,"OtherLL"
2020,9,150,48,"OtherLL"
2020,9,155,33,"OtherLL"
2020,9,160,60,"OtherLL"
2020,9,165,40,"OtherLL"
2020,9,170,37,"OtherLL"
2020,9,175,35,"OtherLL"
2020,9,180,30,"OtherLL"
2020,9,185,26,"OtherLL"
2020,9,190,43,"OtherLL"
2020,9,195,40,"OtherLL"
2020,9,200,21,"OtherLL"
2020,9,205,12,"OtherLL"
2020,9,210,25,"OtherLL"
2020,9,215,11,"OtherLL"
2020,9,220,83,"OtherLL"
2020,9,225,7,"OtherLL"
2020,9,230,8,"OtherLL"
2020,9,235,104,"OtherLL"
2020,9,240,4,"OtherLL"
2020,9,245,1,"OtherLL"
2020,9,250,49,"OtherLL"
2020,9,255,1,"OtherLL"
2020,9,265,3,"OtherLL"
2020,9,270,2,"OtherLL"
2020,9,275,3,"OtherLL"
2020,9,280,1,"OtherLL"
2020,9,290,1,"OtherLL"
2020,9,300,1,"OtherLL"
2021,9,65,1,"OtherLL"
2021,9,75,3,"OtherLL"
2021,9,80,518,"OtherLL"
2021,9,85,5,"OtherLL"
2021,9,90,20,"OtherLL"
2021,9,95,25,"OtherLL"
2021,9,100,57,"OtherLL"
2021,9,105,143,"OtherLL"
2021,9,110,1441,"OtherLL"
2021,9,115,43,"OtherLL"
2021,9,120,567,"OtherLL"
2021,9,125,134,"OtherLL"
2021,9,130,577,"OtherLL"
2021,9,135,316,"OtherLL"
2021,9,140,428,"OtherLL"
2021,9,145,103,"OtherLL"
2021,9,150,427,"OtherLL"
2021,9,155,211,"OtherLL"
2021,9,160,517,"OtherLL"
2021,9,165,127,"OtherLL"
2021,9,170,280,"OtherLL"
2021,9,175,147,"OtherLL"
2021,9,180,142,"OtherLL"
2021,9,185,26,"OtherLL"
2021,9,190,73,"OtherLL"
2021,9,195,2,"OtherLL"
2021,9,200,92,"OtherLL"
2021,9,205,21,"OtherLL"
2021,9,210,45,"OtherLL"
2021,9,220,75,"OtherLL"
2021,9,225,79,"OtherLL"
2021,9,230,8,"OtherLL"
2021,9,235,3,"OtherLL"
2021,9,240,62,"OtherLL"
2021,9,245,187,"OtherLL"
2021,9,260,141,"OtherLL"
2022,9,55,1,"OtherLL"
2022,9,60,3,"OtherLL"
2022,9,65,3,"OtherLL"
2022,9,75,5,"OtherLL"
2022,9,85,53,"OtherLL"
2022,9,90,34,"OtherLL"
2022,9,95,45,"OtherLL"
2022,9,100,38,"OtherLL"
2022,9,105,59,"OtherLL"
2022,9,110,78,"OtherLL"
2022,9,115,6,"OtherLL"
2022,9,120,39,"OtherLL"
2022,9,125,33,"OtherLL"
2022,9,130,6,"OtherLL"
2022,9,135,6,"OtherLL"
2022,9,140,3,"OtherLL"
2022,9,145,5,"OtherLL"
2022,9,150,12,"OtherLL"
2022,9,155,7,"OtherLL"
2022,9,160,23,"OtherLL"
2022,9,165,16,"OtherLL"
2022,9,170,30,"OtherLL"
2022,9,175,13,"OtherLL"
2022,9,180,29,"OtherLL"
2022,9,185,13,"OtherLL"
2022,9,190,22,"OtherLL"
2022,9,195,21,"OtherLL"
2022,9,200,38,"OtherLL"
2022,9,205,10,"OtherLL"
2022,9,210,9,"OtherLL"
2022,9,215,7,"OtherLL"
2022,9,220,3,"OtherLL"
2022,9,225,1,"OtherLL"
2022,9,240,2,"OtherLL"
2022,9,245,1,"OtherLL"
2022,9,250,1,"OtherLL"
2022,9,255,1,"OtherLL"
2022,9,270,1,"OtherLL"
2023,9,10,1,"OtherLL"
2023,9,60,1,"OtherLL"
2023,9,65,1,"OtherLL"
2023,9,95,1,"OtherLL"
2023,9,105,1,"OtherLL"
2023,9,120,1,"OtherLL"
2023,9,135,1,"OtherLL"
2023,9,155,2,"OtherLL"
2023,9,160,4,"OtherLL"
2023,9,165,2,"OtherLL"
2023,9,170,4,"OtherLL"
2023,9,175,2,"OtherLL"
2023,9,180,3,"OtherLL"
2023,9,200,1,"OtherLL"
2023,9,210,1,"OtherLL"
2023,9,240,1,"OtherLL"
2023,9,250,1,"OtherLL"
2024,9,65,2,"OtherLL"
2024,9,70,9,"OtherLL"
2024,9,75,9,"OtherLL"
2024,9,80,11,"OtherLL"
2024,9,85,11,"OtherLL"
2024,9,90,17,"OtherLL"
2024,9,95,30,"OtherLL"
2024,9,100,68,"OtherLL"
2024,9,105,78,"OtherLL"
2024,9,110,115,"OtherLL"
2024,9,115,83,"OtherLL"
2024,9,120,110,"OtherLL"
2024,9,125,75,"OtherLL"
2024,9,130,102,"OtherLL"
2024,9,135,105,"OtherLL"
2024,9,140,134,"OtherLL"
2024,9,145,114,"OtherLL"
2024,9,150,150,"OtherLL"
2024,9,155,145,"OtherLL"
2024,9,160,155,"OtherLL"
2024,9,165,163,"OtherLL"
2024,9,170,166,"OtherLL"
2024,9,175,128,"OtherLL"
2024,9,180,168,"OtherLL"
2024,9,185,111,"OtherLL"
2024,9,190,119,"OtherLL"
2024,9,195,77,"OtherLL"
2024,9,200,120,"OtherLL"
2024,9,205,61,"OtherLL"
2024,9,210,99,"OtherLL"
2024,9,215,28,"OtherLL"
2024,9,220,48,"OtherLL"
2024,9,225,36,"OtherLL"
2024,9,230,35,"OtherLL"
2024,9,235,25,"OtherLL"
2024,9,240,46,"OtherLL"
2024,9,245,30,"OtherLL"
2024,9,250,30,"OtherLL"
2024,9,255,31,"OtherLL"
2024,9,260,19,"OtherLL"
2024,9,265,17,"OtherLL"
2024,9,270,23,"OtherLL"
2024,9,275,18,"OtherLL"
2024,9,280,17,"OtherLL"
2024,9,285,13,"OtherLL"
2024,9,290,22,"OtherLL"
2024,9,295,5,"OtherLL"
2024,9,300,7,"OtherLL"
2024,9,355,1,"OtherLL"
1988,10,50,1,"Others"
1988,10,60,1,"Others"
1988,10,75,1,"Others"
1988,10,85,2,"Others"
1988,10,90,4,"Others"
1988,10,95,7,"Others"
1988,10,100,4,"Others"
1988,10,105,6,"Others"
1988,10,110,12,"Others"
1988,10,115,15,"Others"
1988,10,120,11,"Others"
1988,10,125,15,"Others"
1988,10,130,16,"Others"
1988,10,135,11,"Others"
1988,10,140,14,"Others"
1988,10,145,7,"Others"
1988,10,150,8,"Others"
1988,10,160,6,"Others"
1988,10,165,10,"Others"
1988,10,170,5,"Others"
1988,10,175,7,"Others"
1988,10,180,10,"Others"
1988,10,185,2,"Others"
1988,10,190,5,"Others"
1988,10,195,9,"Others"
1988,10,200,7,"Others"
1988,10,205,10,"Others"
1988,10,210,3,"Others"
1988,10,215,4,"Others"
1988,10,220,6,"Others"
1988,10,225,1,"Others"
1988,10,230,5,"Others"
1988,10,235,1,"Others"
1988,10,245,2,"Others"
1989,10,50,1,"Others"
1989,10,80,1,"Others"
1989,10,90,5,"Others"
1989,10,95,5,"Others"
1989,10,100,4,"Others"
1989,10,105,6,"Others"
1989,10,110,4,"Others"
1989,10,115,5,"Others"
1989,10,120,3,"Others"
1989,10,125,6,"Others"
1989,10,130,18,"Others"
1989,10,135,11,"Others"
1989,10,140,4,"Others"
1989,10,145,9,"Others"
1989,10,150,5,"Others"
1989,10,155,6,"Others"
1989,10,160,9,"Others"
1989,10,165,4,"Others"
1989,10,170,2,"Others"
1989,10,175,1,"Others"
1989,10,180,3,"Others"
1989,10,185,1,"Others"
1989,10,190,4,"Others"
1989,10,195,1,"Others"
1989,10,200,1,"Others"
1989,10,205,1,"Others"
1989,10,210,2,"Others"
1989,10,215,2,"Others"
1989,10,220,1,"Others"
1989,10,235,1,"Others"
1989,10,240,1,"Others"
1990,10,75,3,"Others"
1990,10,80,4,"Others"
1990,10,85,6,"Others"
1990,10,90,7,"Others"
1990,10,95,16,"Others"
1990,10,100,3,"Others"
1990,10,105,12,"Others"
1990,10,110,14,"Others"
1990,10,115,15,"Others"
1990,10,120,11,"Others"
1990,10,125,11,"Others"
1990,10,130,8,"Others"
1990,10,135,10,"Others"
1990,10,140,5,"Others"
1990,10,145,5,"Others"
1990,10,150,3,"Others"
1990,10,155,8,"Others"
1990,10,160,7,"Others"
1990,10,165,6,"Others"
1990,10,170,7,"Others"
1990,10,175,7,"Others"
1990,10,180,5,"Others"
1990,10,185,11,"Others"
1990,10,190,3,"Others"
1990,10,195,10,"Others"
1990,10,200,4,"Others"
1990,10,205,2,"Others"
1990,10,210,1,"Others"
1990,10,215,1,"Others"
1990,10,220,1,"Others"
1990,10,235,1,"Others"
1991,10,75,1,"Others"
1991,10,80,11,"Others"
1991,10,85,22,"Others"
1991,10,90,24,"Others"
1991,10,95,36,"Others"
1991,10,100,28,"Others"
1991,10,105,46,"Others"
1991,10,110,19,"Others"
1991,10,115,22,"Others"
1991,10,120,17,"Others"
1991,10,125,32,"Others"
1991,10,130,19,"Others"
1991,10,135,18,"Others"
1991,10,140,18,"Others"
1991,10,145,18,"Others"
1991,10,150,17,"Others"
1991,10,155,11,"Others"
1991,10,160,8,"Others"
1991,10,165,8,"Others"
1991,10,170,7,"Others"
1991,10,175,11,"Others"
1991,10,180,19,"Others"
1991,10,185,8,"Others"
1991,10,190,13,"Others"
1991,10,195,12,"Others"
1991,10,200,9,"Others"
1991,10,205,10,"Others"
1991,10,210,8,"Others"
1991,10,215,4,"Others"
1991,10,220,3,"Others"
1991,10,225,7,"Others"
1991,10,230,3,"Others"
1991,10,235,2,"Others"
1991,10,240,3,"Others"
1991,10,255,1,"Others"
1991,10,260,1,"Others"
1992,10,75,3,"Others"
1992,10,80,16,"Others"
1992,10,85,19,"Others"
1992,10,90,17,"Others"
1992,10,95,21,"Others"
1992,10,100,11,"Others"
1992,10,105,20,"Others"
1992,10,110,18,"Others"
1992,10,115,14,"Others"
1992,10,120,14,"Others"
1992,10,125,18,"Others"
1992,10,130,16,"Others"
1992,10,135,12,"Others"
1992,10,140,8,"Others"
1992,10,145,10,"Others"
1992,10,150,6,"Others"
1992,10,155,5,"Others"
1992,10,160,6,"Others"
1992,10,165,7,"Others"
1992,10,170,11,"Others"
1992,10,175,18,"Others"
1992,10,180,14,"Others"
1992,10,185,10,"Others"
1992,10,190,10,"Others"
1992,10,195,5,"Others"
1992,10,200,9,"Others"
1992,10,205,9,"Others"
1992,10,210,8,"Others"
1992,10,215,3,"Others"
1992,10,220,2,"Others"
1992,10,225,3,"Others"
1992,10,235,2,"Others"
1992,10,240,1,"Others"
1992,10,245,1,"Others"
1993,10,55,1,"Others"
1993,10,70,1,"Others"
1993,10,80,2,"Others"
1993,10,85,7,"Others"
1993,10,90,10,"Others"
1993,10,95,17,"Others"
1993,10,100,37,"Others"
1993,10,105,39,"Others"
1993,10,110,45,"Others"
1993,10,115,33,"Others"
1993,10,120,36,"Others"
1993,10,125,35,"Others"
1993,10,130,27,"Others"
1993,10,135,15,"Others"
1993,10,140,12,"Others"
1993,10,145,15,"Others"
1993,10,150,10,"Others"
1993,10,155,12,"Others"
1993,10,160,11,"Others"
1993,10,165,14,"Others"
1993,10,170,10,"Others"
1993,10,175,3,"Others"
1993,10,180,8,"Others"
1993,10,185,11,"Others"
1993,10,190,5,"Others"
1993,10,195,9,"Others"
1993,10,200,5,"Others"
1993,10,205,4,"Others"
1993,10,210,7,"Others"
1993,10,215,4,"Others"
1993,10,220,2,"Others"
1993,10,225,3,"Others"
1993,10,230,4,"Others"
1993,10,240,1,"Others"
1993,10,255,2,"Others"
1994,10,50,1,"Others"
1994,10,80,4,"Others"
1994,10,85,6,"Others"
1994,10,90,8,"Others"
1994,10,95,14,"Others"
1994,10,100,22,"Others"
1994,10,105,30,"Others"
1994,10,110,41,"Others"
1994,10,115,30,"Others"
1994,10,120,37,"Others"
1994,10,125,22,"Others"
1994,10,130,27,"Others"
1994,10,135,19,"Others"
1994,10,140,20,"Others"
1994,10,145,25,"Others"
1994,10,150,9,"Others"
1994,10,155,19,"Others"
1994,10,160,16,"Others"
1994,10,165,12,"Others"
1994,10,170,15,"Others"
1994,10,175,12,"Others"
1994,10,180,9,"Others"
1994,10,185,13,"Others"
1994,10,190,15,"Others"
1994,10,195,8,"Others"
1994,10,200,9,"Others"
1994,10,205,8,"Others"
1994,10,210,13,"Others"
1994,10,215,6,"Others"
1994,10,220,2,"Others"
1994,10,225,6,"Others"
1994,10,230,4,"Others"
1994,10,235,4,"Others"
1994,10,240,1,"Others"
1994,10,245,1,"Others"
1994,10,255,1,"Others"
1994,10,260,1,"Others"
1994,10,285,1,"Others"
1995,10,65,2,"Others"
1995,10,75,4,"Others"
1995,10,80,6,"Others"
1995,10,85,17,"Others"
1995,10,90,14,"Others"
1995,10,95,10,"Others"
1995,10,100,14,"Others"
1995,10,105,25,"Others"
1995,10,110,39,"Others"
1995,10,115,32,"Others"
1995,10,120,23,"Others"
1995,10,125,18,"Others"
1995,10,130,23,"Others"
1995,10,135,18,"Others"
1995,10,140,33,"Others"
1995,10,145,23,"Others"
1995,10,150,25,"Others"
1995,10,155,30,"Others"
1995,10,160,24,"Others"
1995,10,165,21,"Others"
1995,10,170,11,"Others"
1995,10,175,15,"Others"
1995,10,180,11,"Others"
1995,10,185,9,"Others"
1995,10,190,15,"Others"
1995,10,195,6,"Others"
1995,10,200,5,"Others"
1995,10,205,4,"Others"
1995,10,210,9,"Others"
1995,10,215,6,"Others"
1995,10,220,8,"Others"
1995,10,225,1,"Others"
1995,10,230,1,"Others"
1995,10,235,1,"Others"
1995,10,240,1,"Others"
1995,10,260,1,"Others"
1995,10,270,1,"Others"
1996,10,50,2,"Others"
1996,10,65,13,"Others"
1996,10,70,22,"Others"
1996,10,75,27,"Others"
1996,10,80,41,"Others"
1996,10,85,40,"Others"
1996,10,90,39,"Others"
1996,10,95,54,"Others"
1996,10,100,38,"Others"
1996,10,105,42,"Others"
1996,10,110,46,"Others"
1996,10,115,45,"Others"
1996,10,120,30,"Others"
1996,10,125,40,"Others"
1996,10,130,45,"Others"
1996,10,135,30,"Others"
1996,10,140,34,"Others"
1996,10,145,27,"Others"
1996,10,150,25,"Others"
1996,10,155,24,"Others"
1996,10,160,23,"Others"
1996,10,165,19,"Others"
1996,10,170,23,"Others"
1996,10,175,21,"Others"
1996,10,180,25,"Others"
1996,10,185,16,"Others"
1996,10,190,13,"Others"
1996,10,195,17,"Others"
1996,10,200,11,"Others"
1996,10,205,8,"Others"
1996,10,210,12,"Others"
1996,10,215,5,"Others"
1996,10,220,9,"Others"
1996,10,225,6,"Others"
1996,10,230,3,"Others"
1996,10,235,2,"Others"
1996,10,240,2,"Others"
1996,10,245,4,"Others"
1996,10,260,1,"Others"
1997,10,75,5,"Others"
1997,10,80,6,"Others"
1997,10,85,23,"Others"
1997,10,90,35,"Others"
1997,10,95,41,"Others"
1997,10,100,61,"Others"
1997,10,105,54,"Others"
1997,10,110,59,"Others"
1997,10,115,69,"Others"
1997,10,120,66,"Others"
1997,10,125,46,"Others"
1997,10,130,35,"Others"
1997,10,135,30,"Others"
1997,10,140,30,"Others"
1997,10,145,21,"Others"
1997,10,150,9,"Others"
1997,10,155,16,"Others"
1997,10,160,17,"Others"
1997,10,165,13,"Others"
1997,10,170,6,"Others"
1997,10,175,13,"Others"
1997,10,180,12,"Others"
1997,10,185,14,"Others"
1997,10,190,10,"Others"
1997,10,195,16,"Others"
1997,10,200,15,"Others"
1997,10,205,13,"Others"
1997,10,210,14,"Others"
1997,10,215,9,"Others"
1997,10,220,1,"Others"
1997,10,230,3,"Others"
1997,10,235,1,"Others"
1997,10,250,3,"Others"
1997,10,255,8,"Others"
1997,10,260,11,"Others"
1998,10,70,4,"Others"
1998,10,75,3,"Others"
1998,10,80,6,"Others"
1998,10,85,6,"Others"
1998,10,90,19,"Others"
1998,10,95,21,"Others"
1998,10,100,15,"Others"
1998,10,105,23,"Others"
1998,10,110,21,"Others"
1998,10,115,33,"Others"
1998,10,120,25,"Others"
1998,10,125,33,"Others"
1998,10,130,12,"Others"
1998,10,135,18,"Others"
1998,10,140,13,"Others"
1998,10,145,18,"Others"
1998,10,150,15,"Others"
1998,10,155,11,"Others"
1998,10,160,18,"Others"
1998,10,165,17,"Others"
1998,10,170,21,"Others"
1998,10,175,19,"Others"
1998,10,180,14,"Others"
1998,10,185,6,"Others"
1998,10,190,3,"Others"
1998,10,195,9,"Others"
1998,10,200,5,"Others"
1998,10,205,5,"Others"
1998,10,210,5,"Others"
1998,10,215,6,"Others"
1998,10,220,7,"Others"
1998,10,225,4,"Others"
1998,10,230,6,"Others"
1998,10,235,5,"Others"
1998,10,240,5,"Others"
1998,10,245,6,"Others"
1998,10,250,15,"Others"
1998,10,255,5,"Others"
1998,10,260,3,"Others"
1998,10,265,1,"Others"
1999,10,60,4,"Others"
1999,10,70,9,"Others"
1999,10,75,10,"Others"
1999,10,80,31,"Others"
1999,10,85,44,"Others"
1999,10,90,47,"Others"
1999,10,95,46,"Others"
1999,10,100,74,"Others"
1999,10,105,51,"Others"
1999,10,110,24,"Others"
1999,10,115,27,"Others"
1999,10,120,27,"Others"
1999,10,125,27,"Others"
1999,10,130,25,"Others"
1999,10,135,31,"Others"
1999,10,140,42,"Others"
1999,10,145,19,"Others"
1999,10,150,15,"Others"
1999,10,155,21,"Others"
1999,10,160,12,"Others"
1999,10,165,16,"Others"
1999,10,170,30,"Others"
1999,10,175,32,"Others"
1999,10,180,30,"Others"
1999,10,185,10,"Others"
1999,10,190,19,"Others"
1999,10,195,18,"Others"
1999,10,200,20,"Others"
1999,10,205,6,"Others"
1999,10,210,11,"Others"
1999,10,215,7,"Others"
1999,10,220,5,"Others"
1999,10,225,1,"Others"
1999,10,230,5,"Others"
1999,10,235,1,"Others"
1999,10,240,2,"Others"
1999,10,245,1,"Others"
1999,10,300,1,"Others"
2000,10,50,2,"Others"
2000,10,70,1,"Others"
2000,10,80,10,"Others"
2000,10,85,14,"Others"
2000,10,90,12,"Others"
2000,10,95,19,"Others"
2000,10,100,43,"Others"
2000,10,105,42,"Others"
2000,10,110,38,"Others"
2000,10,115,32,"Others"
2000,10,120,45,"Others"
2000,10,125,52,"Others"
2000,10,130,33,"Others"
2000,10,135,23,"Others"
2000,10,140,21,"Others"
2000,10,145,21,"Others"
2000,10,150,20,"Others"
2000,10,155,9,"Others"
2000,10,160,15,"Others"
2000,10,165,11,"Others"
2000,10,170,14,"Others"
2000,10,175,32,"Others"
2000,10,180,36,"Others"
2000,10,185,32,"Others"
2000,10,190,36,"Others"
2000,10,195,8,"Others"
2000,10,200,14,"Others"
2000,10,205,9,"Others"
2000,10,210,8,"Others"
2000,10,215,4,"Others"
2000,10,220,9,"Others"
2000,10,225,4,"Others"
2000,10,230,4,"Others"
2000,10,235,4,"Others"
2000,10,240,2,"Others"
2000,10,245,3,"Others"
2000,10,260,2,"Others"
2001,10,60,1,"Others"
2001,10,75,1,"Others"
2001,10,80,11,"Others"
2001,10,85,21,"Others"
2001,10,90,20,"Others"
2001,10,95,25,"Others"
2001,10,100,20,"Others"
2001,10,105,19,"Others"
2001,10,110,24,"Others"
2001,10,115,21,"Others"
2001,10,120,42,"Others"
2001,10,125,45,"Others"
2001,10,130,45,"Others"
2001,10,135,23,"Others"
2001,10,140,26,"Others"
2001,10,145,30,"Others"
2001,10,150,30,"Others"
2001,10,155,25,"Others"
2001,10,160,14,"Others"
2001,10,165,14,"Others"
2001,10,170,16,"Others"
2001,10,175,8,"Others"
2001,10,180,18,"Others"
2001,10,185,13,"Others"
2001,10,190,7,"Others"
2001,10,195,8,"Others"
2001,10,200,13,"Others"
2001,10,205,7,"Others"
2001,10,210,9,"Others"
2001,10,215,2,"Others"
2001,10,220,10,"Others"
2001,10,225,4,"Others"
2001,10,230,2,"Others"
2001,10,235,1,"Others"
2001,10,240,2,"Others"
2001,10,245,2,"Others"
2001,10,250,2,"Others"
2001,10,260,1,"Others"
2001,10,275,1,"Others"
2001,10,285,1,"Others"
2002,10,70,2,"Others"
2002,10,75,4,"Others"
2002,10,80,19,"Others"
2002,10,85,8,"Others"
2002,10,90,13,"Others"
2002,10,95,19,"Others"
2002,10,100,35,"Others"
2002,10,105,47,"Others"
2002,10,110,70,"Others"
2002,10,115,72,"Others"
2002,10,120,110,"Others"
2002,10,125,80,"Others"
2002,10,130,88,"Others"
2002,10,135,50,"Others"
2002,10,140,41,"Others"
2002,10,145,24,"Others"
2002,10,150,34,"Others"
2002,10,155,28,"Others"
2002,10,160,54,"Others"
2002,10,165,28,"Others"
2002,10,170,31,"Others"
2002,10,175,43,"Others"
2002,10,180,36,"Others"
2002,10,185,26,"Others"
2002,10,190,22,"Others"
2002,10,195,28,"Others"
2002,10,200,23,"Others"
2002,10,205,9,"Others"
2002,10,210,14,"Others"
2002,10,215,3,"Others"
2002,10,220,12,"Others"
2002,10,225,5,"Others"
2002,10,230,7,"Others"
2002,10,235,4,"Others"
2002,10,240,10,"Others"
2002,10,245,4,"Others"
2002,10,250,1,"Others"
2002,10,260,3,"Others"
2002,10,265,4,"Others"
2002,10,270,2,"Others"
2003,10,50,4,"Others"
2003,10,55,1,"Others"
2003,10,70,8,"Others"
2003,10,75,8,"Others"
2003,10,80,82,"Others"
2003,10,85,49,"Others"
2003,10,90,112,"Others"
2003,10,95,91,"Others"
2003,10,100,38,"Others"
2003,10,105,21,"Others"
2003,10,110,36,"Others"
2003,10,115,47,"Others"
2003,10,120,77,"Others"
2003,10,125,37,"Others"
2003,10,130,57,"Others"
2003,10,135,33,"Others"
2003,10,140,51,"Others"
2003,10,145,64,"Others"
2003,10,150,69,"Others"
2003,10,155,65,"Others"
2003,10,160,102,"Others"
2003,10,165,49,"Others"
2003,10,170,64,"Others"
2003,10,175,38,"Others"
2003,10,180,64,"Others"
2003,10,185,32,"Others"
2003,10,190,47,"Others"
2003,10,195,22,"Others"
2003,10,200,49,"Others"
2003,10,205,28,"Others"
2003,10,210,31,"Others"
2003,10,215,17,"Others"
2003,10,220,28,"Others"
2003,10,225,10,"Others"
2003,10,230,20,"Others"
2003,10,235,6,"Others"
2003,10,240,14,"Others"
2003,10,245,10,"Others"
2003,10,250,6,"Others"
2003,10,255,2,"Others"
2003,10,260,2,"Others"
2003,10,265,2,"Others"
2004,10,70,3,"Others"
2004,10,75,2,"Others"
2004,10,80,4,"Others"
2004,10,85,15,"Others"
2004,10,90,30,"Others"
2004,10,95,28,"Others"
2004,10,100,49,"Others"
2004,10,105,35,"Others"
2004,10,110,45,"Others"
2004,10,115,58,"Others"
2004,10,120,75,"Others"
2004,10,125,54,"Others"
2004,10,130,32,"Others"
2004,10,135,26,"Others"
2004,10,140,19,"Others"
2004,10,145,11,"Others"
2004,10,150,11,"Others"
2004,10,155,10,"Others"
2004,10,160,7,"Others"
2004,10,165,7,"Others"
2004,10,170,12,"Others"
2004,10,175,14,"Others"
2004,10,180,20,"Others"
2004,10,185,15,"Others"
2004,10,190,16,"Others"
2004,10,195,8,"Others"
2004,10,200,7,"Others"
2004,10,205,6,"Others"
2004,10,210,6,"Others"
2004,10,215,5,"Others"
2004,10,220,9,"Others"
2004,10,225,4,"Others"
2004,10,230,4,"Others"
2004,10,235,5,"Others"
2004,10,240,4,"Others"
2004,10,245,2,"Others"
2004,10,250,6,"Others"
2004,10,255,1,"Others"
2004,10,270,1,"Others"
2004,10,290,1,"Others"
2005,10,115,1,"Others"
2005,10,120,1,"Others"
2005,10,125,1,"Others"
2005,10,130,2,"Others"
2005,10,140,2,"Others"
2005,10,150,1,"Others"
2005,10,155,1,"Others"
2005,10,160,5,"Others"
2005,10,165,2,"Others"
2005,10,170,5,"Others"
2005,10,175,3,"Others"
2005,10,180,3,"Others"
2005,10,185,1,"Others"
2005,10,190,3,"Others"
2005,10,195,1,"Others"
2005,10,200,5,"Others"
2005,10,220,2,"Others"
2006,10,40,1,"Others"
2006,10,65,1,"Others"
2006,10,80,3,"Others"
2006,10,85,9,"Others"
2006,10,90,22,"Others"
2006,10,95,31,"Others"
2006,10,100,26,"Others"
2006,10,105,25,"Others"
2006,10,110,44,"Others"
2006,10,115,12,"Others"
2006,10,120,28,"Others"
2006,10,125,39,"Others"
2006,10,130,23,"Others"
2006,10,135,18,"Others"
2006,10,140,18,"Others"
2006,10,145,15,"Others"
2006,10,150,22,"Others"
2006,10,155,21,"Others"
2006,10,160,25,"Others"
2006,10,165,33,"Others"
2006,10,170,28,"Others"
2006,10,175,34,"Others"
2006,10,180,34,"Others"
2006,10,185,24,"Others"
2006,10,190,39,"Others"
2006,10,195,20,"Others"
2006,10,200,29,"Others"
2006,10,205,10,"Others"
2006,10,210,15,"Others"
2006,10,215,13,"Others"
2006,10,220,9,"Others"
2006,10,225,4,"Others"
2006,10,230,4,"Others"
2006,10,235,3,"Others"
2006,10,240,1,"Others"
2006,10,245,3,"Others"
2006,10,250,1,"Others"
2006,10,255,1,"Others"
2006,10,270,1,"Others"
2006,10,280,1,"Others"
2006,10,290,1,"Others"
2007,10,150,1,"Others"
2007,10,170,2,"Others"
2007,10,190,4,"Others"
2007,10,195,2,"Others"
2007,10,200,6,"Others"
2007,10,220,4,"Others"
2007,10,225,1,"Others"
2007,10,230,4,"Others"
2007,10,235,1,"Others"
2007,10,240,1,"Others"
2007,10,245,1,"Others"
2007,10,250,2,"Others"
2007,10,270,1,"Others"
2007,10,275,1,"Others"
2009,10,105,1,"Others"
2009,10,150,1,"Others"
2009,10,155,1,"Others"
2009,10,160,2,"Others"
2009,10,170,2,"Others"
2009,10,175,2,"Others"
2009,10,190,3,"Others"
2009,10,195,3,"Others"
2009,10,200,8,"Others"
2009,10,210,1,"Others"
2009,10,220,4,"Others"
2009,10,225,1,"Others"
2009,10,230,5,"Others"
2009,10,235,1,"Others"
2009,10,240,2,"Others"
2009,10,300,1,"Others"
2014,10,45,2,"Others"
2014,10,50,17,"Others"
2014,10,55,15,"Others"
2014,10,60,2,"Others"
2014,10,65,4,"Others"
2014,10,70,7,"Others"
2014,10,75,1,"Others"
2014,10,80,5,"Others"
2014,10,85,7,"Others"
2014,10,90,10,"Others"
2014,10,95,7,"Others"
2014,10,100,43,"Others"
2014,10,105,12,"Others"
2014,10,110,41,"Others"
2014,10,115,13,"Others"
2014,10,120,16,"Others"
2014,10,125,25,"Others"
2014,10,130,35,"Others"
2014,10,135,10,"Others"
2014,10,140,19,"Others"
2014,10,145,26,"Others"
2014,10,150,26,"Others"
2014,10,155,22,"Others"
2014,10,160,17,"Others"
2014,10,165,48,"Others"
2014,10,170,58,"Others"
2014,10,175,54,"Others"
2014,10,180,43,"Others"
2014,10,185,50,"Others"
2014,10,190,33,"Others"
2014,10,195,21,"Others"
2014,10,200,20,"Others"
2014,10,205,14,"Others"
2014,10,210,12,"Others"
2014,10,215,4,"Others"
2014,10,220,5,"Others"
2014,10,225,2,"Others"
2014,10,230,10,"Others"
2014,10,235,1,"Others"
2014,10,240,4,"Others"
2014,10,255,1,"Others"
2014,10,260,2,"Others"
2017,10,75,1,"Others"
2017,10,95,2,"Others"
2017,10,100,1,"Others"
2017,10,105,11,"Others"
2017,10,110,2,"Others"
2017,10,115,2,"Others"
2017,10,120,7,"Others"
2017,10,125,12,"Others"
2017,10,130,5,"Others"
2017,10,135,12,"Others"
2017,10,140,5,"Others"
2017,10,145,5,"Others"
2017,10,150,5,"Others"
2017,10,155,10,"Others"
2017,10,160,5,"Others"
2017,10,165,9,"Others"
2017,10,170,12,"Others"
2017,10,175,13,"Others"
2017,10,180,4,"Others"
2017,10,185,9,"Others"
2017,10,190,2,"Others"
2017,10,195,2,"Others"
2017,10,200,2,"Others"
2017,10,205,6,"Others"
2017,10,210,1,"Others"
2017,10,215,6,"Others"
2017,10,220,6,"Others"
2017,10,225,4,"Others"
2017,10,240,2,"Others"
2017,10,245,1,"Others"
2017,10,300,1,"Others"
2020,10,210,1,"Others"
2023,10,150,1,"Others"
2023,10,175,1,"Others"
2023,10,215,1,"Others"
